controller,scenario,force_rmse_n,peak_force_n,tangent_rmse_mm,orientation_rmse_deg,contact_ratio_pct,torque_rms_nm,saturation_pct,controller_p95_us
impedance,nominal,8.977348658546587,15.562618407614217,3.2575858006297977,0.6199687175226166,100.0,24.050680147590636,0.0,63.974599999999995
admittance,nominal,0.9383323592691043,26.778872985331034,9.293350309220063,0.4083136992203783,100.0,24.80133406349451,0.0,79.25725
hybrid,nominal,0.9512368995775585,26.722799416483923,9.549300622155858,0.40439272092838496,100.0,24.832332674827473,0.0,84.50165
impedance,stiff_wall,8.979968650956142,19.553415584201794,3.257537508739926,0.619909837487277,100.0,24.04993077589995,0.0,56.5316
admittance,stiff_wall,0.9775524091607776,34.28046825520776,9.291649183580498,0.40826533943100773,100.0,24.789639502854705,0.0,78.73235
hybrid,stiff_wall,1.0140915721211026,32.555863784995964,9.547705344551666,0.40426338135322326,100.0,24.82001247043188,0.0,86.48405
impedance,noisy_delay,8.987334657297437,18.595035739239805,2.4062259591078305,0.6234699570425197,100.0,24.067971284406216,0.0,58.8101
admittance,noisy_delay,0.9665186442575726,28.01854845944574,8.48533805695534,0.4158861668204932,100.0,24.84930676573952,0.0,76.8951
hybrid,noisy_delay,0.9549136592495727,28.127023014344626,8.748645858713031,0.4122784231981363,100.0,24.877793807394653,0.0,90.95819999999999
