profile,arm,case_index,scenario,simulation_seed,controller_yaw_deg,wall_yaw_deg,wall_time_constant_s,tool_mass_kg,has_raw_contact,force_rmse_n,peak_force_n,tangent_rmse_mm,contact_ratio_pct,saturation_pct,orientation_rmse_deg,measurement_rmse_n,seconds_over_35_n,first_raw_contact_time_s,max_geometric_separation_um,mean_true_tangent_force_n,median_true_friction_ratio,legacy_metric_max_abs_error,repair_pass,failed_repair_checks
legacy,world_safe_adaptive,0,surface_dev_00,11,0.0,-15.0,0.005,0.1,True,12.037188075662272,32.058679552129824,13.288009164215921,54.733333333333334,0.0,0.51113044599247,12.491679833321022,0.0,0.544,50.84368226964883,5.776373309637321,0.45,0.0,no,contact_ratio;raw_force_rmse
legacy,world_safe_adaptive,1,surface_dev_01,29,0.0,-15.0,0.005,0.1,True,12.030672839365561,31.987399921510963,13.286242774632498,54.666666666666664,0.0,0.5113251481607068,12.488227771105715,0.0,0.544,45.145526787002815,5.768780675513754,0.45,0.0,no,contact_ratio;raw_force_rmse
legacy,world_safe_adaptive,2,surface_dev_02,11,0.0,-15.0,0.005,0.13,True,12.133983090090677,32.167396473888246,13.29041135759537,54.400000000000006,0.0,0.5111800088536869,12.586789091129186,0.0,0.544,43.09931976738402,5.780695151851479,0.45,0.0,no,contact_ratio;raw_force_rmse
legacy,world_safe_adaptive,3,surface_dev_03,29,0.0,-15.0,0.005,0.13,True,12.11916036612783,32.21571691325779,13.293564557819103,54.333333333333336,0.0,0.511521543509054,12.574111379699662,0.0,0.544,51.18147438169102,5.768096480807384,0.45,0.0,no,contact_ratio;raw_force_rmse
legacy,world_safe_adaptive,4,surface_dev_04,11,0.0,-15.0,0.012,0.1,True,10.324104446559707,26.803676829264077,13.290125602257204,61.86666666666667,0.0,0.5115431825253686,10.7025872868262,0.0,0.544,38.148328992824304,5.774686399209766,0.45,0.0,no,contact_ratio;raw_force_rmse
legacy,world_safe_adaptive,5,surface_dev_05,29,0.0,-15.0,0.012,0.1,True,10.321376078486667,26.400609830344337,13.288832918176878,61.93333333333333,0.0,0.5116863175384738,10.695099528066326,0.0,0.544,37.64373600433773,5.770423748742004,0.45,0.0,no,contact_ratio;raw_force_rmse
legacy,world_safe_adaptive,6,surface_dev_06,11,0.0,-15.0,0.012,0.13,True,10.40380963674892,26.73550541818795,13.297076083567884,61.6,0.0,0.5115406699190441,10.778238566656025,0.0,0.544,41.09354320853964,5.780901020397535,0.45,0.0,no,contact_ratio;raw_force_rmse
legacy,world_safe_adaptive,7,surface_dev_07,29,0.0,-15.0,0.012,0.13,True,10.398164292169222,26.932967742128806,13.291483668854791,61.53333333333333,0.0,0.5118370725018853,10.772367025682648,0.0,0.544,39.962181529649975,5.767001964419643,0.45,0.0,no,contact_ratio;raw_force_rmse
legacy,world_safe_adaptive,8,surface_dev_08,11,0.0,0.0,0.005,0.1,True,11.83853319696042,32.29268033899436,11.771366271236149,52.800000000000004,0.0,0.41021949673490665,12.354135805668042,0.0,0.5740000000000001,45.315146678291676,5.428345669522062,0.45,0.0,no,contact_ratio;raw_force_rmse
legacy,world_safe_adaptive,9,surface_dev_09,29,0.0,0.0,0.005,0.1,True,11.822669140322876,32.34074138278787,11.766735222458541,52.800000000000004,0.0,0.4105927024007872,12.33882202783909,0.0,0.5740000000000001,45.54440768497064,5.419893986688273,0.45,0.0,no,contact_ratio;raw_force_rmse
legacy,world_safe_adaptive,10,surface_dev_10,11,0.0,0.0,0.005,0.13,True,11.921838699755298,32.32360841135715,11.77414011978834,52.46666666666666,0.0,0.41033081008754746,12.436723445989875,0.0,0.5740000000000001,45.06739611211813,5.429290422923446,0.45,0.0,no,contact_ratio;raw_force_rmse
legacy,world_safe_adaptive,11,surface_dev_11,29,0.0,0.0,0.005,0.13,True,11.912453260696454,32.33579894157944,11.769714103487576,52.400000000000006,0.0,0.41067327370170736,12.426993226214627,0.0,0.5740000000000001,39.774209151598185,5.41598491361063,0.45,0.0,no,contact_ratio;raw_force_rmse
legacy,world_safe_adaptive,12,surface_dev_12,11,0.0,0.0,0.012,0.1,True,10.13358051677812,25.863289856510402,11.771349928704952,60.0,0.0,0.410366393581942,10.571038536541998,0.0,0.5740000000000001,40.94797529032718,5.42834813983786,0.45,0.0,no,contact_ratio;raw_force_rmse
legacy,world_safe_adaptive,13,surface_dev_13,29,0.0,0.0,0.012,0.1,True,10.124337041260533,26.53225059797655,11.767357332808535,59.93333333333334,0.0,0.41077979690181804,10.564246866510427,0.0,0.5740000000000001,39.83273401760717,5.416851465204516,0.45,0.0,no,contact_ratio;raw_force_rmse
legacy,world_safe_adaptive,14,surface_dev_14,11,0.0,0.0,0.012,0.13,True,10.211992021729465,27.27775192711746,11.77413612432791,59.66666666666667,0.0,0.4105006823765623,10.648051271457273,0.0,0.5740000000000001,37.75662101720284,5.430545610653817,0.45,0.0,no,contact_ratio;raw_force_rmse
legacy,world_safe_adaptive,15,surface_dev_15,29,0.0,0.0,0.012,0.13,True,10.210098789283377,26.147381031463173,11.77036409337089,59.53333333333334,0.0,0.4107936307445165,10.645902915152263,0.0,0.5740000000000001,40.510440728856736,5.413074035603463,0.45,0.0,no,contact_ratio;raw_force_rmse
legacy,world_safe_adaptive,16,surface_dev_16,11,0.0,15.0,0.005,0.1,True,11.79187342776676,31.78886130600438,12.469626967095758,54.333333333333336,0.0,0.38013034871162155,12.250441474341939,0.0,0.542,48.78369503244842,5.4746800876982595,0.45,0.0,no,contact_ratio;raw_force_rmse
legacy,world_safe_adaptive,17,surface_dev_17,29,0.0,15.0,0.005,0.1,True,11.773854394919942,32.2523928726523,12.462047055510986,54.266666666666666,0.0,0.3804513419095109,12.23382700045045,0.0,0.544,44.68022630116364,5.461296109407154,0.45,0.0,no,contact_ratio;raw_force_rmse
legacy,world_safe_adaptive,18,surface_dev_18,11,0.0,15.0,0.005,0.13,True,11.860272285956817,31.46724723048749,12.472568634262982,54.0,0.0,0.38023135394146806,12.32118866234636,0.0,0.544,40.57892208875202,5.475752877080073,0.45,0.0,no,contact_ratio;raw_force_rmse
legacy,world_safe_adaptive,19,surface_dev_19,29,0.0,15.0,0.005,0.13,True,11.859016153254538,33.96071452197767,12.46492649503327,53.93333333333333,0.0,0.3806405829519897,12.317024891061333,0.0,0.544,44.526605944537195,5.461671843177742,0.45,0.0,no,contact_ratio;raw_force_rmse
legacy,world_safe_adaptive,20,surface_dev_20,11,0.0,15.0,0.012,0.1,True,10.11402022467621,27.031275078327553,12.473954152625318,61.199999999999996,0.0,0.38021822439208286,10.496162334512343,0.0,0.542,33.69969484987717,5.4775234677423725,0.45,0.0,no,contact_ratio;raw_force_rmse
legacy,world_safe_adaptive,21,surface_dev_21,29,0.0,15.0,0.012,0.1,True,10.113093636963836,27.19619903380213,12.462283896687818,61.199999999999996,0.0,0.38060982029565754,10.48982746867281,0.0,0.544,42.49684215295105,5.4640891829636145,0.45,0.0,no,contact_ratio;raw_force_rmse
legacy,world_safe_adaptive,22,surface_dev_22,11,0.0,15.0,0.012,0.13,True,10.19498828230885,27.306373859978148,12.472532937311966,60.93333333333333,0.0,0.3804018457502506,10.571815494607634,0.0,0.544,42.14173066413932,5.478788306678531,0.45,0.0,no,contact_ratio;raw_force_rmse
legacy,world_safe_adaptive,23,surface_dev_23,29,0.0,15.0,0.012,0.13,True,10.17767973703948,27.182930412551524,12.460226332251597,60.86666666666667,0.0,0.38076287502482137,10.556303046596502,0.0,0.544,39.70207175381032,5.462432107387863,0.45,0.0,no,contact_ratio;raw_force_rmse
legacy,surface_exact,0,surface_dev_00,11,-15.0,-15.0,0.005,0.1,True,11.631217740215455,31.605351521206384,11.840455375113603,53.800000000000004,0.0,0.5222033272637061,12.137144852730708,0.0,0.544,46.87044799522519,5.449225125714581,0.45,0.0,no,contact_ratio;raw_force_rmse
legacy,surface_exact,1,surface_dev_01,29,-15.0,-15.0,0.005,0.1,True,11.62074362629664,31.653860836718334,11.83933379508109,53.733333333333334,0.0,0.5224380884698104,12.125094506697932,0.0,0.546,42.54387525663705,5.434464811066925,0.45,0.0,no,contact_ratio;raw_force_rmse
legacy,surface_exact,2,surface_dev_02,11,-15.0,-15.0,0.005,0.13,True,11.723427356264766,31.768917648590527,11.843293235458619,53.400000000000006,0.0,0.5222635496451455,12.227395502017771,0.0,0.544,47.67447166990901,5.446651358334895,0.45,0.0,no,contact_ratio;raw_force_rmse
legacy,surface_exact,3,surface_dev_03,29,-15.0,-15.0,0.005,0.13,True,11.716068591565874,33.68591127179185,11.842338239134897,53.400000000000006,0.0,0.5225798311341736,12.219658999281217,0.0,0.546,50.695218331238415,5.4388733348744465,0.45,0.0,no,contact_ratio;raw_force_rmse
legacy,surface_exact,4,surface_dev_04,11,-15.0,-15.0,0.012,0.1,True,9.965973029313698,26.78949194980627,11.841533478357675,60.86666666666667,0.0,0.5225531004641526,10.396509520706234,0.0,0.544,46.0296549081099,5.444532111395044,0.45,0.0,no,contact_ratio;raw_force_rmse
legacy,surface_exact,5,surface_dev_05,29,-15.0,-15.0,0.012,0.1,True,9.972172010391416,26.981698857658984,11.838475432714953,60.93333333333333,0.0,0.5227477506171543,10.395767154183414,0.0,0.546,37.914095689421664,5.438866575169152,0.45,0.0,no,contact_ratio;raw_force_rmse
legacy,surface_exact,6,surface_dev_06,11,-15.0,-15.0,0.012,0.13,True,10.04455588437039,27.146448868170314,11.843628157345485,60.6,0.0,0.5225055845491501,10.469774126065664,0.0,0.544,42.129687003053526,5.447429966273644,0.45,0.0,no,contact_ratio;raw_force_rmse
legacy,surface_exact,7,surface_dev_07,29,-15.0,-15.0,0.012,0.13,True,10.037664107634265,26.81687376183079,11.842746412543933,60.53333333333333,0.0,0.5227597407384004,10.462905103969849,0.0,0.546,38.653372550209035,5.435688920646943,0.45,0.0,no,contact_ratio;raw_force_rmse
legacy,surface_exact,8,surface_dev_08,11,0.0,0.0,0.005,0.1,True,11.83853319696042,32.29268033899436,11.771366271236149,52.800000000000004,0.0,0.41021949673490665,12.354135805668042,0.0,0.5740000000000001,45.315146678291676,5.428345669522062,0.45,0.0,no,contact_ratio;raw_force_rmse
legacy,surface_exact,9,surface_dev_09,29,0.0,0.0,0.005,0.1,True,11.822669140322876,32.34074138278787,11.766735222458541,52.800000000000004,0.0,0.4105927024007872,12.33882202783909,0.0,0.5740000000000001,45.54440768497064,5.419893986688273,0.45,0.0,no,contact_ratio;raw_force_rmse
legacy,surface_exact,10,surface_dev_10,11,0.0,0.0,0.005,0.13,True,11.921838699755298,32.32360841135715,11.77414011978834,52.46666666666666,0.0,0.41033081008754746,12.436723445989875,0.0,0.5740000000000001,45.06739611211813,5.429290422923446,0.45,0.0,no,contact_ratio;raw_force_rmse
legacy,surface_exact,11,surface_dev_11,29,0.0,0.0,0.005,0.13,True,11.912453260696454,32.33579894157944,11.769714103487576,52.400000000000006,0.0,0.41067327370170736,12.426993226214627,0.0,0.5740000000000001,39.774209151598185,5.41598491361063,0.45,0.0,no,contact_ratio;raw_force_rmse
legacy,surface_exact,12,surface_dev_12,11,0.0,0.0,0.012,0.1,True,10.13358051677812,25.863289856510402,11.771349928704952,60.0,0.0,0.410366393581942,10.571038536541998,0.0,0.5740000000000001,40.94797529032718,5.42834813983786,0.45,0.0,no,contact_ratio;raw_force_rmse
legacy,surface_exact,13,surface_dev_13,29,0.0,0.0,0.012,0.1,True,10.124337041260533,26.53225059797655,11.767357332808535,59.93333333333334,0.0,0.41077979690181804,10.564246866510427,0.0,0.5740000000000001,39.83273401760717,5.416851465204516,0.45,0.0,no,contact_ratio;raw_force_rmse
legacy,surface_exact,14,surface_dev_14,11,0.0,0.0,0.012,0.13,True,10.211992021729465,27.27775192711746,11.77413612432791,59.66666666666667,0.0,0.4105006823765623,10.648051271457273,0.0,0.5740000000000001,37.75662101720284,5.430545610653817,0.45,0.0,no,contact_ratio;raw_force_rmse
legacy,surface_exact,15,surface_dev_15,29,0.0,0.0,0.012,0.13,True,10.210098789283377,26.147381031463173,11.77036409337089,59.53333333333334,0.0,0.4107936307445165,10.645902915152263,0.0,0.5740000000000001,40.510440728856736,5.413074035603463,0.45,0.0,no,contact_ratio;raw_force_rmse
legacy,surface_exact,16,surface_dev_16,11,15.0,15.0,0.005,0.1,True,11.73565361354483,34.05502822172508,11.812969143187049,53.06666666666666,0.0,0.3812284319153614,12.246248129239158,0.0,0.544,46.863090771401964,5.398736437382373,0.45,0.0,no,contact_ratio;raw_force_rmse
legacy,surface_exact,17,surface_dev_17,29,15.0,15.0,0.005,0.1,True,11.716988337676431,33.99562142452323,11.805989241091234,53.06666666666666,0.0,0.3816562935148594,12.22769768265482,0.0,0.544,44.21780965463765,5.389967205025169,0.45,0.0,no,contact_ratio;raw_force_rmse
legacy,surface_exact,18,surface_dev_18,11,15.0,15.0,0.005,0.13,True,11.813198447135276,32.311241781221796,11.815381484793658,52.733333333333334,0.0,0.3814285596605731,12.323198235623805,0.0,0.544,43.43233274894942,5.39912195715795,0.45,0.0,no,contact_ratio;raw_force_rmse
legacy,surface_exact,19,surface_dev_19,29,15.0,15.0,0.005,0.13,True,11.798593538919597,33.8504362186138,11.808825040599507,52.666666666666664,0.0,0.3818169507359665,12.308658916563129,0.0,0.544,46.49757552792344,5.386720181946219,0.45,0.0,no,contact_ratio;raw_force_rmse
legacy,surface_exact,20,surface_dev_20,11,15.0,15.0,0.012,0.1,True,10.05067172354229,27.336458573743723,11.812489384849092,60.266666666666666,0.0,0.3812991190566452,10.482231137906023,0.0,0.544,37.0144899894051,5.403753939637402,0.45,0.0,no,contact_ratio;raw_force_rmse
legacy,surface_exact,21,surface_dev_21,29,15.0,15.0,0.012,0.1,True,10.04332189491421,27.46656569437938,11.805305030924092,60.13333333333334,0.0,0.38179271590522645,10.476125319184547,0.0,0.544,39.295896830316565,5.3861662120234035,0.45,0.0,no,contact_ratio;raw_force_rmse
legacy,surface_exact,22,surface_dev_22,11,15.0,15.0,0.012,0.13,True,10.125050663775141,27.385313254377568,11.815781997551005,59.86666666666667,0.0,0.38138825838997636,10.557328152911888,0.0,0.544,38.186843471083726,5.402457376397836,0.45,0.0,no,contact_ratio;raw_force_rmse
legacy,surface_exact,23,surface_dev_23,29,15.0,15.0,0.012,0.13,True,10.11769542321723,27.520909073240155,11.808253028174413,59.86666666666667,0.0,0.38183769182169797,10.548188138968246,0.0,0.544,44.172822168914855,5.39255204547717,0.45,0.0,no,contact_ratio;raw_force_rmse
legacy,surface_minus5,0,surface_dev_00,11,-20.0,-15.0,0.005,0.1,True,11.618638626371613,31.539742327331133,11.84543677692463,53.86666666666666,0.0,0.5220897248853331,12.123405653767223,0.0,0.544,45.5095799659147,5.4315742579812385,0.45,0.0,no,contact_ratio;raw_force_rmse
legacy,surface_minus5,1,surface_dev_01,29,-20.0,-15.0,0.005,0.1,True,11.607425473381898,32.668502986272664,11.844278285745009,53.93333333333333,0.0,0.5222968471578957,12.110329192050347,0.0,0.546,46.88612434166489,5.4274419610581095,0.45,0.0,no,contact_ratio;raw_force_rmse
legacy,surface_minus5,2,surface_dev_02,11,-20.0,-15.0,0.005,0.13,True,11.693097784164804,32.61492406603988,11.84776428593689,53.6,0.0,0.5221845030747506,12.195353048377811,0.0,0.544,45.70281620054975,5.435729922737353,0.45,0.0,no,contact_ratio;raw_force_rmse
legacy,surface_minus5,3,surface_dev_03,29,-20.0,-15.0,0.005,0.13,True,11.696612893809414,31.750734808058432,11.847127910825808,53.6,0.0,0.5222570717771094,12.196426425777032,0.0,0.546,45.7056288578582,5.425784020728077,0.45,0.0,no,contact_ratio;raw_force_rmse
legacy,surface_minus5,4,surface_dev_04,11,-20.0,-15.0,0.012,0.1,True,9.964983352614357,27.128709356770717,11.844290639845342,61.133333333333326,0.0,0.5222256751544844,10.384999314057001,0.0,0.544,42.66435235699903,5.4373924095254536,0.45,0.0,no,contact_ratio;raw_force_rmse
legacy,surface_minus5,5,surface_dev_05,29,-20.0,-15.0,0.012,0.1,True,9.959078583809955,27.176643414357784,11.843636135105335,61.06666666666667,0.0,0.5225287295736176,10.379920049781873,0.0,0.546,41.3094855376897,5.42604362058544,0.45,0.0,no,contact_ratio;raw_force_rmse
legacy,surface_minus5,6,surface_dev_06,11,-20.0,-15.0,0.012,0.13,True,10.04005025089012,27.75634866638629,11.847651237695123,60.73333333333333,0.0,0.522416167067496,10.462963599070235,0.0,0.544,40.07946837619042,5.438276319235697,0.45,0.0,no,contact_ratio;raw_force_rmse
legacy,surface_minus5,7,surface_dev_07,29,-20.0,-15.0,0.012,0.13,True,10.028502977406664,27.196594899482506,11.845862086257858,60.73333333333333,0.0,0.5227329445706742,10.450205403487228,0.0,0.546,41.10148466736352,5.4284342887497985,0.45,0.0,no,contact_ratio;raw_force_rmse
legacy,surface_minus5,8,surface_dev_08,11,-5.0,0.0,0.005,0.1,True,11.812712511091261,31.622696323123616,11.75832972525093,52.93333333333333,0.0,0.4105107072746711,12.32343966269411,0.0,0.5740000000000001,43.21355651201036,5.409611260877377,0.45,0.0,no,contact_ratio;raw_force_rmse
legacy,surface_minus5,9,surface_dev_09,29,-5.0,0.0,0.005,0.1,True,11.805169806770312,32.070652008753655,11.753321245673442,52.93333333333333,0.0,0.41091312079733633,12.312397166767548,0.0,0.5740000000000001,44.79295384526155,5.396190314001319,0.45,0.0,no,contact_ratio;raw_force_rmse
legacy,surface_minus5,10,surface_dev_10,11,-5.0,0.0,0.005,0.13,True,11.895941675163668,32.46443411746727,11.760963416120171,52.6,0.0,0.41069230130222406,12.404359216464057,0.0,0.5740000000000001,41.23292163157183,5.4081080634719925,0.45,0.0,no,contact_ratio;raw_force_rmse
legacy,surface_minus5,11,surface_dev_11,29,-5.0,0.0,0.005,0.13,True,11.888034718813461,32.352455850140196,11.756155474304817,52.666666666666664,0.0,0.4109648656572936,12.394185467507974,0.0,0.5740000000000001,42.34721509479428,5.402582531497975,0.45,0.0,no,contact_ratio;raw_force_rmse
legacy,surface_minus5,12,surface_dev_12,11,-5.0,0.0,0.012,0.1,True,10.1212903069136,26.926263993485104,11.758031901604808,60.06666666666667,0.0,0.41077408255689596,10.55336247426395,0.0,0.5740000000000001,38.51808477885882,5.40955760147613,0.45,0.0,no,contact_ratio;raw_force_rmse
legacy,surface_minus5,13,surface_dev_13,29,-5.0,0.0,0.012,0.1,True,10.108126809427576,26.8838144305941,11.753322873502274,60.06666666666667,0.0,0.4110462474309812,10.539609730009314,0.0,0.5740000000000001,42.07828451976287,5.401104348770913,0.45,0.0,no,contact_ratio;raw_force_rmse
legacy,surface_minus5,14,surface_dev_14,11,-5.0,0.0,0.012,0.13,True,10.190829227322075,27.3245120266504,11.76064044127133,59.8,0.0,0.41083165488544116,10.620443543985516,0.0,0.5740000000000001,38.9862688990536,5.414299170237198,0.45,0.0,no,contact_ratio;raw_force_rmse
legacy,surface_minus5,15,surface_dev_15,29,-5.0,0.0,0.012,0.13,True,10.183803026670404,26.948122815286613,11.756199644458908,59.66666666666667,0.0,0.41115221772098426,10.617121318228538,0.0,0.5740000000000001,36.697562816899456,5.4001395235305205,0.45,0.0,no,contact_ratio;raw_force_rmse
legacy,surface_minus5,16,surface_dev_16,11,10.0,15.0,0.005,0.1,True,11.688389783463656,33.620048709666435,11.778964448734955,53.266666666666666,0.0,0.3818000534182001,12.190656105710355,0.0,0.544,49.653057307665755,5.38200728294057,0.45,0.0,no,contact_ratio;raw_force_rmse
legacy,surface_minus5,17,surface_dev_17,29,10.0,15.0,0.005,0.1,True,11.686221833463463,32.43756798369514,11.771121953583096,53.266666666666666,0.0,0.38208058083865815,12.185131427661593,0.0,0.544,45.61165927071883,5.37238092618064,0.45,0.0,no,contact_ratio;raw_force_rmse
legacy,surface_minus5,18,surface_dev_18,11,10.0,15.0,0.005,0.13,True,11.790525072634363,32.602571458160995,11.781560385629884,52.86666666666666,0.0,0.381805229475124,12.292169523017739,0.0,0.544,45.16944327571937,5.3829752403984,0.45,0.0,no,contact_ratio;raw_force_rmse
legacy,surface_minus5,19,surface_dev_19,29,10.0,15.0,0.005,0.13,True,11.765084802263727,32.5321613516825,11.773686940854606,52.86666666666666,0.0,0.3822881503377577,12.267858888791991,0.0,0.544,46.26646104788357,5.375326684535686,0.45,0.0,no,contact_ratio;raw_force_rmse
legacy,surface_minus5,20,surface_dev_20,11,10.0,15.0,0.012,0.1,True,10.020398217427672,26.826285936756907,11.779167524362208,60.333333333333336,0.0,0.38185539408343094,10.44395408208921,0.0,0.544,41.14260812551965,5.384710759820988,0.45,0.0,no,contact_ratio;raw_force_rmse
legacy,surface_minus5,21,surface_dev_21,29,10.0,15.0,0.012,0.1,True,10.014347422950857,27.201189784880572,11.769927207974522,60.266666666666666,0.0,0.38223243427053755,10.437518584772286,0.0,0.544,36.4519801322391,5.369750648099541,0.45,0.0,no,contact_ratio;raw_force_rmse
legacy,surface_minus5,22,surface_dev_22,11,10.0,15.0,0.012,0.13,True,10.097374470485754,27.32957340033967,11.781159936013731,60.0,0.0,0.3819165341193673,10.51847556138409,0.0,0.544,39.40753342561096,5.3848867929808755,0.45,0.0,no,contact_ratio;raw_force_rmse
legacy,surface_minus5,23,surface_dev_23,29,10.0,15.0,0.012,0.13,True,10.091532977791198,27.16825654088201,11.772642024094091,59.86666666666667,0.0,0.38237252725272675,10.514958723162598,0.0,0.544,41.86226794948914,5.367480414219303,0.45,0.0,no,contact_ratio;raw_force_rmse
legacy,surface_plus5,0,surface_dev_00,11,-10.0,-15.0,0.005,0.1,True,11.702240799985411,32.26265866049548,12.063735829397123,53.800000000000004,0.0,0.520407736384171,12.204432781133542,0.0,0.544,47.79760811881445,5.505144933661851,0.45,0.0,no,contact_ratio;raw_force_rmse
legacy,surface_plus5,1,surface_dev_01,29,-10.0,-15.0,0.005,0.1,True,11.703688235764863,31.15156943609115,12.062883154152985,53.86666666666666,0.0,0.5206847399845382,12.201912338712729,0.0,0.546,45.807661532552835,5.498959430216761,0.45,0.0,no,contact_ratio;raw_force_rmse
legacy,surface_plus5,2,surface_dev_02,11,-10.0,-15.0,0.005,0.13,True,11.80067225897231,31.59534025365139,12.06678387438827,53.53333333333333,0.0,0.5204009224653682,12.29700400462882,0.0,0.544,46.15426644450499,5.507749540947088,0.45,0.0,no,contact_ratio;raw_force_rmse
legacy,surface_plus5,3,surface_dev_03,29,-10.0,-15.0,0.005,0.13,True,11.792901441075353,32.782254407547825,12.065631671618178,53.46666666666666,0.0,0.5207155968669114,12.290725633051073,0.0,0.546,50.32847341672822,5.4992304658949855,0.45,0.0,no,contact_ratio;raw_force_rmse
legacy,surface_plus5,4,surface_dev_04,11,-10.0,-15.0,0.012,0.1,True,10.02275079918834,26.04850388415234,12.06561133055501,61.06666666666667,0.0,0.5207268140459779,10.444237280529954,0.0,0.544,40.103244502372874,5.507626220323883,0.45,0.0,no,contact_ratio;raw_force_rmse
legacy,surface_plus5,5,surface_dev_05,29,-10.0,-15.0,0.012,0.1,True,10.015720600450766,26.377171339799315,12.064363201513993,61.0,0.0,0.5210105960269862,10.440086133040568,0.0,0.546,36.44327290807173,5.498034675435916,0.45,0.0,no,contact_ratio;raw_force_rmse
legacy,surface_plus5,6,surface_dev_06,11,-10.0,-15.0,0.012,0.13,True,10.109618342167504,26.90331865047797,12.06645772949993,60.66666666666667,0.0,0.5208023753902461,10.528987957708758,0.0,0.544,35.005350168773596,5.504916459487888,0.45,0.0,no,contact_ratio;raw_force_rmse
legacy,surface_plus5,7,surface_dev_07,29,-10.0,-15.0,0.012,0.13,True,10.09524939894304,26.780422316442575,12.067710140364216,60.66666666666667,0.0,0.5210376069440874,10.51635221311187,0.0,0.546,46.983347610687204,5.499176977551084,0.45,0.0,no,contact_ratio;raw_force_rmse
legacy,surface_plus5,8,surface_dev_08,11,5.0,0.0,0.005,0.1,True,11.927960627556953,31.02041065066942,12.013277414735578,52.86666666666666,0.0,0.4080803222265322,12.438287768748545,0.0,0.5740000000000001,40.5553267220013,5.484773148798671,0.45,0.0,no,contact_ratio;raw_force_rmse
legacy,surface_plus5,9,surface_dev_09,29,5.0,0.0,0.005,0.1,True,11.90481509620491,31.622544519864054,12.008655675333054,52.800000000000004,0.0,0.408497675169677,12.418540683633008,0.0,0.5740000000000001,45.53796383485048,5.474347742784538,0.45,0.0,no,contact_ratio;raw_force_rmse
legacy,surface_plus5,10,surface_dev_10,11,5.0,0.0,0.005,0.13,True,11.999540060542268,32.55174648443777,12.014718744291159,52.53333333333333,0.0,0.4082479398282207,12.512386066709785,0.0,0.5740000000000001,46.31594814443613,5.4894413414802425,0.45,0.0,no,contact_ratio;raw_force_rmse
legacy,surface_plus5,11,surface_dev_11,29,5.0,0.0,0.005,0.13,True,11.984808785770358,32.29061659066582,12.010071602308392,52.46666666666666,0.0,0.40855206538185507,12.49849034551239,0.0,0.5740000000000001,39.13740987195741,5.479545099998179,0.45,0.0,no,contact_ratio;raw_force_rmse
legacy,surface_plus5,12,surface_dev_12,11,5.0,0.0,0.012,0.1,True,10.206211686866217,26.99892810476341,12.013944722973504,60.06666666666667,0.0,0.40829782584447954,10.642357080677781,0.0,0.5740000000000001,41.50835142060355,5.487954392009361,0.45,0.0,no,contact_ratio;raw_force_rmse
legacy,surface_plus5,13,surface_dev_13,29,5.0,0.0,0.012,0.1,True,10.199259825693142,27.26233394394021,12.009402978902793,60.06666666666667,0.0,0.40858741263636805,10.631541346277471,0.0,0.5740000000000001,36.599669744417916,5.476601898441599,0.45,0.0,no,contact_ratio;raw_force_rmse
legacy,surface_plus5,14,surface_dev_14,11,5.0,0.0,0.012,0.13,True,10.288050683003243,26.69547567854953,12.016246264432827,59.73333333333334,0.0,0.40832611063420976,10.72177902098049,0.0,0.5740000000000001,43.16822963664618,5.488959497626652,0.45,0.0,no,contact_ratio;raw_force_rmse
legacy,surface_plus5,15,surface_dev_15,29,5.0,0.0,0.012,0.13,True,10.269732325972955,26.17157060207803,12.012304855533483,59.73333333333334,0.0,0.40869993061709786,10.704342433545786,0.0,0.5740000000000001,38.34470627574888,5.481498464983457,0.45,0.0,no,contact_ratio;raw_force_rmse
legacy,surface_plus5,16,surface_dev_16,11,20.0,15.0,0.005,0.1,True,11.825319604926559,32.64140586009984,12.074704783581693,53.266666666666666,0.0,0.3797289674315932,12.331788721405086,0.0,0.544,46.46291977177669,5.467166342645918,0.45,0.0,no,contact_ratio;raw_force_rmse
legacy,surface_plus5,17,surface_dev_17,29,20.0,15.0,0.005,0.1,True,11.816177513048315,32.66978072045399,12.068689059318897,53.2,0.0,0.3800041350847436,12.32383810582446,0.0,0.544,41.530841193217206,5.454193487349216,0.45,0.0,no,contact_ratio;raw_force_rmse
legacy,surface_plus5,18,surface_dev_18,11,20.0,15.0,0.005,0.13,True,11.909848875320469,32.98272216709158,12.07813713746538,52.86666666666666,0.0,0.3797135965570262,12.418773440112561,0.0,0.544,39.7758582255138,5.469846627956324,0.45,0.0,no,contact_ratio;raw_force_rmse
legacy,surface_plus5,19,surface_dev_19,29,20.0,15.0,0.005,0.13,True,11.8988440264787,32.3495888048998,12.072472740624818,52.800000000000004,0.0,0.38010874669887496,12.407930971179805,0.0,0.544,40.29484360850225,5.454584397852469,0.45,0.0,no,contact_ratio;raw_force_rmse
legacy,surface_plus5,20,surface_dev_20,11,20.0,15.0,0.012,0.1,True,10.125288957332302,26.42468472512483,12.076894353674916,60.4,0.0,0.3795876989879763,10.55895362179497,0.0,0.544,39.73395576637937,5.469352726089076,0.45,0.0,no,contact_ratio;raw_force_rmse
legacy,surface_plus5,21,surface_dev_21,29,20.0,15.0,0.012,0.1,True,10.114226707012351,26.522820571018798,12.069350103235578,60.333333333333336,0.0,0.38005411966589353,10.547966543373473,0.0,0.544,40.5007668759956,5.454843180617319,0.45,0.0,no,contact_ratio;raw_force_rmse
legacy,surface_plus5,22,surface_dev_22,11,20.0,15.0,0.012,0.13,True,10.202603671650262,26.63653571610187,12.079444944140837,60.0,0.0,0.3797382255021682,10.634390020809432,0.0,0.544,33.740010879641794,5.464136692030812,0.45,0.0,no,contact_ratio;raw_force_rmse
legacy,surface_plus5,23,surface_dev_23,29,20.0,15.0,0.012,0.13,True,10.196904979375532,26.762533791252253,12.072515847417925,59.93333333333334,0.0,0.3801593668272938,10.62940952060592,0.0,0.544,36.732529259043964,5.452071873985169,0.45,0.0,no,contact_ratio;raw_force_rmse
smooth,world_safe_adaptive,0,surface_dev_00,11,0.0,-15.0,0.005,0.1,True,1.50530096724444,14.446839328540428,13.334495626774453,100.0,0.0,0.5197015319913803,1.2884622288486107,0.0,0.544,0.0,5.773282519874694,0.45,,yes,
smooth,world_safe_adaptive,1,surface_dev_01,29,0.0,-15.0,0.005,0.1,True,1.4875383122616515,14.386329529108526,13.326443942175343,100.0,0.0,0.5199276735142844,1.2818633108810207,0.0,0.544,0.0,5.761790237437369,0.45,,yes,
smooth,world_safe_adaptive,2,surface_dev_02,11,0.0,-15.0,0.005,0.13,True,1.506995345286975,14.448523567471169,13.338054742699796,100.0,0.0,0.5197742369429899,1.2888609776069901,0.0,0.544,0.0,5.774249236905717,0.45,,yes,
smooth,world_safe_adaptive,3,surface_dev_03,29,0.0,-15.0,0.005,0.13,True,1.4892029396929927,14.38813268972532,13.329988168397886,100.0,0.0,0.5200012953846198,1.2822639093157133,0.0,0.544,0.0,5.76274843530214,0.45,,yes,
smooth,world_safe_adaptive,4,surface_dev_04,11,0.0,-15.0,0.012,0.1,True,1.5066711120142438,14.468878572922296,13.347093647344382,100.0,0.0,0.5203045227786519,1.2893769280450014,0.0,0.544,0.0,5.775021469465154,0.45,,yes,
smooth,world_safe_adaptive,5,surface_dev_05,29,0.0,-15.0,0.012,0.1,True,1.4888581018988252,14.391808995574927,13.339054225134051,100.0,0.0,0.5205310288796415,1.282774194592229,0.0,0.544,0.0,5.763583528747331,0.45,,yes,
smooth,world_safe_adaptive,6,surface_dev_06,11,0.0,-15.0,0.012,0.13,True,1.5083658035968048,14.470570213093659,13.350642867704082,100.0,0.0,0.5203757592111822,1.2897736300183062,0.0,0.544,0.0,5.775977381638596,0.45,,yes,
smooth,world_safe_adaptive,7,surface_dev_07,29,0.0,-15.0,0.012,0.13,True,1.4905239199369849,14.393664857209819,13.342589844276198,100.0,0.0,0.5206033342081005,1.2831735259879131,0.0,0.544,0.0,5.764532274452303,0.45,,yes,
smooth,world_safe_adaptive,8,surface_dev_08,11,0.0,0.0,0.005,0.1,True,0.16170201121178762,12.636585788580819,11.753903808698784,100.0,0.0,0.4253331943743285,0.20978947361642725,0.0,0.5740000000000001,0.0,5.422348373589098,0.45,,yes,
smooth,world_safe_adaptive,9,surface_dev_09,29,0.0,0.0,0.005,0.1,True,0.14908972181948435,12.622467681460728,11.74659028787708,100.0,0.0,0.42563810305943456,0.21510836712317738,0.0,0.5740000000000001,0.0,5.410530073516716,0.45,,yes,
smooth,world_safe_adaptive,10,surface_dev_10,11,0.0,0.0,0.005,0.13,True,0.16286691517462268,12.6377605415699,11.757046641556816,100.0,0.0,0.42538487445594936,0.2097291953820913,0.0,0.5740000000000001,0.0,5.423311072188015,0.45,,yes,
smooth,world_safe_adaptive,11,surface_dev_11,29,0.0,0.0,0.005,0.13,True,0.15001951999270155,12.623602954725857,11.749715569514013,100.0,0.0,0.4256905435815614,0.21505012380788294,0.0,0.5740000000000001,0.0,5.411482038375032,0.45,,yes,
smooth,world_safe_adaptive,12,surface_dev_12,11,0.0,0.0,0.012,0.1,True,0.16537254088790307,12.65162317449773,11.758882210107409,100.0,0.0,0.4257173808377085,0.21032247000802543,0.0,0.5740000000000001,0.0,5.424202856461147,0.45,,yes,
smooth,world_safe_adaptive,13,surface_dev_13,29,0.0,0.0,0.012,0.1,True,0.15182404096136187,12.628783970392217,11.75104979759688,100.0,0.0,0.4260317742637943,0.21562932954572872,0.0,0.5740000000000001,0.0,5.412108892233166,0.45,,yes,
smooth,world_safe_adaptive,14,surface_dev_14,11,0.0,0.0,0.012,0.13,True,0.16652624730416576,12.652757751384899,11.762009620501663,100.0,0.0,0.4257683977995422,0.21025784146342982,0.0,0.5740000000000001,0.0,5.425153902769139,0.45,,yes,
smooth,world_safe_adaptive,15,surface_dev_15,29,0.0,0.0,0.012,0.13,True,0.15274642273897132,12.629880561091165,11.754160363296775,100.0,0.0,0.4260835867213191,0.21556875722487723,0.0,0.5740000000000001,0.0,5.41304967592907,0.45,,yes,
smooth,world_safe_adaptive,16,surface_dev_16,11,0.0,15.0,0.005,0.1,True,1.5413838084371925,15.169839359394963,12.746034650470667,100.0,0.0,0.3960342750054827,1.2233515938152328,0.0,0.542,0.0,5.527168907999597,0.45,,yes,
smooth,world_safe_adaptive,17,surface_dev_17,29,0.0,15.0,0.005,0.1,True,1.53075023201761,15.219442065309885,12.730651553822812,100.0,0.0,0.3963692648056155,1.2191377357906428,0.0,0.544,0.0,5.51368475111311,0.45,,yes,
smooth,world_safe_adaptive,18,surface_dev_18,11,0.0,15.0,0.005,0.13,True,1.5422592003630722,15.17320435485615,12.748759920594326,100.0,0.0,0.3961106953754415,1.2237146386130617,0.0,0.544,0.0,5.527899710783544,0.45,,yes,
smooth,world_safe_adaptive,19,surface_dev_19,29,0.0,15.0,0.005,0.13,True,1.5315895662981565,15.222371849506041,12.733342006521314,100.0,0.0,0.3964460777230284,1.219498688452001,0.0,0.544,0.0,5.51440083332564,0.45,,yes,
smooth,world_safe_adaptive,20,surface_dev_20,11,0.0,15.0,0.012,0.1,True,1.54362236430318,15.200474160481164,12.750276840743442,100.0,0.0,0.3962518576345773,1.223567320906581,0.0,0.542,0.0,5.527536753046131,0.45,,yes,
smooth,world_safe_adaptive,21,surface_dev_21,29,0.0,15.0,0.012,0.1,True,1.5330000373195805,15.241867489341479,12.73483827720264,100.0,0.0,0.3965882829434223,1.219358079991784,0.0,0.544,0.0,5.514054196900478,0.45,,yes,
smooth,world_safe_adaptive,22,surface_dev_22,11,0.0,15.0,0.012,0.13,True,1.544487311138281,15.203213285100645,12.752993922153804,100.0,0.0,0.3963269956630995,1.2239283697665033,0.0,0.544,0.0,5.528258844515912,0.45,,yes,
smooth,world_safe_adaptive,23,surface_dev_23,29,0.0,15.0,0.012,0.13,True,1.5338289609023148,15.244577951081308,12.737522213702515,100.0,0.0,0.39666380997805384,1.2197169702766786,0.0,0.544,0.0,5.514761777516957,0.45,,yes,
smooth,surface_exact,0,surface_dev_00,11,-15.0,-15.0,0.005,0.1,True,0.19909314494761735,12.624059704727843,11.828995061078933,100.0,0.0,0.5321491458114765,0.20346831454496242,0.0,0.544,0.0,5.438424977103291,0.45,,yes,
smooth,surface_exact,1,surface_dev_01,29,-15.0,-15.0,0.005,0.1,True,0.18742090590158067,12.60758484833638,11.824237757705346,100.0,0.0,0.5323462539043617,0.20836082311656898,0.0,0.546,0.0,5.428059063454419,0.45,,yes,
smooth,surface_exact,2,surface_dev_02,11,-15.0,-15.0,0.005,0.13,True,0.2004422915916335,12.625197196463471,11.832130793854938,100.0,0.0,0.5322140854259954,0.2034156836243347,0.0,0.544,0.0,5.439352648817463,0.45,,yes,
smooth,surface_exact,3,surface_dev_03,29,-15.0,-15.0,0.005,0.13,True,0.18860887664851844,12.60869351098147,11.8273375893493,100.0,0.0,0.5324117006694147,0.20829941456395382,0.0,0.546,0.0,5.428964734335565,0.45,,yes,
smooth,surface_exact,4,surface_dev_04,11,-15.0,-15.0,0.012,0.1,True,0.20124124066885243,12.632031461236583,11.833606709840982,100.0,0.0,0.5326632540128239,0.20394837985274816,0.0,0.544,0.0,5.439977580782148,0.45,,yes,
smooth,surface_exact,5,surface_dev_05,29,-15.0,-15.0,0.012,0.1,True,0.19008541644562968,12.609429748505596,11.829326904838029,100.0,0.0,0.5328533754141205,0.20887716141110477,0.0,0.546,0.0,5.429918495134056,0.45,,yes,
smooth,surface_exact,6,surface_dev_06,11,-15.0,-15.0,0.012,0.13,True,0.20258380534104312,12.63314377380475,11.836724473723915,100.0,0.0,0.5327276525351355,0.2038927315891159,0.0,0.544,0.0,5.440892396300721,0.45,,yes,
smooth,surface_exact,7,surface_dev_07,29,-15.0,-15.0,0.012,0.13,True,0.19127370516293615,12.610598257024302,11.83241264897406,100.0,0.0,0.5329185066541505,0.20881462807842757,0.0,0.546,0.0,5.43081371705613,0.45,,yes,
smooth,surface_exact,8,surface_dev_08,11,0.0,0.0,0.005,0.1,True,0.16170201121178762,12.636585788580819,11.753903808698784,100.0,0.0,0.4253331943743285,0.20978947361642725,0.0,0.5740000000000001,0.0,5.422348373589098,0.45,,yes,
smooth,surface_exact,9,surface_dev_09,29,0.0,0.0,0.005,0.1,True,0.14908972181948435,12.622467681460728,11.74659028787708,100.0,0.0,0.42563810305943456,0.21510836712317738,0.0,0.5740000000000001,0.0,5.410530073516716,0.45,,yes,
smooth,surface_exact,10,surface_dev_10,11,0.0,0.0,0.005,0.13,True,0.16286691517462268,12.6377605415699,11.757046641556816,100.0,0.0,0.42538487445594936,0.2097291953820913,0.0,0.5740000000000001,0.0,5.423311072188015,0.45,,yes,
smooth,surface_exact,11,surface_dev_11,29,0.0,0.0,0.005,0.13,True,0.15001951999270155,12.623602954725857,11.749715569514013,100.0,0.0,0.4256905435815614,0.21505012380788294,0.0,0.5740000000000001,0.0,5.411482038375032,0.45,,yes,
smooth,surface_exact,12,surface_dev_12,11,0.0,0.0,0.012,0.1,True,0.16537254088790307,12.65162317449773,11.758882210107409,100.0,0.0,0.4257173808377085,0.21032247000802543,0.0,0.5740000000000001,0.0,5.424202856461147,0.45,,yes,
smooth,surface_exact,13,surface_dev_13,29,0.0,0.0,0.012,0.1,True,0.15182404096136187,12.628783970392217,11.75104979759688,100.0,0.0,0.4260317742637943,0.21562932954572872,0.0,0.5740000000000001,0.0,5.412108892233166,0.45,,yes,
smooth,surface_exact,14,surface_dev_14,11,0.0,0.0,0.012,0.13,True,0.16652624730416576,12.652757751384899,11.762009620501663,100.0,0.0,0.4257683977995422,0.21025784146342982,0.0,0.5740000000000001,0.0,5.425153902769139,0.45,,yes,
smooth,surface_exact,15,surface_dev_15,29,0.0,0.0,0.012,0.13,True,0.15274642273897132,12.629880561091165,11.754160363296775,100.0,0.0,0.4260835867213191,0.21556875722487723,0.0,0.5740000000000001,0.0,5.41304967592907,0.45,,yes,
smooth,surface_exact,16,surface_dev_16,11,15.0,15.0,0.005,0.1,True,0.18405042298814628,12.620729988248337,11.801780095865656,100.0,0.0,0.39526747945583535,0.20297444646518253,0.0,0.544,0.0,5.402324469072079,0.45,,yes,
smooth,surface_exact,17,surface_dev_17,29,15.0,15.0,0.005,0.1,True,0.1755141417515295,12.599041467799319,11.791575884976647,100.0,0.0,0.3956075184214987,0.20840370283625953,0.0,0.544,0.0,5.389275701909528,0.45,,yes,
smooth,surface_exact,18,surface_dev_18,11,15.0,15.0,0.005,0.13,True,0.18454114668449664,12.621832743060997,11.804806536138866,100.0,0.0,0.39533431409863123,0.2029121527964673,0.0,0.544,0.0,5.403223884562757,0.45,,yes,
smooth,surface_exact,19,surface_dev_19,29,15.0,15.0,0.005,0.13,True,0.17574927680732128,12.600152578081135,11.794599380739623,100.0,0.0,0.39567485328350627,0.20835061681572747,0.0,0.544,0.0,5.390173099625442,0.45,,yes,
smooth,surface_exact,20,surface_dev_20,11,15.0,15.0,0.012,0.1,True,0.1867531272752267,12.638381981456387,11.80636688446089,100.0,0.0,0.39549305165019344,0.2035108768963834,0.0,0.544,0.0,5.4039309876080965,0.45,,yes,
smooth,surface_exact,21,surface_dev_21,29,15.0,15.0,0.012,0.1,True,0.17809677188060943,12.612488486894364,11.796179743873726,100.0,0.0,0.3958359637624002,0.20892205897273183,0.0,0.544,0.0,5.3909177842996066,0.45,,yes,
smooth,surface_exact,22,surface_dev_22,11,15.0,15.0,0.012,0.13,True,0.187239038673398,12.639359469003512,11.809377992572083,100.0,0.0,0.3955585105362572,0.2034441232754864,0.0,0.544,0.0,5.404818989441301,0.45,,yes,
smooth,surface_exact,23,surface_dev_23,29,15.0,15.0,0.012,0.13,True,0.17833229261383077,12.613569433329904,11.799185139238112,100.0,0.0,0.39590173062981854,0.20886598282764365,0.0,0.544,0.0,5.391802222038402,0.45,,yes,
smooth,surface_minus5,0,surface_dev_00,11,-20.0,-15.0,0.005,0.1,True,0.49629834070770923,13.048149990299121,11.87197787529796,100.0,0.0,0.532501940479871,0.41307871867959056,0.0,0.544,0.0,5.431529136532914,0.45,,yes,
smooth,surface_minus5,1,surface_dev_01,29,-20.0,-15.0,0.005,0.1,True,0.4935342788898936,12.982799133394105,11.867644405472419,100.0,0.0,0.5326616362727886,0.4173863575285416,0.0,0.546,0.0,5.421569740993795,0.45,,yes,
smooth,surface_minus5,2,surface_dev_02,11,-20.0,-15.0,0.005,0.13,True,0.4968342885559201,13.050541679756638,11.87494802561002,100.0,0.0,0.5325655074815913,0.41316379115129914,0.0,0.544,0.0,5.432426772948879,0.45,,yes,
smooth,surface_minus5,3,surface_dev_03,29,-20.0,-15.0,0.005,0.13,True,0.4939850119170783,12.985099937321525,11.870573932250421,100.0,0.0,0.5327258256668255,0.41746522821271437,0.0,0.546,0.0,5.422443157478922,0.45,,yes,
smooth,surface_minus5,4,surface_dev_04,11,-20.0,-15.0,0.012,0.1,True,0.4982616039144776,13.07445744838056,11.875663001356152,100.0,0.0,0.532991169216633,0.4135096111396469,0.0,0.544,0.0,5.432864237702769,0.45,,yes,
smooth,surface_minus5,5,surface_dev_05,29,-20.0,-15.0,0.012,0.1,True,0.49551702911294565,13.010479883206882,11.871278481560928,100.0,0.0,0.5331472417941998,0.4178188663117964,0.0,0.546,0.0,5.422903071547123,0.45,,yes,
smooth,surface_minus5,6,surface_dev_06,11,-20.0,-15.0,0.012,0.13,True,0.4987935742099915,13.076809860690096,11.878616313803413,100.0,0.0,0.5330544389941848,0.41359383917990733,0.0,0.544,0.0,5.433749698063897,0.45,,yes,
smooth,surface_minus5,7,surface_dev_07,29,-20.0,-15.0,0.012,0.13,True,0.4959653191795259,13.012925361056768,11.874194575932705,100.0,0.0,0.5332112790619139,0.41789692337389994,0.0,0.546,0.0,5.423766202861688,0.45,,yes,
smooth,surface_minus5,8,surface_dev_08,11,-5.0,0.0,0.005,0.1,True,0.5294266833214933,13.113456094549402,11.790554599855668,100.0,0.0,0.4261120451937123,0.41781952694322794,0.0,0.5740000000000001,0.0,5.4152201620387865,0.45,,yes,
smooth,surface_minus5,9,surface_dev_09,29,-5.0,0.0,0.005,0.1,True,0.5258233305907248,13.076796299689933,11.782932615993182,100.0,0.0,0.4264130165250079,0.42048670293755763,0.0,0.5740000000000001,0.0,5.403481828007034,0.45,,yes,
smooth,surface_minus5,10,surface_dev_10,11,-5.0,0.0,0.005,0.13,True,0.5298426710446117,13.115985855288493,11.793525141127082,100.0,0.0,0.4261645201776906,0.41791085882525325,0.0,0.5740000000000001,0.0,5.4161498466642035,0.45,,yes,
smooth,surface_minus5,11,surface_dev_11,29,-5.0,0.0,0.005,0.13,True,0.526145011935517,13.079057250121092,11.785867298959271,100.0,0.0,0.42646576798244334,0.4205739560807868,0.0,0.5740000000000001,0.0,5.404390723138622,0.45,,yes,
smooth,surface_minus5,12,surface_dev_12,11,-5.0,0.0,0.012,0.1,True,0.5323207541822799,13.150438735102714,11.794734763757505,100.0,0.0,0.42648823952390835,0.41833522270155193,0.0,0.5740000000000001,0.0,5.416857427492313,0.45,,yes,
smooth,surface_minus5,13,surface_dev_13,29,-5.0,0.0,0.012,0.1,True,0.5279406764388646,13.117557414357556,11.786445738266568,100.0,0.0,0.42678950774869967,0.42097115312089284,0.0,0.5740000000000001,0.0,5.404815474120881,0.45,,yes,
smooth,surface_minus5,14,surface_dev_14,11,-5.0,0.0,0.012,0.13,True,0.5327331372035801,13.152735183264136,11.797689994892435,100.0,0.0,0.4265401592359819,0.4184243136968899,0.0,0.5740000000000001,0.0,5.417775428170155,0.45,,yes,
smooth,surface_minus5,15,surface_dev_15,29,-5.0,0.0,0.012,0.13,True,0.5282581860183826,13.12002318560214,11.789366045353217,100.0,0.0,0.4268417144098342,0.42105674978987917,0.0,0.5740000000000001,0.0,5.405713363766136,0.45,,yes,
smooth,surface_minus5,16,surface_dev_16,11,10.0,15.0,0.005,0.1,True,0.5744401637010881,13.2535224923632,11.827181290031756,100.0,0.0,0.3965212634513457,0.41654404740242346,0.0,0.544,0.0,5.3948250328206875,0.45,,yes,
smooth,surface_minus5,17,surface_dev_17,29,10.0,15.0,0.005,0.1,True,0.5710204218578926,13.26636951558474,11.817035078490166,100.0,0.0,0.3968923701183386,0.4173911753821737,0.0,0.544,0.0,5.382134194563259,0.45,,yes,
smooth,surface_minus5,18,surface_dev_18,11,10.0,15.0,0.005,0.13,True,0.5747126666180522,13.254848597991666,11.830019419426538,100.0,0.0,0.3965890524528977,0.4166389435893463,0.0,0.544,0.0,5.395682105011769,0.45,,yes,
smooth,surface_minus5,19,surface_dev_19,29,10.0,15.0,0.005,0.13,True,0.5712088026408283,13.268051197093712,11.819859521707029,100.0,0.0,0.3969605102654267,0.41748554731865206,0.0,0.544,0.0,5.382982863337789,0.45,,yes,
smooth,surface_minus5,20,surface_dev_20,11,10.0,15.0,0.012,0.1,True,0.5773526574985121,13.291074979772327,11.831354537335303,100.0,0.0,0.3967382466074837,0.4170808467159348,0.0,0.544,0.0,5.396424778174941,0.45,,yes,
smooth,surface_minus5,21,surface_dev_21,29,10.0,15.0,0.012,0.1,True,0.5732005848273031,13.279823283172696,11.820559538125075,100.0,0.0,0.3971089448946591,0.4179054263973457,0.0,0.544,0.0,5.383443262546844,0.45,,yes,
smooth,surface_minus5,22,surface_dev_22,11,10.0,15.0,0.012,0.13,True,0.5776193685001021,13.292608297957994,11.834176991396141,100.0,0.0,0.39680472132812905,0.41717269718494315,0.0,0.544,0.0,5.397270074179633,0.45,,yes,
smooth,surface_minus5,23,surface_dev_23,29,10.0,15.0,0.012,0.13,True,0.57338171881832,13.281169895155266,11.823362884769532,100.0,0.0,0.39717542082976054,0.41799700344778407,0.0,0.544,0.0,5.384277463391986,0.45,,yes,
smooth,surface_plus5,0,surface_dev_00,11,-10.0,-15.0,0.005,0.1,True,0.4559774448840443,12.82009838081962,12.044138520884992,100.0,0.0,0.5299607196576894,0.39534887634265076,0.0,0.544,0.0,5.4952604327161465,0.45,,yes,
smooth,surface_plus5,1,surface_dev_01,29,-10.0,-15.0,0.005,0.1,True,0.4424620603836909,12.765660141713951,12.038563330066822,100.0,0.0,0.530181759882616,0.39356317270229824,0.0,0.546,0.0,5.48440677170036,0.45,,yes,
smooth,surface_plus5,2,surface_dev_02,11,-10.0,-15.0,0.005,0.13,True,0.45735862098624086,12.821719442999491,12.04742850176186,100.0,0.0,0.5300278266382331,0.39543010029219444,0.0,0.544,0.0,5.496210210930015,0.45,,yes,
smooth,surface_plus5,3,surface_dev_03,29,-10.0,-15.0,0.005,0.13,True,0.4437628163467364,12.76714727780756,12.041821240192496,100.0,0.0,0.5302493339325189,0.3936395748536063,0.0,0.546,0.0,5.485336652529702,0.45,,yes,
smooth,surface_plus5,4,surface_dev_04,11,-10.0,-15.0,0.012,0.1,True,0.4567064923254164,12.830377902920027,12.050506889441971,100.0,0.0,0.5305029824371714,0.3957155829211566,0.0,0.544,0.0,5.496932752029136,0.45,,yes,
smooth,surface_plus5,5,surface_dev_05,29,-10.0,-15.0,0.012,0.1,True,0.44309095507339774,12.77546646913253,12.044948509599081,100.0,0.0,0.5307229216936821,0.39393529180445264,0.0,0.546,0.0,5.486124034782002,0.45,,yes,
smooth,surface_plus5,6,surface_dev_06,11,-10.0,-15.0,0.012,0.13,True,0.45809112970151505,12.831996815411816,12.053775811135298,100.0,0.0,0.530569088774408,0.39579339800069613,0.0,0.544,0.0,5.497867256845866,0.45,,yes,
smooth,surface_plus5,7,surface_dev_07,29,-10.0,-15.0,0.012,0.13,True,0.4443979478833801,12.777025108869156,12.048193502332193,100.0,0.0,0.5307899482307415,0.39401032941474956,0.0,0.546,0.0,5.487043895782641,0.45,,yes,
smooth,surface_plus5,8,surface_dev_08,11,5.0,0.0,0.005,0.1,True,0.3740794532533834,12.663864431976819,11.975943431219033,100.0,0.0,0.4227716297098564,0.3959505819935632,0.0,0.5740000000000001,0.0,5.479041012108103,0.45,,yes,
smooth,surface_plus5,9,surface_dev_09,29,5.0,0.0,0.005,0.1,True,0.35867004347397735,12.635524204355303,11.968666001415945,100.0,0.0,0.4231025444642686,0.39629600874756765,0.0,0.5740000000000001,0.0,5.467236634699457,0.45,,yes,
smooth,surface_plus5,10,surface_dev_10,11,5.0,0.0,0.005,0.13,True,0.3754895950570295,12.665057485433088,11.979254501891209,100.0,0.0,0.42282392090987636,0.39602414748714315,0.0,0.5740000000000001,0.0,5.48003217757415,0.45,,yes,
smooth,surface_plus5,11,surface_dev_11,29,5.0,0.0,0.005,0.13,True,0.3599870329443779,12.637116794302681,11.971974420542503,100.0,0.0,0.42315549163664024,0.3963726105374869,0.0,0.5740000000000001,0.0,5.468226815639418,0.45,,yes,
smooth,surface_plus5,12,surface_dev_12,11,5.0,0.0,0.012,0.1,True,0.3746258405428523,12.671128978422024,11.982681668653274,100.0,0.0,0.423171453522894,0.39637535503959964,0.0,0.5740000000000001,0.0,5.481080640627255,0.45,,yes,
smooth,surface_plus5,13,surface_dev_13,29,5.0,0.0,0.012,0.1,True,0.3591819255213306,12.644926258133378,11.975000331762352,100.0,0.0,0.42351086624775436,0.39666519103127845,0.0,0.5740000000000001,0.0,5.469021096945832,0.45,,yes,
smooth,surface_plus5,14,surface_dev_14,11,5.0,0.0,0.012,0.13,True,0.3760469998676935,12.672477098832138,11.9859799335281,100.0,0.0,0.4232230124690076,0.3964470404100938,0.0,0.5740000000000001,0.0,5.48206161586326,0.45,,yes,
smooth,surface_plus5,15,surface_dev_15,29,5.0,0.0,0.012,0.13,True,0.3605084763452272,12.646612079380713,11.978280359839513,100.0,0.0,0.42356276430499396,0.39673708542802827,0.0,0.5740000000000001,0.0,5.469990663189424,0.45,,yes,
smooth,surface_plus5,16,surface_dev_16,11,20.0,15.0,0.005,0.1,True,0.31631633794490327,12.643463641117437,12.03415032405965,100.0,0.0,0.39284577551517114,0.3932232328993784,0.0,0.544,0.0,5.459018022077523,0.45,,yes,
smooth,surface_plus5,17,surface_dev_17,29,20.0,15.0,0.005,0.1,True,0.3016662398754014,12.637124015849974,12.024750862316111,100.0,0.0,0.3932064121355929,0.39534889794213,0.0,0.544,0.0,5.446315735181396,0.45,,yes,
smooth,surface_plus5,18,surface_dev_18,11,20.0,15.0,0.005,0.13,True,0.31749922484427373,12.644618823073904,12.037348938459857,100.0,0.0,0.3929131919510182,0.39329095696943694,0.0,0.544,0.0,5.459950575572977,0.45,,yes,
smooth,surface_plus5,19,surface_dev_19,29,20.0,15.0,0.005,0.13,True,0.30273970373454157,12.638287721981376,12.027952711313294,100.0,0.0,0.39327432626977754,0.3954226612087061,0.0,0.544,0.0,5.447249895790311,0.45,,yes,
smooth,surface_plus5,20,surface_dev_20,11,20.0,15.0,0.012,0.1,True,0.31679535468865605,12.651907549206765,12.040482695599271,100.0,0.0,0.39307601548522353,0.3935927965342312,0.0,0.544,0.0,5.460769012889752,0.45,,yes,
smooth,surface_plus5,21,surface_dev_21,29,20.0,15.0,0.012,0.1,True,0.30196319057716503,12.646663649386962,12.0311309935429,100.0,0.0,0.3934400414307108,0.39569519935309766,0.0,0.544,0.0,5.448124902820058,0.45,,yes,
smooth,surface_plus5,22,surface_dev_22,11,20.0,15.0,0.012,0.13,True,0.3179852627294678,12.65303750718031,12.04366764512821,100.0,0.0,0.39314195014538694,0.3936572913748519,0.0,0.544,0.0,5.461690996268102,0.45,,yes,
smooth,surface_plus5,23,surface_dev_23,29,20.0,15.0,0.012,0.13,True,0.3029463323493401,12.650879988272319,12.03471765638626,100.0,0.0,0.3935012454999991,0.3958094809697032,0.0,0.544,0.0,5.4493214291721195,0.45,,yes,
