surface_yaw_deg,variant,case,arm,simulation_seed,rotation_gain_scale,window,window_start_s,window_end_s,dt_s,sample_count,moving_sample_count,undefined_direction_sample_count,controller_yaw_error_deg,tangent_rmse_mm,tangent_velocity_error_rms_m_s,tangent_p95_error_mm,window_peak_tangent_error_mm,tangent_error_above_threshold_fraction,tangent_error_above_threshold_pct,tangent_threshold_mm,moving_tangent_rmse_mm,along_track_rmse_mm,cross_track_rmse_mm,along_track_mean_mm,rolling_window_s,rolling_window_samples,rolling_window_count,rolling_window_pass_pct,first_qualifying_window_start_s,longest_qualifying_run_window_count,longest_qualifying_run_start_span_s,update_ready_after_compute_pct,coefficient_before_compute_min,coefficient_before_compute_max,coefficient_after_compute_min,coefficient_after_compute_max,coefficient_rate_max_abs_per_s,coefficient_rate_mean_per_s,coefficient_rate_nonzero_pct,window_peak_requested_tangential_force_n,requested_tangential_force_mean_n,window_peak_requested_force_true_normal_component_n,requested_force_true_normal_component_mean_abs_n,window_peak_true_normal_force_n,normal_force_error_rms_n,normal_force_error_mean_n,measured_minus_true_normal_force_mean_n,contact_ratio_pct,contact_force_floor_n,contact_blend_min,contact_blend_full_pct,orientation_error_rms_deg,window_peak_orientation_error_deg,torque_projection_scale_min,torque_projection_pct,actuator_clipped_pct,minimum_torque_headroom_nm,minimum_reserved_torque_headroom_nm,torque_reserve_fraction_each_side,compensation_active_pct,amplitude_capped_pct,slew_limited_pct,window_peak_corrected_force_n,corrected_force_mean_n
-15.0,combined,modest_combined,online,11,1.0,post,8.0,12.0,0.002,2000,2000,0,3.0,3.3325586657033037,0.0040810759282191526,4.260284927268399,4.272779828936591,0.554,55.400000000000006,3.0,3.3325586657033037,3.2863814347433578,0.5528510882040224,-3.1289104088385207,0.25,125,1876,44.18976545842217,0.0,829,1.6560000000000001,100.0,0.500499715606112,0.5092328306930824,0.500499715606112,0.5092328306930824,0.14681163533225572,0.002183278771742625,2.0,5.984317976910445,5.9794747696505866,0.313195003783447,0.241098488743563,11.79598567413369,0.7519492993052123,-0.6641754390583069,0.9046185797133133,100.0,0.5,1.0,100.0,0.28362245763336885,0.38280430363211354,1.0,0.0,0.0,5.721009991027678,4.521009991027679,0.05,100.0,98.0,0.0,12.205032888318776,12.027891674055848
-15.0,combined,modest_combined,online,11,1.0,early_post,8.0,8.5,0.002,250,250,0,3.0,2.337786181161644,0.004209903922325594,2.8411249941557797,2.9357572589115715,0.0,0.0,3.0,2.337786181161644,2.1385519561448,0.9443726805131503,-2.1303622959078234,0.25,125,126,100.0,0.0,126,0.25,100.0,0.500499715606112,0.5081487412483627,0.500499715606112,0.5081487412483627,0.14681163533225572,0.015298051284501568,13.600000000000001,5.984286635324408,5.981690795599938,0.3128383104121796,0.2972937320228134,11.045116387715614,1.133694206761023,-1.131952037066838,1.2549934750635783,100.0,0.5,1.0,100.0,0.3118227072580181,0.3379581826614199,1.0,0.0,0.0,6.568054357844398,5.368054357844398,0.05,100.0,86.4,0.0,12.067225549934857,11.910489971397583
-15.0,combined,modest_combined,online,11,1.0,late_post,10.0,12.0,0.002,1000,1000,0,3.0,4.103317100611353,0.00441908223531095,4.266841017156042,4.272779828936591,1.0,100.0,3.0,4.103317100611353,4.071259551766141,0.5119149248874527,-4.067689297838475,0.25,125,876,0.0,,0,0.0,100.0,0.5092328306930824,0.5092328306930824,0.5092328306930824,0.5092328306930824,0.0,0.0,0.0,5.984317976910445,5.980276415436067,0.313195003783447,0.2574466402349278,11.79598567413369,0.3514815377281283,-0.3451895571560511,0.6351472914429264,100.0,0.5,1.0,100.0,0.24970240937982838,0.38280430363211354,1.0,0.0,0.0,6.013618070610195,4.813618070610196,0.05,100.0,100.0,0.0,12.205032888318776,12.077406267687715
-15.0,no_yaw_error,modest_combined,online,11,1.0,post,8.0,12.0,0.002,2000,2000,0,0.0,3.0896896202211805,0.004059744575999109,3.3566559976332107,3.828805872638421,0.6555,65.55,3.0,3.0896896202211805,3.0377595626887053,0.5640911172814461,-3.034765485860828,0.25,125,1876,35.927505330490405,0.5060000000000002,496,0.99,100.0,0.4999555632183849,0.5085941267850086,0.4999555632183849,0.5085941267850086,0.23350178147985012,0.00215964089165592,1.05,5.984360762996737,5.979605128557485,2.5152118589881863e-16,8.702287927688459e-17,11.438811043995605,0.7215504310018368,-0.7181241545048054,0.9475875828731544,100.0,0.5,1.0,100.0,0.2836376052647214,0.3831355474115762,1.0,0.0,0.0,5.684627992760545,4.4846279927605455,0.05,100.0,98.95,0.0,12.168826451190279,12.018674367248346
-15.0,no_yaw_error,modest_combined,online,11,1.0,early_post,8.0,8.5,0.002,250,250,0,0.0,3.3119923617372584,0.00470851184672594,3.7172848427868126,3.828805872638421,1.0,100.0,3.0,3.3119923617372584,3.199387557555119,0.8562783780800671,-3.1959059139567407,0.25,125,126,0.0,,0,0.0,100.0,0.4999555632183849,0.5077862921754719,0.4999555632183849,0.5077862921754719,0.23350178147985012,0.01566145791417395,7.6,5.98432940970301,5.982434722660567,2.429026638500961e-16,1.0774093363498522e-16,11.372709166679941,0.7985876214075445,-0.7963315574055678,0.9517160536533913,100.0,0.5,1.0,100.0,0.3118514751047236,0.3492448360978483,1.0,0.0,0.0,6.483357708007552,5.283357708007553,0.05,100.0,92.4,0.0,12.126962311575088,11.94459543512782
-15.0,no_yaw_error,modest_combined,online,11,1.0,late_post,10.0,12.0,0.002,1000,1000,0,0.0,3.134503953122739,0.004083000699917958,3.3455648159229874,3.3607410221550307,0.802,80.2,3.0,3.134503953122739,3.0799026535621556,0.5825072331936094,-3.0790147372797874,0.25,125,876,20.319634703196346,0.9719999999999995,178,0.354,100.0,0.5085941267850086,0.5085941267850086,0.5085941267850086,0.5085941267850086,0.0,0.0,0.0,5.984360762996737,5.980311884307384,2.5152118589881863e-16,9.470948053145029e-17,11.438811043995605,0.6782358871603974,-0.6771493216530542,0.9477867569986607,100.0,0.5,1.0,100.0,0.25021408018883934,0.3831355474115762,1.0,0.0,0.0,6.059229874214823,4.859229874214824,0.05,100.0,100.0,0.0,12.168826451190279,12.059848374225602
-15.0,no_bias,modest_combined,online,11,1.0,post,8.0,12.0,0.002,2000,2000,0,3.0,4.201931790380261,0.0051245186503396664,5.2482831306565645,5.261601759492987,0.7185,71.85000000000001,3.0,4.201931790380261,4.119868009140357,0.8263887452465284,-3.9792743735479794,0.25,125,1876,29.58422174840085,0.19400000000000084,555,1.108,100.0,0.506399572162442,0.510447121857562,0.506399572162442,0.510447121857562,0.188995735199593,0.0010118874237800002,0.65,5.984317976910445,5.979603894271883,0.313195003783447,0.24110487817151174,12.572894942346338,0.38878682417722216,0.07578124542597249,0.15448245074206074,100.0,0.5,1.0,100.0,0.27886349773342484,0.3738926162863709,1.0,0.0,0.0,5.462076927142343,4.262076927142344,0.05,100.0,99.35000000000001,0.0,12.200201085252973,12.017712229568874
-15.0,no_bias,modest_combined,online,11,1.0,early_post,8.0,8.5,0.002,250,250,0,3.0,3.1526233798929426,0.004866718374734449,3.625093188558808,3.710263867461733,0.62,62.0,3.0,3.1526233798929426,2.895760751380982,1.246436458953705,-2.890613400953381,0.25,125,126,23.015873015873016,0.19400000000000084,29,0.056,100.0,0.506399572162442,0.5098686714866463,0.506399572162442,0.5098686714866463,0.188995735199593,0.0069381986484085,4.3999999999999995,5.984286635324408,5.982606308651533,0.3128383104121796,0.2973387019368497,11.73324344152631,0.44056232555125674,-0.43654293289613866,0.5233446787439743,100.0,0.5,1.0,100.0,0.3015657916333637,0.3233778584991177,1.0,0.0,0.0,6.3922831785191825,5.192283178519183,0.05,100.0,95.6,0.0,12.020040085588915,11.874250279248677
-15.0,no_bias,modest_combined,online,11,1.0,late_post,10.0,12.0,0.002,1000,1000,0,3.0,5.074882190203659,0.005579051077957789,5.255824575023457,5.261601759492987,1.0,100.0,3.0,5.074882190203659,4.985086763669929,0.9504415832281116,-4.980827428887617,0.25,125,876,0.0,,0,0.0,100.0,0.510447121857562,0.510447121857562,0.510447121857562,0.510447121857562,0.0,0.0,0.0,5.984317976910445,5.980276415436067,0.313195003783447,0.2574466402349278,12.572894942346338,0.4280944052378351,0.4221725434590409,-0.13320257255576334,100.0,0.5,1.0,100.0,0.24838573219127158,0.3738926162863709,1.0,0.0,0.0,5.748786619827376,4.548786619827377,0.05,100.0,100.0,0.0,12.200201085252973,12.076418504304119
-15.0,constant_initial_friction,modest_combined,online,11,1.0,post,8.0,12.0,0.002,2000,2000,0,3.0,1.1310039776430039,0.001879858461171713,1.7470628780286295,1.7670399438714637,0.0,0.0,3.0,1.1310039776430039,0.5309422771365438,0.9986342152126363,-0.19994829866793729,0.25,125,1876,100.0,0.0,1876,3.75,100.0,0.2916318908213874,0.3817275017583189,0.2916318908213874,0.3817275017583189,0.11113054712719173,0.011092590159865719,100.0,4.60881077493527,4.035382101125345,0.23837887678486097,0.16437064979959706,11.608711785118242,0.7109050110828864,-0.6801086568649667,0.9189094654208897,100.0,0.5,1.0,100.0,0.3982787081093153,0.5230483379534908,1.0,0.0,0.0,6.3362472106416,5.136247210641601,0.05,100.0,0.0,0.0,12.195120017187065,12.026249341956763
-15.0,constant_initial_friction,modest_combined,online,11,1.0,early_post,8.0,8.5,0.002,250,250,0,3.0,0.32674876839614897,0.0016219673202015044,0.42390146710393467,0.43578054133883337,0.0,0.0,3.0,0.32674876839614897,0.24427013863931638,0.21701810297191657,0.2213708631961195,0.25,125,126,100.0,0.0,126,0.25,100.0,0.3128558195668461,0.33503387770578696,0.3127977612203298,0.3349345231782367,0.08817723863202565,-0.044472232970914294,100.0,4.003812915225408,3.856281865243128,0.19592840355591248,0.19146708833451043,11.132068666765743,0.9711302827687535,-0.970210002852786,1.0966372164204377,100.0,0.5,1.0,100.0,0.423337978163331,0.4516002791236073,1.0,0.0,0.0,6.647652444064609,5.44765244406461,0.05,100.0,0.0,0.0,12.026505164974417,11.913875746968493
-15.0,constant_initial_friction,modest_combined,online,11,1.0,late_post,10.0,12.0,0.002,1000,1000,0,3.0,1.1130646477911907,0.002060402071399471,1.6197327928751977,1.705631495139602,0.0,0.0,3.0,1.1130646477911907,0.5246216916109132,0.9816745850096311,-0.1508278661119436,0.25,125,876,100.0,0.0,876,1.75,100.0,0.3211661484238392,0.3817275017583189,0.3212791826649231,0.3817275017583189,0.11113054712719173,0.029119044960705304,100.0,4.60881077493527,4.410734164639693,0.23837887678486097,0.19104766504750129,11.608711785118242,0.5042113587424726,-0.502014017221711,0.7863393600211711,100.0,0.5,1.0,100.0,0.3748606029829706,0.5230483379534908,1.0,0.0,0.0,6.549716437633001,5.349716437633002,0.05,100.0,0.0,0.0,12.195120017187065,12.071773876200298
0.0,combined,modest_combined,online,11,1.0,post,8.0,12.0,0.002,2000,2000,0,3.0,3.2627450602066217,0.003970305738081095,4.1985206147442575,4.216520407448317,0.5505,55.05,3.0,3.2627450602066217,3.2057240120841217,0.6073210734446798,-3.043318564783634,0.25,125,1876,45.84221748400853,0.0,860,1.718,100.0,0.4944159591229926,0.5081804198166346,0.4944159591229926,0.5081804198166346,0.16986752261999305,0.0034411151734105166,3.1,5.984317976910444,5.979374112351023,0.3131950037834472,0.24109322921316495,11.804754020550963,0.7766313298039496,-0.6927846448873356,0.9086417742585009,100.0,0.5,1.0,100.0,0.3132481134901148,0.5449505390295637,1.0,0.0,0.0,5.669874138200312,4.469874138200312,0.05,100.0,96.89999999999999,0.0,12.210002301193347,12.002408191950975
0.0,combined,modest_combined,online,11,1.0,early_post,8.0,8.5,0.002,250,250,0,3.0,2.5452396439981047,0.004210903397866696,3.0632755161219434,3.1292344429295933,0.096,9.6,3.0,2.5452396439981047,2.3318615397798164,1.0201306801950938,-2.318559425920119,0.25,125,126,100.0,0.0,126,0.25,100.0,0.4944159591229926,0.5051976782162306,0.4944159591229926,0.5051976782162306,0.16986752261999305,0.021563438186476103,17.599999999999998,5.984286635324408,5.981456810328519,0.3128383104121796,0.29728153618356795,11.184091950090787,1.041533107542928,-1.0378572424111772,1.2661477559547156,100.0,0.5,1.0,100.0,0.5069713413247049,0.5449505390295637,1.0,0.0,0.0,6.925230944293054,5.725230944293055,0.05,100.0,82.39999999999999,0.0,12.210002301193347,12.014841576123349
0.0,combined,modest_combined,online,11,1.0,late_post,10.0,12.0,0.002,1000,1000,0,3.0,4.021692112096542,0.00423856173859657,4.206377385215966,4.216520407448317,1.0,100.0,3.0,4.021692112096542,3.9820743980466324,0.5631082781500273,-3.978222366629088,0.25,125,876,0.0,,0,0.0,100.0,0.5081804198166346,0.5081804198166346,0.5081804198166346,0.5081804198166346,0.0,0.0,0.0,5.984317976910444,5.980276415436066,0.3131950037834472,0.2574466402349281,11.804754020550963,0.3748189525717711,-0.3663405465430793,0.6371386715400958,100.0,0.5,1.0,100.0,0.25735479705763387,0.3441173341867765,1.0,0.0,0.0,5.7357605491760975,4.535760549176098,0.05,100.0,100.0,0.0,12.169997000292058,12.057349187576827
0.0,no_yaw_error,modest_combined,online,11,1.0,post,8.0,12.0,0.002,2000,2000,0,0.0,3.0032512859693847,0.003925858371916785,3.545297142527307,3.999881820025991,0.438,43.8,3.0,3.0032512859693847,2.9491372033921515,0.5675456300995394,-2.939531152944597,0.25,125,1876,58.47547974413646,0.4740000000000002,644,1.286,100.0,0.49199397765158426,0.5086947495690076,0.49199397765158426,0.5086947495690076,0.25878612884808194,0.004175192979355841,1.95,5.984360762996737,5.979558605216131,0.0,0.0,11.516073935436347,0.7520084618900237,-0.7470334057646121,0.9548588964284573,100.0,0.5,1.0,100.0,0.3157613010452818,0.554552748159956,1.0,0.0,0.0,5.670940391762787,4.470940391762788,0.05,100.0,98.05,0.0,12.270625320964891,11.993320785679344
0.0,no_yaw_error,modest_combined,online,11,1.0,early_post,8.0,8.5,0.002,250,250,0,0.0,3.5050692757871977,0.004603469111983729,3.927278044890193,3.999881820025991,1.0,100.0,3.0,3.5050692757871977,3.377182505252382,0.9381625415058086,-3.370804143596391,0.25,125,126,0.0,,0,0.0,100.0,0.49199397765158426,0.5053449258192091,0.49199397765158426,0.5053449258192091,0.25878612884808194,0.026701896335249664,12.0,5.98432940970301,5.982143118604707,0.0,0.0,11.516073935436347,0.7079828861716537,-0.7029884237086488,0.9632385940659416,100.0,0.5,1.0,100.0,0.5095904091627175,0.554552748159956,1.0,0.0,0.0,6.851661715362901,5.651661715362902,0.05,100.0,88.0,0.0,12.270625320964891,12.045745465372795
0.0,no_yaw_error,modest_combined,online,11,1.0,late_post,10.0,12.0,0.002,1000,1000,0,0.0,3.035180502243043,0.003891340341107905,3.2477018359348437,3.2660192693001804,0.524,52.400000000000006,3.0,3.035180502243043,2.9806075320458536,0.5729741888670552,-2.9793967741475296,0.25,125,876,51.71232876712328,0.7520000000000007,453,0.904,100.0,0.5086947495690076,0.5086947495690076,0.5086947495690076,0.5086947495690076,0.0,0.0,0.0,5.984360762996737,5.980311884307384,0.0,0.0,11.475835480996503,0.6998853374822892,-0.6973016967966911,0.9526266089026931,100.0,0.5,1.0,100.0,0.2626805601701128,0.3463016483415456,1.0,0.0,0.0,5.791283600239895,4.591283600239896,0.05,100.0,100.0,0.0,12.186600265054048,12.040820207121502
0.0,no_bias,modest_combined,online,11,1.0,post,8.0,12.0,0.002,2000,2000,0,3.0,4.132423983430001,0.00501075145121574,5.190825952132589,5.203258694377017,0.7165,71.65,3.0,4.132423983430001,4.040161348611115,0.8683457007530438,-3.8968738163362207,0.25,125,1876,30.06396588486141,0.2900000000000009,564,1.1260000000000001,100.0,0.5006093503727341,0.5091198732339843,0.5006093503727341,0.5091198732339843,0.20255255985146547,0.0021276307153125502,1.35,5.984317976910444,5.979554920177257,0.3131950037834472,0.2411023611547919,12.581262736958287,0.38123437489181355,0.047506094939069474,0.15849073693516919,100.0,0.5,1.0,100.0,0.3032125852482415,0.5299094036671125,1.0,0.0,0.0,5.404218644288477,4.204218644288478,0.05,100.0,98.65,0.0,12.169648494274558,11.992547894454049
0.0,no_bias,modest_combined,online,11,1.0,early_post,8.0,8.5,0.002,250,250,0,3.0,3.361133096593413,0.004871912521643816,3.8589480279501376,3.917053579581607,0.824,82.39999999999999,3.0,3.361133096593413,3.0876002683019106,1.3281341333606318,-3.078474603320643,0.25,125,126,0.0,,0,0.0,100.0,0.5006093503727341,0.506947252578264,0.5006093503727341,0.506947252578264,0.20255255985146547,0.012675804411059755,7.6,5.984286635324408,5.982340511494875,0.3128383104121796,0.2973251574057259,11.872348639655135,0.3511467878475761,-0.34118834937811743,0.5343095700167987,100.0,0.5,1.0,100.0,0.49520224711290856,0.5299094036671125,1.0,0.0,0.0,6.771323672180906,5.571323672180907,0.05,100.0,92.4,0.0,12.162159013497883,11.97967228321849
0.0,no_bias,modest_combined,online,11,1.0,late_post,10.0,12.0,0.002,1000,1000,0,3.0,4.99659976255133,0.00539920202646938,5.196512958183944,5.203258694377017,1.0,100.0,3.0,4.99659976255133,4.897709738096482,0.9891655617149742,-4.893309043782775,0.25,125,876,0.0,,0,0.0,100.0,0.5091198732339843,0.5091198732339843,0.5091198732339843,0.5091198732339843,0.0,0.0,0.0,5.984317976910444,5.980276415436066,0.3131950037834472,0.2574466402349281,12.581262736958287,0.409337173886128,0.4000112801045505,-0.13116889852938052,100.0,0.5,1.0,100.0,0.24839420079409463,0.334225525982388,1.0,0.0,0.0,5.463344896651407,4.263344896651407,0.05,100.0,100.0,0.0,12.169648494274558,12.05539344415498
0.0,constant_initial_friction,modest_combined,online,11,1.0,post,8.0,12.0,0.002,2000,2000,0,3.0,1.0913425048607823,0.0018161590882676607,1.7843739284101718,1.797959549374709,0.0,0.0,3.0,1.0913425048607823,0.5690555003752651,0.9312380471224656,-0.17334244719636063,0.25,125,1876,100.0,0.0,1876,3.75,100.0,0.2879837056832121,0.37943337553570605,0.2879837056832121,0.37943337553570605,0.11731753629484754,0.009789854053773193,100.0,4.5970739632266024,4.008094813764443,0.23810771191209135,0.16362241813548678,11.5991279746027,0.7382535457859911,-0.7085392125758866,0.9235250247229857,100.0,0.5,1.0,100.0,0.4502431018897755,0.6541641839720297,1.0,0.0,0.0,6.256168525686595,5.056168525686596,0.05,100.0,0.0,0.0,12.19724132592752,12.00153687472691
0.0,constant_initial_friction,modest_combined,online,11,1.0,early_post,8.0,8.5,0.002,250,250,0,3.0,0.3019443579655784,0.0014042191135104746,0.3876851262036456,0.3964586781298808,0.0,0.0,3.0,0.3019443579655784,0.24721591640723597,0.17336287371342193,0.22339367122151993,0.25,125,126,100.0,0.0,126,0.25,100.0,0.3127584674348341,0.3348059083711695,0.3126990553029013,0.3347027866233076,0.08171705236517668,-0.04421370613653642,100.0,4.057386518598975,3.891917463807088,0.19704298304164852,0.19320887640084317,11.290369371241482,0.8775140826786169,-0.8739945806031014,1.1084513496726092,100.0,0.5,1.0,100.0,0.608929623246177,0.6541641839720297,1.0,0.0,0.0,6.794963138543125,5.594963138543125,0.05,100.0,0.0,0.0,12.19724132592752,12.021007831649316
0.0,constant_initial_friction,modest_combined,online,11,1.0,late_post,10.0,12.0,0.002,1000,1000,0,3.0,1.0523218673161423,0.002010513040967038,1.6630181514256608,1.7543878911486774,0.0,0.0,3.0,1.0523218673161423,0.5883624181760057,0.8724740553791932,-0.12189620852416505,0.25,125,876,100.0,0.0,876,1.75,100.0,0.3187062606036757,0.37943337553570605,0.3188324130528449,0.37943337553570605,0.11731753629484754,0.02762953199129331,100.0,4.5970739632266024,4.38906322617758,0.23810771191209135,0.1902540562933447,11.5991279746027,0.5226833696289757,-0.5194925688783231,0.7880779033922729,100.0,0.5,1.0,100.0,0.4217662487958676,0.5376488197699585,1.0,0.0,0.0,6.314979602285505,5.114979602285506,0.05,100.0,0.0,0.0,12.171326231773927,12.05513639709376
15.0,combined,modest_combined,online,11,1.0,post,8.0,12.0,0.002,2000,2000,0,3.0,3.3183299809868836,0.003994381526470877,4.319374158292466,4.338757270406675,0.588,58.8,3.0,3.3183299809868836,3.2511124237663362,0.6645162682347137,-3.087794325709025,0.25,125,1876,43.81663113006397,0.11800000000000033,822,1.6420000000000001,100.0,0.4914994396839499,0.5107687596170797,0.4914994396839499,0.5107687596170797,0.19028403066939648,0.00481732998328245,4.3999999999999995,5.984317976910445,5.979346328894835,0.3131950037834474,0.241092001934539,11.828149804524852,0.8020661430764406,-0.7176613639772822,0.8990547451036495,100.0,0.5,1.0,100.0,0.4311951404836097,0.7750636624852568,1.0,0.0,0.0,5.622490524736863,4.4224905247368635,0.05,100.0,95.6,0.0,12.339245694729273,11.981920896594067
15.0,combined,modest_combined,online,11,1.0,early_post,8.0,8.5,0.002,250,250,0,3.0,2.984862937093692,0.004375150015862132,3.4304212786960724,3.4632780795791525,0.48,48.0,3.0,2.984862937093692,2.803002221701461,1.0259557974748517,-2.790725865259952,0.25,125,126,53.17460317460318,0.11800000000000033,67,0.132,100.0,0.4914994396839499,0.5022394220258487,0.4914994396839499,0.5022394220258487,0.19028403066939648,0.021479964683797648,14.799999999999999,5.984286635324408,5.9818402762070715,0.3128383104121798,0.29729987353209936,11.295461936601718,0.9447308929178593,-0.9392269857049514,1.2610879048817858,100.0,0.5,1.0,100.0,0.7375614279642855,0.7750636624852568,1.0,0.0,0.0,7.470763841986825,6.270763841986826,0.05,100.0,85.2,0.0,12.339245694729273,12.122388434644535
15.0,combined,modest_combined,online,11,1.0,late_post,10.0,12.0,0.002,1000,1000,0,3.0,4.059466499671371,0.004132924378978288,4.330244350789402,4.338757270406675,1.0,100.0,3.0,4.059466499671371,4.00889432770859,0.6387758066959255,-4.001623688816045,0.25,125,876,0.0,,0,0.0,100.0,0.5107687596170797,0.5107687596170797,0.5107687596170797,0.5107687596170797,0.0,0.0,0.0,5.984317976910445,5.980276415436067,0.3131950037834474,0.2574466402349282,11.828149804524852,0.4065242701178752,-0.38783413099667824,0.6253773061343684,100.0,0.5,1.0,100.0,0.3685381411716389,0.48957824860259364,1.0,0.0,0.0,5.622490524736863,4.4224905247368635,0.05,100.0,100.0,0.0,12.227319051468502,12.03807069060539
15.0,no_yaw_error,modest_combined,online,11,1.0,post,8.0,12.0,0.002,2000,2000,0,0.0,3.054629969149166,0.003936463379050218,4.032257937212382,4.3509289228329004,0.457,45.7,3.0,3.054629969149166,3.003638582875566,0.5558052823475967,-2.9742618028558945,0.25,125,1876,54.424307036247335,0.6280000000000001,634,1.266,100.0,0.4870881320188361,0.5117364940714787,0.4870881320188361,0.5117364940714787,0.2874874577706854,0.006162090513160647,2.85,5.984360762996737,5.979537948173344,2.5152118589881863e-16,8.73754554848912e-17,11.630653162898492,0.7851355215748088,-0.7723718346794584,0.9480922619798833,100.0,0.5,1.0,100.0,0.4352543194748476,0.7809346883425513,1.0,0.0,0.0,5.688958738278698,4.488958738278699,0.05,100.0,97.15,0.0,12.397474362932698,11.972445840711194
15.0,no_yaw_error,modest_combined,online,11,1.0,early_post,8.0,8.5,0.002,250,250,0,0.0,3.947617890805653,0.004715722968497988,4.316686574435067,4.3509289228329004,1.0,100.0,3.0,3.947617890805653,3.8312311392588625,0.9515014289963565,-3.824277481524205,0.25,125,126,0.0,,0,0.0,100.0,0.4870881320188361,0.5019847885903603,0.4870881320188361,0.5019847885903603,0.2874874577706854,0.02979331314304845,12.0,5.98432940970301,5.982295643796251,2.429026638500961e-16,1.085290074536712e-16,11.630653162898492,0.6091372593996616,-0.6012334143141831,0.9585027741941331,100.0,0.5,1.0,100.0,0.7417932660627972,0.7809346883425513,1.0,0.0,0.0,7.413007399186151,6.213007399186152,0.05,100.0,88.0,0.0,12.397474362932698,12.153994773290721
15.0,no_yaw_error,modest_combined,online,11,1.0,late_post,10.0,12.0,0.002,1000,1000,0,0.0,3.0496316884102455,0.003775178014960194,3.261607065268131,3.268608783673123,0.54,54.0,3.0,3.0496316884102455,3.0001606012649598,0.5470738538564978,-2.997876252991731,0.25,125,876,44.178082191780824,0.9779999999999998,387,0.772,100.0,0.5117364940714787,0.5117364940714787,0.5117364940714787,0.5117364940714787,0.0,0.0,0.0,5.984360762996737,5.980311884307384,2.5152118589881863e-16,9.470948053145029e-17,11.529542751288206,0.7265327863124048,-0.7184144018559696,0.9436133700192743,100.0,0.5,1.0,100.0,0.37566989620347924,0.5043757052194184,1.0,0.0,0.0,5.688958738278698,4.488958738278699,0.05,100.0,100.0,0.0,12.246578189868249,12.021924381574074
15.0,no_bias,modest_combined,online,11,1.0,post,8.0,12.0,0.002,2000,2000,0,3.0,4.183927734058911,0.005016281865020572,5.310717348387993,5.321250784160612,0.7395,73.95,3.0,4.183927734058911,4.084091918576485,0.90853975391591,-3.941216888426643,0.25,125,1876,27.452025586353944,0.484,515,1.028,100.0,0.49668316916959865,0.511493616006343,0.49668316916959865,0.511493616006343,0.21657429963381492,0.0037026117091860937,2.35,5.984317976910445,5.979506318920494,0.3131950037834474,0.2410999218326225,12.603163812446335,0.3834991933778107,0.02287983417828542,0.14890658061885395,100.0,0.5,1.0,100.0,0.42158420447864947,0.7624391113937977,1.0,0.0,0.0,5.352592768625452,4.1525927686254525,0.05,100.0,97.65,0.0,12.291256675735859,11.972313930264837
15.0,no_bias,modest_combined,online,11,1.0,early_post,8.0,8.5,0.002,250,250,0,3.0,3.796649973053417,0.005046000604674512,4.229687512802173,4.257023852644708,1.0,100.0,3.0,3.796649973053417,3.551185213202947,1.3429946386398017,-3.542222193758435,0.25,125,126,0.0,,0,0.0,100.0,0.49668316916959865,0.5035411454356,0.49668316916959865,0.5035411454356,0.21657429963381492,0.01371595253200275,7.199999999999999,5.984286635324408,5.982330156073245,0.3128383104121798,0.2973241973432021,11.984593136184522,0.2608223109633534,-0.241993399547474,0.529101512489352,100.0,0.5,1.0,100.0,0.7265821870033482,0.7624391113937977,1.0,0.0,0.0,7.350513330052086,6.150513330052087,0.05,100.0,92.80000000000001,0.0,12.291256675735859,12.087635628409577
15.0,no_bias,modest_combined,online,11,1.0,late_post,10.0,12.0,0.002,1000,1000,0,3.0,5.031296997836905,0.005288829559632005,5.3160060069096655,5.321250784160612,1.0,100.0,3.0,5.031296997836905,4.922853381195666,1.0389726019934584,-4.915573847048614,0.25,125,876,0.0,,0,0.0,100.0,0.511493616006343,0.511493616006343,0.511493616006343,0.511493616006343,0.0,0.0,0.0,5.984317976910445,5.980276415436067,0.3131950037834474,0.2574466402349282,12.603163812446335,0.39894857680079115,0.3773846118241945,-0.14286235862791005,100.0,0.5,1.0,100.0,0.35907391039560105,0.4697611785901673,1.0,0.0,0.0,5.352592768625452,4.1525927686254525,0.05,100.0,100.0,0.0,12.226143252896891,12.035049768663983
15.0,constant_initial_friction,modest_combined,online,11,1.0,post,8.0,12.0,0.002,2000,2000,0,3.0,1.1211281915079527,0.0018514534460782165,1.9134690039108784,1.9433569016316792,0.0,0.0,3.0,1.1211281915079527,0.6285869713439719,0.9283355219157055,-0.1497357816093939,0.25,125,1876,100.0,0.0,1876,3.75,100.0,0.28896176926683426,0.3841844874640422,0.28896176926683426,0.3841844874640422,0.12895456038902742,0.008180678687136442,100.0,4.651507065773206,4.044914685514965,0.24198947188130834,0.16578860118956487,11.64055026537826,0.7683650078166073,-0.7335519273076543,0.9142571599299413,100.0,0.5,1.0,100.0,0.5506484813685513,0.872292781908926,1.0,0.0,0.0,6.260573835712496,5.060573835712496,0.05,100.0,0.0,0.0,12.335853408510387,11.981232748089987
15.0,constant_initial_friction,modest_combined,online,11,1.0,early_post,8.0,8.5,0.002,250,250,0,3.0,0.20810616602167392,0.0014160190024703819,0.3312189295868467,0.3472353429399509,0.0,0.0,3.0,0.20810616602167392,0.13858663271096025,0.15524793579973264,0.03275397619386976,0.25,125,126,100.0,0.0,126,0.25,100.0,0.3217996576476872,0.33809984804134224,0.32174570478615366,0.33802704656165306,0.06856033606064682,-0.03270828651037715,100.0,4.151956354650674,4.0081030171189695,0.20362932893384056,0.19900989093074542,11.413892205422737,0.7854525668161472,-0.7785962451612974,1.1043491624960458,100.0,0.5,1.0,100.0,0.8230996039439715,0.872292781908926,1.0,0.0,0.0,7.125475840044488,5.925475840044489,0.05,100.0,0.0,0.0,12.335853408510387,12.126280432802448
15.0,constant_initial_friction,modest_combined,online,11,1.0,late_post,10.0,12.0,0.002,1000,1000,0,3.0,1.1010867493644323,0.002101569631685282,1.856486834531994,1.9304475991348355,0.0,0.0,3.0,1.1010867493644323,0.721766918127798,0.8315314459010148,-0.10330794783104402,0.25,125,876,100.0,0.0,876,1.75,100.0,0.31785678521489513,0.3841844874640422,0.31799981024388924,0.3841844874640422,0.12895456038902742,0.02648288878749644,100.0,4.651507065773206,4.421895395534371,0.24198947188130834,0.19198673152784448,11.64055026537826,0.5486206887215267,-0.5374145101257171,0.7761075960808357,100.0,0.5,1.0,100.0,0.5198652679692838,0.7178440263388369,1.0,0.0,0.0,6.260573835712496,5.060573835712496,0.05,100.0,0.0,0.0,12.236629560132211,12.039220601422818
