surface_yaw_deg,variant,case,arm,simulation_seed,rotation_gain_scale,phase,sample_count,force_rmse_n,peak_force_n,contact_ratio_pct,tangent_rmse_mm,tangent_velocity_error_rms_m_s,orientation_rmse_deg,saturation_pct,diagnostic_compensation_active_pct,diagnostic_amplitude_capped_pct,diagnostic_slew_limited_pct,failed_absolute_checks,absolute_checks_pass,comparator_gates_evaluated,comparator_gate_status
-15,combined,modest_combined,online,11,1.0,pre_change,1250,0.30448697043844714,12.494949269156686,100.0,1.8318041958831626,0.00423096209962963,0.6691737824115513,0.0,100.0,0.0,0.0,,yes,no,not_evaluated
-15,combined,modest_combined,online,11,1.0,combined_transition,2000,0.47610769572101863,12.316739279703095,100.0,1.4307021292073765,0.003927880391973515,0.2387300460600033,0.0,100.0,4.25,8.4,,yes,no,not_evaluated
-15,combined,modest_combined,online,11,1.0,combined_post,2000,0.7519492993052123,11.79598567413369,100.0,3.3325586657033037,0.0040810759282191526,0.28362245763336885,0.0,100.0,98.0,0.0,,yes,no,not_evaluated
-15,no_yaw_error,modest_combined,online,11,1.0,pre_change,1250,0.23409707188705614,12.419541601419185,100.0,1.396393460434187,0.004063880102128494,0.6648614855223023,0.0,100.0,0.0,0.0,,yes,no,not_evaluated
-15,no_yaw_error,modest_combined,online,11,1.0,combined_transition,2000,0.4156624092118926,12.283102306035524,100.0,1.7004234874992805,0.004632151828023817,0.23888530730895727,0.0,100.0,3.45,6.3,,yes,no,not_evaluated
-15,no_yaw_error,modest_combined,online,11,1.0,combined_post,2000,0.7215504310018368,11.438811043995605,100.0,3.089689620221181,0.004059744575999109,0.2836376052647214,0.0,100.0,98.95,0.0,,yes,no,not_evaluated
-15,no_bias,modest_combined,online,11,1.0,pre_change,1250,0.30448697043844714,12.494949269156686,100.0,1.8318041958831626,0.00423096209962963,0.6691737824115513,0.0,100.0,0.0,0.0,,yes,no,not_evaluated
-15,no_bias,modest_combined,online,11,1.0,combined_transition,2000,0.15014263530740998,12.316739279703095,100.0,1.6265567767968387,0.0043845685043030986,0.23774203302088642,0.0,100.0,5.050000000000001,8.25,,yes,no,not_evaluated
-15,no_bias,modest_combined,online,11,1.0,combined_post,2000,0.38878682417722216,12.572894942346338,100.0,4.201931790380261,0.0051245186503396664,0.27886349773342484,0.0,100.0,99.35000000000001,0.0,,yes,no,not_evaluated
-15,constant_initial_friction,modest_combined,online,11,1.0,pre_change,1250,0.30448697043844714,12.494949269156686,100.0,1.8318041958831626,0.00423096209962963,0.6691737824115513,0.0,100.0,0.0,0.0,,yes,no,not_evaluated
-15,constant_initial_friction,modest_combined,online,11,1.0,combined_transition,2000,0.44524925030174245,12.282284254395282,100.0,1.0022619499312067,0.0018747945320242993,0.25673368114935385,0.0,100.0,0.0,4.95,,yes,no,not_evaluated
-15,constant_initial_friction,modest_combined,online,11,1.0,combined_post,2000,0.7109050110828864,11.608711785118242,100.0,1.1310039776430039,0.001879858461171713,0.3982787081093153,0.0,100.0,0.0,0.0,,yes,no,not_evaluated
0,combined,modest_combined,online,11,1.0,pre_change,1250,0.2039202375307344,12.367568589023554,100.0,1.7913973979883537,0.004275979679350299,0.5592049799791391,0.0,100.0,0.0,0.0,,yes,no,not_evaluated
0,combined,modest_combined,online,11,1.0,combined_transition,2000,0.44378771805504263,12.3608376838957,100.0,1.416326940211192,0.003762300063992059,0.2458043660621281,0.0,100.0,4.95,8.450000000000001,,yes,no,not_evaluated
0,combined,modest_combined,online,11,1.0,combined_post,2000,0.7766313298039496,11.804754020550963,100.0,3.2627450602066217,0.003970305738081095,0.3132481134901148,0.0,100.0,96.89999999999999,0.0,,yes,no,not_evaluated
0,no_yaw_error,modest_combined,online,11,1.0,pre_change,1250,0.17255025304658012,12.326882536548478,100.0,1.3443246214473177,0.004070202616258158,0.5573971761962359,0.0,100.0,0.0,0.0,,yes,no,not_evaluated
0,no_yaw_error,modest_combined,online,11,1.0,combined_transition,2000,0.380066290368253,12.299603327416696,100.0,1.6778902772273947,0.004453951041236357,0.24504108948987505,0.0,100.0,4.3,6.5,,yes,no,not_evaluated
0,no_yaw_error,modest_combined,online,11,1.0,combined_post,2000,0.7520084618900237,11.516073935436347,100.0,3.0032512859693847,0.003925858371916785,0.3157613010452818,0.0,100.0,98.05,0.0,,yes,no,not_evaluated
0,no_bias,modest_combined,online,11,1.0,pre_change,1250,0.2039202375307344,12.367568589023554,100.0,1.7913973979883537,0.004275979679350299,0.5592049799791391,0.0,100.0,0.0,0.0,,yes,no,not_evaluated
0,no_bias,modest_combined,online,11,1.0,combined_transition,2000,0.121781911486795,12.3608376838957,100.0,1.6138841524840186,0.004226101467267391,0.24359289086473654,0.0,100.0,5.6000000000000005,8.4,,yes,no,not_evaluated
0,no_bias,modest_combined,online,11,1.0,combined_post,2000,0.38123437489181355,12.581262736958287,100.0,4.132423983430001,0.00501075145121574,0.3032125852482415,0.0,100.0,98.65,0.0,,yes,no,not_evaluated
0,constant_initial_friction,modest_combined,online,11,1.0,pre_change,1250,0.2039202375307344,12.367568589023554,100.0,1.7913973979883537,0.004275979679350299,0.5592049799791391,0.0,100.0,0.0,0.0,,yes,no,not_evaluated
0,constant_initial_friction,modest_combined,online,11,1.0,combined_transition,2000,0.4136385932799445,12.315756512085896,100.0,0.9952850927033388,0.0018997249316326903,0.26818112544428224,0.0,100.0,0.0,5.25,,yes,no,not_evaluated
0,constant_initial_friction,modest_combined,online,11,1.0,combined_post,2000,0.7382535457859911,11.5991279746027,100.0,1.0913425048607823,0.0018161590882676609,0.4502431018897755,0.0,100.0,0.0,0.0,,yes,no,not_evaluated
15.0,combined,modest_combined,online,11,1.0,pre_change,1250,0.12659154270213682,12.326054470739377,100.0,1.7972329659155355,0.004182959647638352,0.5104415093305257,0.0,100.0,0.0,0.0,,yes,no,not_evaluated
15.0,combined,modest_combined,online,11,1.0,combined_transition,2000,0.42851827240624685,12.374976260816783,100.0,1.4350661970578291,0.003685117537607361,0.27962162136623897,0.0,100.0,5.4,8.6,,yes,no,not_evaluated
15.0,combined,modest_combined,online,11,1.0,combined_post,2000,0.8020661430764406,11.828149804524852,100.0,3.3183299809868836,0.003994381526470877,0.4311951404836097,0.0,100.0,95.6,0.0,,yes,no,not_evaluated
15.0,no_yaw_error,modest_combined,online,11,1.0,pre_change,1250,0.17549928150196703,12.593477199656984,100.0,1.3605365907050881,0.004044491072138446,0.5117541928695818,0.0,100.0,0.0,0.0,,yes,no,not_evaluated
15.0,no_yaw_error,modest_combined,online,11,1.0,combined_transition,2000,0.35964027327971165,12.320224608557817,100.0,1.6937769634875603,0.004330909912488477,0.2774848073623052,0.0,100.0,4.9,6.7,,yes,no,not_evaluated
15.0,no_yaw_error,modest_combined,online,11,1.0,combined_post,2000,0.7851355215748088,11.630653162898492,100.0,3.054629969149166,0.003936463379050218,0.4352543194748476,0.0,100.0,97.15,0.0,,yes,no,not_evaluated
15.0,no_bias,modest_combined,online,11,1.0,pre_change,1250,0.12659154270213682,12.326054470739377,100.0,1.7972329659155355,0.004182959647638352,0.5104415093305257,0.0,100.0,0.0,0.0,,yes,no,not_evaluated
15.0,no_bias,modest_combined,online,11,1.0,combined_transition,2000,0.13067584343661062,12.374976260816783,100.0,1.6337582793808667,0.004156352591759947,0.27650946756657196,0.0,100.0,6.05,8.5,,yes,no,not_evaluated
15.0,no_bias,modest_combined,online,11,1.0,combined_post,2000,0.3834991933778107,12.603163812446335,100.0,4.183927734058911,0.005016281865020572,0.42158420447864947,0.0,100.0,97.65,0.0,,yes,no,not_evaluated
15.0,constant_initial_friction,modest_combined,online,11,1.0,pre_change,1250,0.12659154270213682,12.326054470739377,100.0,1.7972329659155355,0.004182959647638352,0.5104415093305257,0.0,100.0,0.0,0.0,,yes,no,not_evaluated
15.0,constant_initial_friction,modest_combined,online,11,1.0,combined_transition,2000,0.3981718067546536,12.3288762833817,100.0,1.0380238044099086,0.0020457546344566737,0.3029357776654606,0.0,100.0,0.0,5.4,,yes,no,not_evaluated
15.0,constant_initial_friction,modest_combined,online,11,1.0,combined_post,2000,0.7683650078166073,11.64055026537826,100.0,1.1211281915079527,0.0018514534460782165,0.5506484813685513,0.0,100.0,0.0,0.0,,yes,no,not_evaluated
