arm,case_index,scenario_seed,simulation_seed,controller,scenario,force_rmse_n,peak_force_n,tangent_rmse_mm,orientation_rmse_deg,contact_ratio_pct,torque_rms_nm,saturation_pct,controller_p95_us,gate_pass,failed_checks,verified_force_rmse_n_abs_error,verified_peak_force_n_abs_error,verified_tangent_rmse_mm_abs_error,verified_orientation_rmse_deg_abs_error,verified_contact_ratio_pct_abs_error,verified_torque_rms_nm_abs_error,verified_saturation_pct_abs_error,first_raw_contact_time_s,first_contact_wall_normal_velocity_m_s,early_raw_peak_n,late_raw_peak_n,seconds_over_35_n,peak_wall_normal_velocity_m_s,peak_commanded_wall_normal_force_n,event_timing,has_raw_contact
legacy_replay,0,16301434959511870338,1237627388685738049,safe_adaptive_hybrid,blind_00,3.442519767394665,39.18624769304269,8.715588356526435,6.752274506469062,100.0,22.79390887383974,0.0,498.4075,no,force_rmse;peak_force,0.0,0.0,0.0,0.0,0.0,0.0,0.0,,,,,,,,legacy_unaligned,True
legacy_replay,1,17525301306413689991,6910629524156363117,safe_adaptive_hybrid,blind_01,1.3206305070530053,37.72414094389947,16.118075680210787,1.982941608114329,100.0,23.003600692098953,0.0,400.92359999999996,no,peak_force;tangent_rmse,0.0,0.0,0.0,0.0,0.0,0.0,0.0,,,,,,,,legacy_unaligned,True
legacy_replay,2,9582396171392131757,11510007187665870296,safe_adaptive_hybrid,blind_02,1.1079614001703104,34.85128290173455,7.028249475675391,2.073517108415721,100.0,24.556674892036316,0.0,305.798,yes,,0.0,0.0,0.0,0.0,0.0,0.0,0.0,,,,,,,,legacy_unaligned,True
legacy_replay,3,2020940413233927572,6354302425675587931,safe_adaptive_hybrid,blind_03,1.095638619093577,34.733205174869,6.3285190267705715,1.9354914100939693,100.0,24.84666982142058,0.0,341.41639999999995,yes,,0.0,0.0,0.0,0.0,0.0,0.0,0.0,,,,,,,,legacy_unaligned,True
legacy_replay,4,4577279984682491532,6078883991136184361,safe_adaptive_hybrid,blind_04,1.086085070181435,30.00525633384989,12.496949087921836,3.687414119246982,100.0,25.071992827925822,0.0,362.42285,yes,,0.0,0.0,0.0,0.0,0.0,0.0,0.0,,,,,,,,legacy_unaligned,True
legacy_replay,5,12532684049207094977,15871473360209801291,safe_adaptive_hybrid,blind_05,0.9304670454143111,38.051466746250966,7.163286506022634,0.8289944571749753,100.0,24.744243437204297,0.0,339.71889999999996,no,peak_force,0.0,0.0,0.0,0.0,0.0,0.0,0.0,,,,,,,,legacy_unaligned,True
legacy_replay,6,7882380471846633001,1368606503599248569,safe_adaptive_hybrid,blind_06,1.1017512027351979,31.481012503669525,11.503702635498232,2.6186519811340583,100.0,24.953883118380077,0.0,350.0942,yes,,0.0,0.0,0.0,0.0,0.0,0.0,0.0,,,,,,,,legacy_unaligned,True
legacy_replay,7,5165992133808271741,4212905083092472312,safe_adaptive_hybrid,blind_07,1.2805696092173882,36.8706377266179,16.389561408786335,3.3511448520408393,100.0,23.64646609964242,0.0,318.76039999999995,no,peak_force;tangent_rmse,0.0,0.0,0.0,0.0,0.0,0.0,0.0,,,,,,,,legacy_unaligned,True
legacy_replay,8,16600002752657376626,10536290159291755175,safe_adaptive_hybrid,blind_08,1.1511221401385214,32.67738321679262,9.296027714196866,0.8770885653457111,100.0,24.776480580504423,0.0,319.98900000000003,yes,,0.0,0.0,0.0,0.0,0.0,0.0,0.0,,,,,,,,legacy_unaligned,True
legacy_replay,9,4727713754755130212,15747546615271449326,safe_adaptive_hybrid,blind_09,1.3379625789911063,34.677212503924416,15.094092010301106,4.51757196738559,100.0,25.081303868851734,0.0,308.8915,no,tangent_rmse,0.0,0.0,0.0,0.0,0.0,0.0,0.0,,,,,,,,legacy_unaligned,True
legacy_replay,10,3368952493427191032,13339311572783859749,safe_adaptive_hybrid,blind_10,3.057531496707491,61.12137052520345,7.101267933175772,5.7816132208345286,100.0,28.514945741403473,0.0,350.71,no,force_rmse;peak_force,0.0,0.0,0.0,0.0,0.0,0.0,0.0,,,,,,,,legacy_unaligned,True
legacy_replay,11,4985723986314484826,16966187773281696136,safe_adaptive_hybrid,blind_11,1.373831768235474,42.82248629790654,11.65425375799748,1.901531714049866,100.0,22.897546215462125,0.0,304.0533,no,peak_force,0.0,0.0,0.0,0.0,0.0,0.0,0.0,,,,,,,,legacy_unaligned,True
legacy_replay,12,6318558907587832529,9857423924251884370,safe_adaptive_hybrid,blind_12,1.1119752208463893,32.38509826577407,13.625966014407828,3.9163399510695647,100.0,25.0476364490992,0.0,323.27145,yes,,0.0,0.0,0.0,0.0,0.0,0.0,0.0,,,,,,,,legacy_unaligned,True
legacy_replay,13,2266360856331028307,12597869848009870893,safe_adaptive_hybrid,blind_13,1.408161480901225,33.65353343837959,19.348746179754055,3.553474604369576,100.0,22.995373926264634,0.0,330.16875,no,tangent_rmse,0.0,0.0,0.0,0.0,0.0,0.0,0.0,,,,,,,,legacy_unaligned,True
legacy_replay,14,5664699892553429415,5312467931942670508,safe_adaptive_hybrid,blind_14,1.7131590161954653,32.8401414637421,16.350556426674757,4.899951114682212,100.0,25.168289849681805,0.0,324.35525,no,tangent_rmse,0.0,0.0,0.0,0.0,0.0,0.0,0.0,,,,,,,,legacy_unaligned,True
legacy_replay,15,15748750016057923799,3707057713348697014,safe_adaptive_hybrid,blind_15,1.0695614160420677,31.046849865527655,6.330246040570141,1.604400364637905,100.0,24.886832728794467,0.0,370.19554999999997,yes,,0.0,0.0,0.0,0.0,0.0,0.0,0.0,,,,,,,,legacy_unaligned,True
legacy_replay,16,4056667601886005393,10980054781970848270,safe_adaptive_hybrid,blind_16,1.3406660891817022,41.45575089517458,12.531491550540505,1.7418683337948215,100.0,22.71683768845581,0.0,330.87969999999996,no,peak_force,0.0,0.0,0.0,0.0,0.0,0.0,0.0,,,,,,,,legacy_unaligned,True
legacy_replay,17,3432959117752328276,7757180170299390242,safe_adaptive_hybrid,blind_17,0.9564837963421284,26.847029032867194,9.36041725193458,0.6370409543080563,100.0,24.244536458360677,0.0,338.3656,yes,,0.0,0.0,0.0,0.0,0.0,0.0,0.0,,,,,,,,legacy_unaligned,True
legacy_replay,18,8441190078041215819,12461033608959630947,safe_adaptive_hybrid,blind_18,1.2835419881813375,34.636692058042016,20.24300754716575,3.582733230321752,100.0,22.782284929787973,0.0,515.63815,no,tangent_rmse,0.0,0.0,0.0,0.0,0.0,0.0,0.0,,,,,,,,legacy_unaligned,True
legacy_replay,19,18345636818655476024,12945287634900908892,safe_adaptive_hybrid,blind_19,1.41745872805506,45.46875734522821,10.83076253181518,2.995821436086366,100.0,22.863441855478584,0.0,355.3623,no,peak_force,0.0,0.0,0.0,0.0,0.0,0.0,0.0,,,,,,,,legacy_unaligned,True
legacy_replay,20,4595252760521528541,6970030948923604672,safe_adaptive_hybrid,blind_20,1.0775865755337741,30.46997211214842,10.741319975115998,2.43822825424228,100.0,24.994608508312933,0.0,321.85065,yes,,0.0,0.0,0.0,0.0,0.0,0.0,0.0,,,,,,,,legacy_unaligned,True
legacy_replay,21,13431553198438227306,11638785163613676861,safe_adaptive_hybrid,blind_21,1.3866829208572573,39.690486018518605,15.74419196599711,3.578233389121063,100.0,24.060649762817242,0.0,322.49625000000003,no,peak_force;tangent_rmse,0.0,0.0,0.0,0.0,0.0,0.0,0.0,,,,,,,,legacy_unaligned,True
legacy_replay,22,308105591734041084,8511216903146091300,safe_adaptive_hybrid,blind_22,1.1689999990071198,28.90317695244012,11.836246901649417,3.269105122172259,100.0,25.09845867756913,0.0,356.47700000000003,yes,,0.0,0.0,0.0,0.0,0.0,0.0,0.0,,,,,,,,legacy_unaligned,True
legacy_replay,23,7762164895732114258,6393277573368700675,safe_adaptive_hybrid,blind_23,1.0489005764918962,67.69929994744956,5.865300795575418,2.0033722765409805,100.0,24.88438918646831,0.0,319.7437,no,peak_force,0.0,0.0,0.0,0.0,0.0,0.0,0.0,,,,,,,,legacy_unaligned,True
legacy_replay,24,15801246096548403211,16623392689781011005,safe_adaptive_hybrid,blind_24,1.0954559412414129,28.05651260306577,20.483933209245784,4.273948166766784,100.0,23.161357578904322,0.0,288.53059999999994,no,tangent_rmse,0.0,0.0,0.0,0.0,0.0,0.0,0.0,,,,,,,,legacy_unaligned,True
legacy_replay,25,1867139436221958153,9399747717227457875,safe_adaptive_hybrid,blind_25,1.022808578599346,25.179536465265837,13.233551254060314,4.062270923919067,100.0,25.11929262706048,0.0,352.63274999999993,yes,,0.0,0.0,0.0,0.0,0.0,0.0,0.0,,,,,,,,legacy_unaligned,True
legacy_replay,26,11592432456378200421,12285592182587332778,safe_adaptive_hybrid,blind_26,1.0536893943934178,25.787045868927866,10.699706265843012,2.5619298868082905,100.0,24.998789887036327,0.0,288.7445,yes,,0.0,0.0,0.0,0.0,0.0,0.0,0.0,,,,,,,,legacy_unaligned,True
legacy_replay,27,16523608553540347647,1571243207715084785,safe_adaptive_hybrid,blind_27,1.243825870075617,39.66817775732467,10.307421773496351,0.3889195339470791,100.0,24.051730652222634,0.0,281.53885,no,peak_force,0.0,0.0,0.0,0.0,0.0,0.0,0.0,,,,,,,,legacy_unaligned,True
legacy_replay,28,1511493531571902563,8975517840189399331,safe_adaptive_hybrid,blind_28,1.0613642251719535,56.59426445588008,5.961890944676159,2.223986012492745,100.0,24.864764387105485,0.0,304.83140000000003,no,peak_force,0.0,0.0,0.0,0.0,0.0,0.0,0.0,,,,,,,,legacy_unaligned,True
legacy_replay,29,16426500393162398356,3048709568809743662,safe_adaptive_hybrid,blind_29,1.0141287204205303,25.819932677185015,11.089704897415304,2.376623005591366,100.0,24.969830658398177,0.0,301.59815,yes,,0.0,0.0,0.0,0.0,0.0,0.0,0.0,,,,,,,,legacy_unaligned,True
legacy_replay,30,15222772503400557143,8585769581436669654,safe_adaptive_hybrid,blind_30,0.9033795205497911,23.65768663217559,14.50753001847328,4.354036465999072,100.0,25.077363170456756,0.0,331.75514999999996,yes,,0.0,0.0,0.0,0.0,0.0,0.0,0.0,,,,,,,,legacy_unaligned,True
legacy_replay,31,15963951439796675841,14785856109203389861,safe_adaptive_hybrid,blind_31,1.3595615591875756,47.26115615975274,11.449912104734867,2.0784723921607884,100.0,22.986352029169574,0.0,307.9385,no,peak_force,0.0,0.0,0.0,0.0,0.0,0.0,0.0,,,,,,,,legacy_unaligned,True
legacy_replay,32,9932953420175882799,1787605230633353366,safe_adaptive_hybrid,blind_32,1.6014758652653671,30.096799514984472,7.052744247316483,4.91046111638798,100.0,24.701344919295053,0.0,282.15175,yes,,0.0,0.0,0.0,0.0,0.0,0.0,0.0,,,,,,,,legacy_unaligned,True
legacy_replay,33,7046938307046653326,380702564837712535,safe_adaptive_hybrid,blind_33,1.5587989249477459,36.55592242569627,18.03111865419126,3.722756714507006,100.0,23.65848086754187,0.0,294.32495,no,peak_force;tangent_rmse,0.0,0.0,0.0,0.0,0.0,0.0,0.0,,,,,,,,legacy_unaligned,True
legacy_replay,34,6608365354930343734,2244055173431547424,safe_adaptive_hybrid,blind_34,0.9491334625258011,26.09473617193833,7.415956770382347,1.0566678510044598,100.0,24.852866788373873,0.0,292.04724999999996,yes,,0.0,0.0,0.0,0.0,0.0,0.0,0.0,,,,,,,,legacy_unaligned,True
legacy_replay,35,12371753132793142249,5026973335044610631,safe_adaptive_hybrid,blind_35,0.9447815951389662,24.43754079277976,10.429822349406656,2.152737925351034,100.0,25.012392123548928,0.0,345.06315,yes,,0.0,0.0,0.0,0.0,0.0,0.0,0.0,,,,,,,,legacy_unaligned,True
legacy_replay,36,17486143900228895629,1908510169880595116,safe_adaptive_hybrid,blind_36,1.1988439102021913,32.19379348564917,6.946075372646745,4.069313919175228,100.0,24.741258445347253,0.0,485.53825,yes,,0.0,0.0,0.0,0.0,0.0,0.0,0.0,,,,,,,,legacy_unaligned,True
legacy_replay,37,4778364348318005161,8264065467822704700,safe_adaptive_hybrid,blind_37,2.3824200991802527,31.49958501707389,7.588697389121558,5.245361425537705,100.0,24.543906016853068,0.0,577.22505,no,force_rmse,0.0,0.0,0.0,0.0,0.0,0.0,0.0,,,,,,,,legacy_unaligned,True
legacy_replay,38,16419433584203198316,15393748500866209412,safe_adaptive_hybrid,blind_38,1.1873309862195582,31.162256175702538,13.381412762387052,2.1216931401910863,100.0,23.864649933135798,0.0,333.347,yes,,0.0,0.0,0.0,0.0,0.0,0.0,0.0,,,,,,,,legacy_unaligned,True
legacy_replay,39,16230882037532323995,12979726015522266593,safe_adaptive_hybrid,blind_39,1.1073639738846142,28.34779623625774,11.77405428708783,2.6874576988938,100.0,24.772381088176513,0.0,307.8846,yes,,0.0,0.0,0.0,0.0,0.0,0.0,0.0,,,,,,,,legacy_unaligned,True
legacy_replay,40,6962791529958519731,4121268961919417700,safe_adaptive_hybrid,blind_40,2.238704161393451,64.49037724882996,6.272164636205892,4.725771574150766,100.0,27.47670618408568,0.0,371.00314999999995,no,force_rmse;peak_force,0.0,0.0,0.0,0.0,0.0,0.0,0.0,,,,,,,,legacy_unaligned,True
legacy_replay,41,17629201266240775912,14920663675138664996,safe_adaptive_hybrid,blind_41,1.0983626728454485,29.659520355676495,11.693810533054247,1.0480485695050052,100.0,23.888319320349716,0.0,293.33155,yes,,0.0,0.0,0.0,0.0,0.0,0.0,0.0,,,,,,,,legacy_unaligned,True
legacy_replay,42,14853935868330129831,15924154672467842439,safe_adaptive_hybrid,blind_42,0.9451345437159198,22.927080788600257,10.009331428832423,1.7537880327255135,100.0,24.995266896385168,0.0,296.64844999999997,yes,,0.0,0.0,0.0,0.0,0.0,0.0,0.0,,,,,,,,legacy_unaligned,True
legacy_replay,43,17271684737988514838,16674642728411499993,safe_adaptive_hybrid,blind_43,0.9075069399946287,23.213635250396656,7.133839358540048,0.8052136357559924,100.0,24.91810588342914,0.0,291.40135,yes,,0.0,0.0,0.0,0.0,0.0,0.0,0.0,,,,,,,,legacy_unaligned,True
legacy_replay,44,8741657526254647773,4889036090055758018,safe_adaptive_hybrid,blind_44,1.1084264998807962,30.31772199977534,14.967944861101364,3.5002536097719785,100.0,24.215306134596354,0.0,304.03015,yes,,0.0,0.0,0.0,0.0,0.0,0.0,0.0,,,,,,,,legacy_unaligned,True
legacy_replay,45,15132433425372435506,12619866276639932811,safe_adaptive_hybrid,blind_45,1.1157741316907037,41.865368180317276,6.127530029928195,2.327762823591879,100.0,24.881357652604667,0.0,340.7537,no,peak_force,0.0,0.0,0.0,0.0,0.0,0.0,0.0,,,,,,,,legacy_unaligned,True
legacy_replay,46,1052847607800730164,16861890421311852620,safe_adaptive_hybrid,blind_46,2.0766183507344533,55.3091679031383,6.057324236574418,4.180997741463362,100.0,27.11250947319131,0.0,424.34124999999995,no,force_rmse;peak_force,0.0,0.0,0.0,0.0,0.0,0.0,0.0,,,,,,,,legacy_unaligned,True
legacy_replay,47,15762318482298756052,14142468612194278539,safe_adaptive_hybrid,blind_47,1.3809865561389585,40.79982322683949,18.002777459949638,3.7059406709974496,100.0,23.399332537892302,0.0,328.0643,no,peak_force;tangent_rmse,0.0,0.0,0.0,0.0,0.0,0.0,0.0,,,,,,,,legacy_unaligned,True
timing_only,0,16301434959511870338,1237627388685738049,safe_adaptive_hybrid,blind_00,3.43849978807013,39.28257173940826,8.72996237562202,6.751286567698423,100.0,22.788520846229247,0.0,329.69935,no,force_rmse;peak_force,,,,,,,,1.238,0.0190722355865084,23.411905503446455,39.28257173940826,0.08600000000000001,0.008611380923620852,14.712808359512875,aligned_split_step,True
timing_only,1,17525301306413689991,6910629524156363117,safe_adaptive_hybrid,blind_01,1.2548322073461935,35.889965147322414,16.126758036970724,1.985173011356764,100.0,23.00260674881489,0.0,295.25019999999995,no,peak_force;tangent_rmse,,,,,,,,0.47600000000000003,0.04175117489829995,20.43283460330488,35.889965147322414,0.004,0.016882726092506194,10.615012191370068,aligned_split_step,True
timing_only,2,9582396171392131757,11510007187665870296,safe_adaptive_hybrid,blind_02,1.1978344045118132,38.60054938279435,7.029975956688361,2.0725762237326997,100.0,24.550943981463643,0.0,313.8097,no,peak_force,,,,,,,,0.774,0.02740069174673099,17.71609622932273,38.60054938279435,0.006,0.02117636963963843,12.764688027324814,aligned_split_step,True
timing_only,3,2020940413233927572,6354302425675587931,safe_adaptive_hybrid,blind_03,1.094393400720787,34.92476830426667,6.337529947628135,1.9343399594920156,100.0,24.84312852949959,0.0,370.34355,yes,,,,,,,,,0.768,0.028181371313265802,18.587294490547347,34.92476830426667,0.0,0.019879481397187777,13.618251106130675,aligned_split_step,True
timing_only,4,4577279984682491532,6078883991136184361,safe_adaptive_hybrid,blind_04,1.1059639589413905,30.715611617046843,12.53159419451369,3.6881726000559714,100.0,25.07347391236582,0.0,327.00194999999997,yes,,,,,,,,,0.384,0.054989058768282924,28.739524750475063,30.715611617046843,0.0,0.030732624620181045,10.813344683202438,aligned_split_step,True
timing_only,5,12532684049207094977,15871473360209801291,safe_adaptive_hybrid,blind_05,0.9216110612489679,37.545129137364974,7.166757053633442,0.8279842710893544,100.0,24.740794770611892,0.0,329.89244999999994,no,peak_force,,,,,,,,0.636,0.12696600679092707,37.545129137364974,24.23054173731185,0.002,0.11029168757618235,11.954667773826682,aligned_split_step,True
timing_only,6,7882380471846633001,1368606503599248569,safe_adaptive_hybrid,blind_06,1.0991164146463366,31.48999714908615,11.516785075924176,2.6203052329735455,100.0,24.948914838274323,0.0,315.61945000000003,yes,,,,,,,,,0.438,0.04493846757281734,25.195515410130934,31.48999714908615,0.0,0.019853457285148157,10.994421831543885,aligned_split_step,True
timing_only,7,5165992133808271741,4212905083092472312,safe_adaptive_hybrid,blind_07,1.2696330730972527,37.74398142439885,16.4100585509646,3.3525634281382413,100.0,23.642238545727015,0.0,319.73629999999997,no,peak_force;tangent_rmse,,,,,,,,0.386,0.0533114667459504,30.08571295774135,37.74398142439885,0.018000000000000002,0.019431421295732523,10.715913753149064,aligned_split_step,True
timing_only,8,16600002752657376626,10536290159291755175,safe_adaptive_hybrid,blind_08,1.1205664988577895,33.888999541544166,9.306940369990638,0.8787552242167522,100.0,24.770647425896403,0.0,359.7916,yes,,,,,,,,,0.664,0.027729779374017896,15.480600597882116,33.888999541544166,0.0,0.027493287707304408,11.591895056350047,aligned_split_step,True
timing_only,9,4727713754755130212,15747546615271449326,safe_adaptive_hybrid,blind_09,1.3051778177278732,34.36542457281165,15.13758141945692,4.518593568130807,100.0,25.089477960388262,0.0,317.76205,no,tangent_rmse,,,,,,,,0.34,0.05761747067672341,33.53693841900042,34.36542457281165,0.0,0.024180840654444095,8.93200754733526,aligned_split_step,True
timing_only,10,3368952493427191032,13339311572783859749,safe_adaptive_hybrid,blind_10,3.198716043790413,65.06930773540364,7.0999200786938115,5.82219231553883,100.0,28.76839118667473,0.0,335.29195,no,force_rmse;peak_force,,,,,,,,0.84,0.15121612724470737,65.06930773540364,34.148693695868936,0.034,0.2659520810356789,12.711404612245301,aligned_split_step,True
timing_only,11,4985723986314484826,16966187773281696136,safe_adaptive_hybrid,blind_11,1.398623482873753,45.573344214195664,11.667954751883828,1.8983423787608937,100.0,22.909081184822227,0.0,297.9884,no,peak_force,,,,,,,,0.758,0.026490889162874422,15.972616886929181,45.573344214195664,0.148,0.017272979160935776,13.019744953637375,aligned_split_step,True
timing_only,12,6318558907587832529,9857423924251884370,safe_adaptive_hybrid,blind_12,1.156927765183089,32.024394445537276,13.666834672630815,3.916618737030178,100.0,25.046265728537957,0.0,327.68269999999995,yes,,,,,,,,,0.362,0.05394509481276685,29.609427705749987,32.024394445537276,0.0,0.01826330618217988,9.66818157456461,aligned_split_step,True
timing_only,13,2266360856331028307,12597869848009870893,safe_adaptive_hybrid,blind_13,1.4288944447982936,33.733431261734545,19.36386468087609,3.5549215633015776,100.0,22.987493355645242,0.0,316.41445,no,tangent_rmse,,,,,,,,0.378,0.05626645008381598,25.401313290359703,33.733431261734545,0.0,0.016634586444589348,9.701636348631105,aligned_split_step,True
timing_only,14,5664699892553429415,5312467931942670508,safe_adaptive_hybrid,blind_14,1.7455420610097687,32.01618833725516,16.3706412962833,4.901421570534564,100.0,25.16815013297098,0.0,658.8595999999997,no,tangent_rmse,,,,,,,,0.324,0.05855125953159363,31.876594932495532,32.01618833725516,0.0,0.016882932920985527,9.916922426857514,aligned_split_step,True
timing_only,15,15748750016057923799,3707057713348697014,safe_adaptive_hybrid,blind_15,1.0062106342306647,31.58481708149756,6.34239285415462,1.602279844479647,100.0,24.890476166103884,0.0,290.45160000000004,yes,,,,,,,,,0.756,0.024711267426659772,18.66794999482328,31.465816821148255,0.0,0.01238237389246557,13.155082703264421,aligned_split_step,True
timing_only,16,4056667601886005393,10980054781970848270,safe_adaptive_hybrid,blind_16,1.2932370294600573,41.669617437588,12.54207988244639,1.739213290515936,100.0,22.720782863692428,0.0,317.2431,no,peak_force,,,,,,,,0.76,0.027117446554027622,15.098892859214905,41.669617437588,0.08,0.015106229416270942,13.446676393923969,aligned_split_step,True
timing_only,17,3432959117752328276,7757180170299390242,safe_adaptive_hybrid,blind_17,1.0216004065690218,26.954582220105817,9.36760377315694,0.6366736164878668,100.0,24.23843988408283,0.0,301.4171,yes,,,,,,,,,0.716,0.028545113426454927,12.659137154613214,26.954582220105817,0.0,0.017807467724656613,12.078810498172686,aligned_split_step,True
timing_only,18,8441190078041215819,12461033608959630947,safe_adaptive_hybrid,blind_18,1.3221363435539135,35.75170621183256,20.279040401358518,3.5839127557000143,100.0,22.780832775707673,0.0,314.81364999999994,no,peak_force;tangent_rmse,,,,,,,,0.362,0.0524637306405285,22.820828171691126,35.75170621183256,0.002,0.021643616082615374,10.679991729092253,aligned_split_step,True
timing_only,19,18345636818655476024,12945287634900908892,safe_adaptive_hybrid,blind_19,1.3648159178421106,45.40828407417255,10.869671538597398,2.9941647005446606,100.0,22.869931957532053,0.0,297.8155,no,peak_force,,,,,,,,0.804,0.028771318580821013,17.858646152572703,45.40828407417255,0.16,0.015925134067934027,13.006494913925476,aligned_split_step,True
timing_only,20,4595252760521528541,6970030948923604672,safe_adaptive_hybrid,blind_20,1.0852399238974637,30.16834296996993,10.752695819605124,2.439989916138065,100.0,24.991281237666225,0.0,295.19559999999996,yes,,,,,,,,,0.458,0.0443226452112802,23.813014167978768,30.16834296996993,0.0,0.016381343571200965,11.149600234293212,aligned_split_step,True
timing_only,21,13431553198438227306,11638785163613676861,safe_adaptive_hybrid,blind_21,1.3758830092493533,41.84946946228478,15.723618882933092,3.5814182782930657,100.0,24.058101134633244,0.0,303.7304,no,peak_force;tangent_rmse,,,,,,,,0.38,0.05538587844131931,36.86574538600972,41.84946946228478,0.10400000000000001,0.02686650100798307,10.440152354097938,aligned_split_step,True
timing_only,22,308105591734041084,8511216903146091300,safe_adaptive_hybrid,blind_22,1.1882895166401024,30.762477234102246,11.848542129998936,3.270789326232542,100.0,25.095744373906165,0.0,319.05965000000003,yes,,,,,,,,,0.406,0.053020843869427965,27.09289316811226,30.762477234102246,0.0,0.013178891218145687,10.170933168492267,aligned_split_step,True
timing_only,23,7762164895732114258,6393277573368700675,safe_adaptive_hybrid,blind_23,1.017628408962269,65.33264722212284,5.863990554181909,2.00210219240526,100.0,24.879715506520004,0.0,371.1348,no,peak_force,,,,,,,,0.652,0.1850388497780503,65.33264722212284,31.06795890546224,0.026000000000000002,0.1850388497780503,1.1768282541076778,aligned_split_step,True
timing_only,24,15801246096548403211,16623392689781011005,safe_adaptive_hybrid,blind_24,1.1946673714184708,29.356071344275534,20.524877039535536,4.2746662929029435,100.0,23.15646881264571,0.0,319.5401,no,tangent_rmse,,,,,,,,0.338,0.05699622158871973,18.73359421740335,29.356071344275534,0.0,0.019040710008082357,10.22794949873606,aligned_split_step,True
timing_only,25,1867139436221958153,9399747717227457875,safe_adaptive_hybrid,blind_25,0.9975316072798304,24.518939313231535,13.233769684360563,4.064113231187963,100.0,25.104036272627607,0.0,317.14205,yes,,,,,,,,,0.366,0.05826980125827731,20.380758490839973,24.518939313231535,0.0,0.007931269698428063,9.196925737131572,aligned_split_step,True
timing_only,26,11592432456378200421,12285592182587332778,safe_adaptive_hybrid,blind_26,1.0510027960009107,26.75156520055931,10.716420022821598,2.563106349787869,100.0,24.99000663387422,0.0,304.71845,yes,,,,,,,,,0.45,0.04588479339105916,18.58009416646071,26.75156520055931,0.0,0.012778327028237287,10.499972310997988,aligned_split_step,True
timing_only,27,16523608553540347647,1571243207715084785,safe_adaptive_hybrid,blind_27,1.2866523824120466,39.551806962591535,10.317134943555205,0.3902319959278587,100.0,24.045865482387075,0.0,375.19975,no,peak_force,,,,,,,,0.678,0.02762081206853415,16.459819403104618,39.551806962591535,0.046,0.02051298296490433,11.392326908337632,aligned_split_step,True
timing_only,28,1511493531571902563,8975517840189399331,safe_adaptive_hybrid,blind_28,1.0564343592440752,56.71661535853186,5.974154822000751,2.222869322260316,100.0,24.862323149567114,0.0,523.13865,no,peak_force,,,,,,,,0.682,0.062032392034657685,56.71661535853186,33.41528172023162,0.012,0.12206694049608469,8.511374282592946,aligned_split_step,True
timing_only,29,16426500393162398356,3048709568809743662,safe_adaptive_hybrid,blind_29,0.9935300185212095,25.54973531073546,11.098168445959645,2.378574839875193,100.0,24.96711429045294,0.0,519.6456499999999,yes,,,,,,,,,0.454,0.04195635402187524,16.75637690266121,25.54973531073546,0.0,0.01692745739989181,10.357767058590358,aligned_split_step,True
timing_only,30,15222772503400557143,8585769581436669654,safe_adaptive_hybrid,blind_30,0.9501615571769124,23.76002589693296,14.512211189597842,4.355901039457218,100.0,25.068610533316775,0.0,418.35429999999997,yes,,,,,,,,,0.342,0.05563119162595251,19.110599650672988,23.76002589693296,0.0,0.013356968946430695,9.672472165562853,aligned_split_step,True
timing_only,31,15963951439796675841,14785856109203389861,safe_adaptive_hybrid,blind_31,1.371424452602283,46.50112897314519,11.462659114045543,2.0771288020745806,100.0,22.981224417159357,0.0,335.63509999999997,no,peak_force,,,,,,,,0.768,0.02859199897966862,18.089910731677605,46.50112897314519,0.23,0.016260185205179335,13.602075234431982,aligned_split_step,True
timing_only,32,9932953420175882799,1787605230633353366,safe_adaptive_hybrid,blind_32,1.6740275340387134,30.029360692826412,7.058760540544643,4.907543826325608,100.0,24.69353191637151,0.0,362.99465,yes,,,,,,,,,0.89,0.10331968944087133,30.029360692826412,24.586941458263,0.0,0.09230078472384226,10.537665493712458,aligned_split_step,True
timing_only,33,7046938307046653326,380702564837712535,safe_adaptive_hybrid,blind_33,1.535575007736247,36.7297469236798,18.03985788697943,3.724872206727063,100.0,23.65707204728799,0.0,359.4654,no,peak_force;tangent_rmse,,,,,,,,0.366,0.054834061201751515,29.138946314861755,36.7297469236798,0.018000000000000002,0.020472157964253723,9.848373601185129,aligned_split_step,True
timing_only,34,6608365354930343734,2244055173431547424,safe_adaptive_hybrid,blind_34,0.9376633381396983,25.946388242127526,7.426490293280873,1.0558189496391093,100.0,24.85005547667746,0.0,371.97009999999995,yes,,,,,,,,,0.742,0.027210854473177833,12.470167185603353,25.946388242127526,0.0,0.014242054387871302,12.879732296783923,aligned_split_step,True
timing_only,35,12371753132793142249,5026973335044610631,safe_adaptive_hybrid,blind_35,0.9327651360322524,23.55122021026383,10.439948788991654,2.154626828934396,100.0,25.009934130262913,0.0,367.7553499999999,yes,,,,,,,,,0.48,0.04034019366967669,15.248269451004406,23.55122021026383,0.0,0.019475103479725003,11.222075470746002,aligned_split_step,True
timing_only,36,17486143900228895629,1908510169880595116,safe_adaptive_hybrid,blind_36,1.2689958710348956,32.22295020034157,6.9394062316179745,4.066967139743836,100.0,24.735710611700117,0.0,319.19395000000003,yes,,,,,,,,,0.87,0.02665399801715436,17.685373777019358,32.22295020034157,0.0,0.01552758053796703,14.825107201381629,aligned_split_step,True
timing_only,37,4778364348318005161,8264065467822704700,safe_adaptive_hybrid,blind_37,2.3765937714102177,30.072273361628426,7.59158646323755,5.244272270320324,100.0,24.54180327898142,0.0,322.12019999999995,no,force_rmse,,,,,,,,0.976,0.023251552833348316,21.996610933492203,30.072273361628426,0.0,0.014167556958489355,14.628713906958273,aligned_split_step,True
timing_only,38,16419433584203198316,15393748500866209412,safe_adaptive_hybrid,blind_38,1.1924302805298355,31.412864024874345,13.395564361065684,2.1229343522232176,100.0,23.85376760155602,0.0,339.69034999999997,yes,,,,,,,,,0.47800000000000004,0.043607285560079506,19.402666097604214,31.412864024874345,0.0,0.018501354201262626,10.96875457246924,aligned_split_step,True
timing_only,39,16230882037532323995,12979726015522266593,safe_adaptive_hybrid,blind_39,1.1341370500737682,30.00772099140128,11.78638377977911,2.6893553502593828,100.0,24.77093947051463,0.0,307.89615,yes,,,,,,,,,0.436,0.04680194365013755,23.32728567485763,30.00772099140128,0.0,0.020118766223486136,10.687873875201136,aligned_split_step,True
timing_only,40,6962791529958519731,4121268961919417700,safe_adaptive_hybrid,blind_40,2.2890931839583413,63.14242970999624,6.2895432674148894,4.766175142461405,100.0,27.881856210297776,0.0,370.6591,no,force_rmse;peak_force,,,,,,,,0.712,0.20124417944641654,63.14242970999624,35.96415075545483,0.038,0.24897168263615901,14.315024105375636,aligned_split_step,True
timing_only,41,17629201266240775912,14920663675138664996,safe_adaptive_hybrid,blind_41,1.1445281029548977,29.88934589230273,11.698996007563725,1.049801563623138,100.0,23.882648308002906,0.0,318.35434999999995,yes,,,,,,,,,0.622,0.027671924743977193,13.08950248096959,29.88934589230273,0.0,0.015965028847172984,12.045072090685876,aligned_split_step,True
timing_only,42,14853935868330129831,15924154672467842439,safe_adaptive_hybrid,blind_42,0.9310994600115216,24.150894304957003,10.01930287940614,1.7557043617090136,100.0,24.99138013714151,0.0,352.56804999999997,yes,,,,,,,,,0.536,0.035405421398679235,13.370739541619361,24.150894304957003,0.0,0.024667753102009936,11.303104798386519,aligned_split_step,True
timing_only,43,17271684737988514838,16674642728411499993,safe_adaptive_hybrid,blind_43,0.9169783493024598,23.745115067599258,7.142594013185058,0.804265233053458,100.0,24.919198566329534,0.0,346.5132,yes,,,,,,,,,0.718,0.028472292515848218,12.639232796930054,23.511484814959708,0.0,0.013682177459321335,12.417349533529123,aligned_split_step,True
timing_only,44,8741657526254647773,4889036090055758018,safe_adaptive_hybrid,blind_44,1.1279065561949169,30.586396599221505,14.957014296964775,3.503174757412644,100.0,24.215675297352035,0.0,271.80145,yes,,,,,,,,,0.384,0.053612138133160445,24.150252131723455,30.586396599221505,0.0,0.0211338410219305,9.44314536095002,aligned_split_step,True
timing_only,45,15132433425372435506,12619866276639932811,safe_adaptive_hybrid,blind_45,1.1078783139481396,42.930225352809884,6.142568306298507,2.32579836879347,100.0,24.885330772136207,0.0,289.79209999999995,no,peak_force,,,,,,,,0.788,0.06647039679788982,42.930225352809884,35.35274645197531,0.004,0.06647039679788982,8.355212490434177,aligned_split_step,True
timing_only,46,1052847607800730164,16861890421311852620,safe_adaptive_hybrid,blind_46,2.1653472903034907,56.28336789417944,6.015734363674368,4.224902770260356,100.0,27.425916747485157,0.0,358.78675,no,force_rmse;peak_force,,,,,,,,0.602,0.06934017960168734,56.28336789417944,37.55604726116888,0.024,0.2063633598833549,14.571117476236763,aligned_split_step,True
timing_only,47,15762318482298756052,14142468612194278539,safe_adaptive_hybrid,blind_47,1.3998542093991349,41.187653868738316,17.9790831528271,3.709715205378655,100.0,23.406047715311615,0.0,314.00285,no,peak_force;tangent_rmse,,,,,,,,0.37,0.05674922857358492,34.39394572442271,41.187653868738316,0.114,0.019293740305014344,10.606961429874204,aligned_split_step,True
consistent_reference,0,16301434959511870338,1237627388685738049,safe_adaptive_hybrid,blind_00,3.2827676818256144,40.06073764554829,9.097742678960579,6.756365143252975,100.0,22.846535176074386,0.0,316.0511,no,force_rmse;peak_force,,,,,,,,0.8280000000000001,0.023781573190540372,15.317376691021051,40.06073764554829,0.08,0.008553541605742215,14.756527983625677,aligned_split_step,True
consistent_reference,1,17525301306413689991,6910629524156363117,safe_adaptive_hybrid,blind_01,1.339257360902972,37.59375976415099,16.024493239662135,1.9873007838060772,100.0,22.996033761259483,0.0,318.66454999999996,no,peak_force;tangent_rmse,,,,,,,,0.466,0.04154605030413978,20.881725950116717,37.59375976415099,0.018000000000000002,0.018100628231247376,10.272137110325646,aligned_split_step,True
consistent_reference,2,9582396171392131757,11510007187665870296,safe_adaptive_hybrid,blind_02,1.1511042756917413,38.15050543103018,6.96633859801227,2.0736361469569777,100.0,24.539051756557747,0.0,311.2562,no,peak_force,,,,,,,,0.64,0.028166144235380643,18.912717535667472,38.15050543103018,0.006,0.02061544441317905,12.521301660969046,aligned_split_step,True
consistent_reference,3,2020940413233927572,6354302425675587931,safe_adaptive_hybrid,blind_03,1.072408484233236,34.81443226732263,6.299758647318627,1.9354204243551418,100.0,24.839420901558785,0.0,297.1892,yes,,,,,,,,,0.634,0.02769944215294918,17.398134325617132,34.81443226732263,0.0,0.019886187916248545,13.725217132033242,aligned_split_step,True
consistent_reference,4,4577279984682491532,6078883991136184361,safe_adaptive_hybrid,blind_04,1.107969568608723,30.11522897315725,12.509161800135992,3.6885357614982452,100.0,25.06197908560582,0.0,307.5651,yes,,,,,,,,,0.384,0.054989058768282924,28.739524750475063,30.11522897315725,0.0,0.02285172753239304,9.812349844131637,aligned_split_step,True
consistent_reference,5,12532684049207094977,15871473360209801291,safe_adaptive_hybrid,blind_05,0.9367846912660083,34.16461171059116,7.104311200249182,0.8278963929288536,100.0,24.732003318684402,0.0,402.12335,yes,,,,,,,,,0.518,0.09972451611320614,34.16461171059116,24.494943653069164,0.0,0.09428154847808588,11.009151134170073,aligned_split_step,True
consistent_reference,6,7882380471846633001,1368606503599248569,safe_adaptive_hybrid,blind_06,1.0131966361290399,31.046587056880252,11.468855895220802,2.622539329654636,100.0,24.949841074029965,0.0,311.96074999999996,yes,,,,,,,,,0.438,0.04496093576143681,25.41985018865792,31.046587056880252,0.0,0.018589898468797515,10.919398354675925,aligned_split_step,True
consistent_reference,7,5165992133808271741,4212905083092472312,safe_adaptive_hybrid,blind_07,1.2342168519668266,37.096691812383085,16.360334232774836,3.3536445087625077,100.0,23.634452148286954,0.0,296.0972,no,peak_force;tangent_rmse,,,,,,,,0.384,0.05334773847205928,28.477396148069992,37.096691812383085,0.022,0.019722502982274986,10.696605625255486,aligned_split_step,True
consistent_reference,8,16600002752657376626,10536290159291755175,safe_adaptive_hybrid,blind_08,1.0887615404884332,32.620652955427985,9.243978569873331,0.879815392049567,100.0,24.76690104023133,0.0,310.17184999999995,yes,,,,,,,,,0.544,0.029604627940571667,16.705468395720548,32.620652955427985,0.0,0.0180701510844975,11.340367691872885,aligned_split_step,True
consistent_reference,9,4727713754755130212,15747546615271449326,safe_adaptive_hybrid,blind_09,1.3065220902590762,33.644661705802896,15.126737760368155,4.518538093148207,100.0,25.086878509136767,0.0,300.95279999999997,no,tangent_rmse,,,,,,,,0.34,0.05761747067672341,33.53693841900042,33.644661705802896,0.0,0.021475769266305476,9.281170821591711,aligned_split_step,True
consistent_reference,10,3368952493427191032,13339311572783859749,safe_adaptive_hybrid,blind_10,3.0975377093439156,63.262286747956516,7.111534380649563,5.815524467446311,100.0,28.585820660878458,0.0,394.34324999999995,no,force_rmse;peak_force,,,,,,,,0.594,0.12543792948493174,63.262286747956516,32.35360254055346,0.028,0.2661249007650801,13.16039262267635,aligned_split_step,True
consistent_reference,11,4985723986314484826,16966187773281696136,safe_adaptive_hybrid,blind_11,1.433797242513403,45.741737203607116,11.569120123615004,1.898753457856541,100.0,22.889259997626187,0.0,322.8456,no,peak_force,,,,,,,,0.628,0.027976245027516944,16.79096008798484,45.741737203607116,0.164,0.017508229674721293,12.896976982129503,aligned_split_step,True
consistent_reference,12,6318558907587832529,9857423924251884370,safe_adaptive_hybrid,blind_12,1.1371310994229797,32.3370127300019,13.63776277056528,3.918009153393013,100.0,25.05199317357395,0.0,306.31325,yes,,,,,,,,,0.362,0.05394509481276685,29.609427705749987,32.3370127300019,0.0,0.018774523344008497,9.167831854887794,aligned_split_step,True
consistent_reference,13,2266360856331028307,12597869848009870893,safe_adaptive_hybrid,blind_13,1.399795196155964,33.72031763494237,19.322489180085512,3.5553465527347115,100.0,22.97812082554982,0.0,303.3761,no,tangent_rmse,,,,,,,,0.378,0.05626645008381598,25.401313290359703,33.72031763494237,0.0,0.016601306313537408,9.691587464080195,aligned_split_step,True
consistent_reference,14,5664699892553429415,5312467931942670508,safe_adaptive_hybrid,blind_14,1.709896858478817,31.97875271107104,16.361859876789197,4.901627998737738,100.0,25.165220345867635,0.0,309.27785,no,tangent_rmse,,,,,,,,0.324,0.05855125953159363,31.876594932495532,31.97875271107104,0.0,0.016897463928626122,9.89246060681881,aligned_split_step,True
consistent_reference,15,15748750016057923799,3707057713348697014,safe_adaptive_hybrid,blind_15,1.0523379194615072,31.15297503362464,6.292110336200004,1.6032629268835619,100.0,24.880495603470013,0.0,320.5035,yes,,,,,,,,,0.618,0.03511902691107686,19.73439599270806,31.15297503362464,0.0,0.02241961201681041,13.060265621703868,aligned_split_step,True
consistent_reference,16,4056667601886005393,10980054781970848270,safe_adaptive_hybrid,blind_16,1.2699626007133777,40.93795811202092,12.465837216395347,1.73901353311712,100.0,22.71714848729525,0.0,302.4486,no,peak_force,,,,,,,,0.626,0.02680676560513163,14.874458444454293,40.93795811202092,0.078,0.014722768144195913,13.393639552647697,aligned_split_step,True
consistent_reference,17,3432959117752328276,7757180170299390242,safe_adaptive_hybrid,blind_17,1.0025257168165524,26.927887279046825,9.296484847555606,0.6360813004035478,100.0,24.23616782083303,0.0,302.0294,yes,,,,,,,,,0.588,0.029667487286776796,12.226912512495348,26.927887279046825,0.0,0.017541702626025498,12.049182878742334,aligned_split_step,True
consistent_reference,18,8441190078041215819,12461033608959630947,safe_adaptive_hybrid,blind_18,1.2346471070165048,34.11682814231557,20.16745108544264,3.5870890103338438,100.0,22.77540612788655,0.0,290.73095,no,tangent_rmse,,,,,,,,0.362,0.0524637306405285,22.820828171691126,34.11682814231557,0.0,0.015222334573680062,10.333533378059503,aligned_split_step,True
consistent_reference,19,18345636818655476024,12945287634900908892,safe_adaptive_hybrid,blind_19,1.4089219393897345,44.51544769129383,10.766293680373714,2.995151205840639,100.0,22.85153408642602,0.0,293.5833,no,peak_force,,,,,,,,0.668,0.028916923283177725,17.65057369503975,44.51544769129383,0.148,0.014607519599106812,13.088008615496864,aligned_split_step,True
consistent_reference,20,4595252760521528541,6970030948923604672,safe_adaptive_hybrid,blind_20,1.0403700005850671,30.069827259800174,10.69818679181472,2.442151702363899,100.0,24.985536394259235,0.0,333.77354999999994,yes,,,,,,,,,0.456,0.04429524591126566,23.77110381836664,30.069827259800174,0.0,0.019402740824819947,10.954905715234684,aligned_split_step,True
consistent_reference,21,13431553198438227306,11638785163613676861,safe_adaptive_hybrid,blind_21,1.3579656637397215,42.19289230722531,15.701296016502077,3.581652193677655,100.0,24.054875564358813,0.0,286.35835,no,peak_force;tangent_rmse,,,,,,,,0.38,0.05538587844131931,36.86574538600972,42.19289230722531,0.10200000000000001,0.023636852031048296,10.400294789366455,aligned_split_step,True
consistent_reference,22,308105591734041084,8511216903146091300,safe_adaptive_hybrid,blind_22,1.1134979936974227,28.517561235793792,11.810501005374215,3.2722618682627074,100.0,25.091924835245408,0.0,305.49159999999995,yes,,,,,,,,,0.406,0.053020843869427965,27.09289316811226,28.517561235793792,0.0,0.026696725389708357,10.252974844092558,aligned_split_step,True
consistent_reference,23,7762164895732114258,6393277573368700675,safe_adaptive_hybrid,blind_23,1.0490451445130138,68.35753194814829,5.831144324560107,2.003093303616564,100.0,24.870658386172405,0.0,283.6672,no,peak_force,,,,,,,,0.534,0.15400977506531457,68.35753194814829,31.671143199131283,0.026000000000000002,0.19372134968605229,8.486635235889395,aligned_split_step,True
consistent_reference,24,15801246096548403211,16623392689781011005,safe_adaptive_hybrid,blind_24,1.0828817539003788,29.289122083303493,20.429458537271277,4.279128690252431,100.0,23.175478715505246,0.0,302.69215,no,tangent_rmse,,,,,,,,0.338,0.05699622158871973,18.73359421740335,29.289122083303493,0.0,0.018976365486938537,10.137109354742373,aligned_split_step,True
consistent_reference,25,1867139436221958153,9399747717227457875,safe_adaptive_hybrid,blind_25,0.945155803017453,24.25415234806783,13.213438781849009,4.064674013972132,100.0,25.09902887363344,0.0,270.10114999999996,yes,,,,,,,,,0.366,0.05828980411572833,20.449426178757744,24.25415234806783,0.0,0.007281129372059068,9.011833003706137,aligned_split_step,True
consistent_reference,26,11592432456378200421,12285592182587332778,safe_adaptive_hybrid,blind_26,0.9538737460477711,25.119053697708228,10.658768974048659,2.565611427919629,100.0,24.987964973301434,0.0,320.1814,yes,,,,,,,,,0.44,0.04526564081323608,18.08037329399992,25.119053697708228,0.0,0.019859220051249637,10.214208305033088,aligned_split_step,True
consistent_reference,27,16523608553540347647,1571243207715084785,safe_adaptive_hybrid,blind_27,1.2330048763411414,39.23302707363404,10.231037431798182,0.3912109039107202,100.0,24.048257859412786,0.0,274.68405,no,peak_force,,,,,,,,0.556,0.028578292522827658,17.87127867121711,39.23302707363404,0.042,0.020979721195673668,11.665256317668556,aligned_split_step,True
consistent_reference,28,1511493531571902563,8975517840189399331,safe_adaptive_hybrid,blind_28,1.0736081272424403,50.27423826876313,5.922094261505172,2.2237502406821648,100.0,24.849064144891244,0.0,316.82495,no,peak_force,,,,,,,,0.5740000000000001,0.07045533745530695,50.27423826876313,31.27984095040355,0.01,0.11048703451702697,9.911954704014132,aligned_split_step,True
consistent_reference,29,16426500393162398356,3048709568809743662,safe_adaptive_hybrid,blind_29,0.9728987917502592,25.87801708982618,11.05452071257936,2.380110874411261,100.0,24.96277296359664,0.0,295.38045,yes,,,,,,,,,0.45,0.0420377693182381,17.62579098149506,25.87801708982618,0.0,0.016132716231018272,10.266786156131841,aligned_split_step,True
consistent_reference,30,15222772503400557143,8585769581436669654,safe_adaptive_hybrid,blind_30,0.9196140593122754,23.053254201794246,14.502874332212798,4.356462467473881,100.0,25.074133804471096,0.0,288.89515,yes,,,,,,,,,0.342,0.05563119162595251,19.110599650672988,23.053254201794246,0.0,0.011795696184517835,8.922869852883851,aligned_split_step,True
consistent_reference,31,15963951439796675841,14785856109203389861,safe_adaptive_hybrid,blind_31,1.4656128662570895,47.839504764268966,11.348998590116498,2.076411386666772,100.0,22.971547791564007,0.0,297.30345,no,peak_force,,,,,,,,0.636,0.0272683461808153,17.044793298719693,47.839504764268966,0.202,0.01923776105687989,13.730637586548387,aligned_split_step,True
consistent_reference,32,9932953420175882799,1787605230633353366,safe_adaptive_hybrid,blind_32,1.5957809125192934,33.00124520682822,7.0680771053489515,4.914648997880819,100.0,24.693834303392887,0.0,287.10240000000005,yes,,,,,,,,,0.716,0.09328724462522235,33.00124520682822,24.720554761215702,0.0,0.09499426590404596,11.953664422977633,aligned_split_step,True
consistent_reference,33,7046938307046653326,380702564837712535,safe_adaptive_hybrid,blind_33,1.5131143798025712,36.26853634260297,18.0074685565223,3.7253152131349974,100.0,23.650245277007965,0.0,312.6492,no,peak_force;tangent_rmse,,,,,,,,0.366,0.054834061201751515,29.138946314861755,36.26853634260297,0.016,0.022408787701156608,9.973121922032286,aligned_split_step,True
consistent_reference,34,6608365354930343734,2244055173431547424,safe_adaptive_hybrid,blind_34,0.9593248712197342,25.46660027916879,7.366252966413568,1.0566162339721656,100.0,24.84209818209264,0.0,291.57974999999993,yes,,,,,,,,,0.61,0.027470045336240465,12.100877784897225,25.46660027916879,0.0,0.019010878868281827,13.25521810504844,aligned_split_step,True
consistent_reference,35,12371753132793142249,5026973335044610631,safe_adaptive_hybrid,blind_35,0.9477362597621022,24.50472667341785,10.391787647948904,2.1562418282668427,100.0,25.004435868932898,0.0,315.80424999999997,yes,,,,,,,,,0.468,0.040279819652502546,15.208380040950543,24.50472667341785,0.0,0.019374987932817184,10.283898548424606,aligned_split_step,True
consistent_reference,36,17486143900228895629,1908510169880595116,safe_adaptive_hybrid,blind_36,1.249045962099074,31.75254164062581,6.933030578746402,4.070297787627927,100.0,24.732260958711567,0.0,292.43449999999996,yes,,,,,,,,,0.724,0.02919734829428265,16.743873381896684,31.75254164062581,0.0,0.015344730713275863,14.679127447541036,aligned_split_step,True
consistent_reference,37,4778364348318005161,8264065467822704700,safe_adaptive_hybrid,blind_37,2.371332588639607,30.090908550074296,7.607913338294607,5.248946957990762,100.0,24.54324882434221,0.0,518.27175,no,force_rmse,,,,,,,,0.78,0.025838878094700105,17.10198470069782,30.090908550074296,0.0,0.014099313267019308,14.97123727306176,aligned_split_step,True
consistent_reference,38,16419433584203198316,15393748500866209412,safe_adaptive_hybrid,blind_38,1.1871984523010888,31.56762373229359,13.298054478240136,2.1258475064380042,100.0,23.850107270930774,0.0,288.52485,yes,,,,,,,,,0.46,0.04278061980282327,19.528866331181234,31.56762373229359,0.0,0.019144344217070723,10.618077786105534,aligned_split_step,True
consistent_reference,39,16230882037532323995,12979726015522266593,safe_adaptive_hybrid,blind_39,1.0895096490139247,29.539749740018163,11.73653705363116,2.690992756498387,100.0,24.76265223153861,0.0,307.16255,yes,,,,,,,,,0.436,0.04686944947510941,23.673804854568708,29.539749740018163,0.0,0.01919462274687214,10.699973189024899,aligned_split_step,True
consistent_reference,40,6962791529958519731,4121268961919417700,safe_adaptive_hybrid,blind_40,2.27959404219921,61.592281313845696,6.312906466648016,4.757905341674479,100.0,27.68526592000228,0.0,316.0708,no,force_rmse;peak_force,,,,,,,,0.582,0.21033117335788193,61.592281313845696,36.4454490173028,0.034,0.2434235609308694,13.615932330343599,aligned_split_step,True
consistent_reference,41,17629201266240775912,14920663675138664996,safe_adaptive_hybrid,blind_41,1.0740129651110542,29.437907983874897,11.61879092612064,1.0517372932601188,100.0,23.883800847482835,0.0,297.6636,yes,,,,,,,,,0.518,0.03142358066145893,13.426263676938932,29.437907983874897,0.0,0.014753413802331344,11.950967443986297,aligned_split_step,True
consistent_reference,42,14853935868330129831,15924154672467842439,safe_adaptive_hybrid,blind_42,0.868666312946364,23.74490689552288,9.955509203329987,1.7578406126453037,100.0,24.98402003732726,0.0,300.43629999999996,yes,,,,,,,,,0.504,0.03581775015648195,12.909639001321906,23.74490689552288,0.0,0.025642810610779054,11.093125637965786,aligned_split_step,True
consistent_reference,43,17271684737988514838,16674642728411499993,safe_adaptive_hybrid,blind_43,0.850943307644484,23.259326801465548,7.087862397000078,0.8050451108873189,100.0,24.910147073867368,0.0,510.6226,yes,,,,,,,,,0.59,0.027560166036216818,12.20261394591897,23.259326801465548,0.0,0.017244855161720345,12.25579240282131,aligned_split_step,True
consistent_reference,44,8741657526254647773,4889036090055758018,safe_adaptive_hybrid,blind_44,1.1081460124096567,30.591848336617954,14.899919299270914,3.5053788946850584,100.0,24.219346516743958,0.0,303.93254999999994,yes,,,,,,,,,0.384,0.053612138133160445,24.150252131723455,30.591848336617954,0.0,0.021456090371022973,9.41677171587078,aligned_split_step,True
consistent_reference,45,15132433425372435506,12619866276639932811,safe_adaptive_hybrid,blind_45,1.1507500083762858,42.90470218836179,6.1080107546276965,2.327978963802968,100.0,24.874581159730155,0.0,326.7659,no,peak_force,,,,,,,,0.624,0.07506092784695934,42.90470218836179,35.78059347457989,0.02,0.08705121473477226,9.667946702821508,aligned_split_step,True
consistent_reference,46,1052847607800730164,16861890421311852620,safe_adaptive_hybrid,blind_46,2.131699889481391,54.270342339170014,6.0344304905027855,4.217144606082187,100.0,27.267907629464645,0.0,316.13045,no,force_rmse;peak_force,,,,,,,,0.5740000000000001,0.22243626342174228,54.270342339170014,36.770331448457874,0.03,0.21250724291238388,14.08202551212257,aligned_split_step,True
consistent_reference,47,15762318482298756052,14142468612194278539,safe_adaptive_hybrid,blind_47,1.348386519407992,40.221028314575825,17.933892431325965,3.7109588725502185,100.0,23.40434666655735,0.0,292.72675,no,peak_force;tangent_rmse,,,,,,,,0.37,0.05674922857358492,34.39394572442271,40.221028314575825,0.084,0.017493822869168403,10.160097152285491,aligned_split_step,True
rate_limited_reference,0,16301434959511870338,1237627388685738049,rate_limited_adaptive_hybrid,blind_00,3.272718644420908,40.32674603916539,9.002051141763003,6.753129033334667,100.0,22.834948461158195,0.0,332.71254999999996,no,force_rmse;peak_force,,,,,,,,1.03,0.021139924117013646,21.212694119172834,40.32674603916539,0.082,0.008614826862838354,14.688745154934928,aligned_split_step,True
rate_limited_reference,1,17525301306413689991,6910629524156363117,rate_limited_adaptive_hybrid,blind_01,1.263383694663827,38.01498528290948,16.19218939392149,1.9837731620922854,100.0,23.00555240513935,0.0,324.51374999999996,no,peak_force;tangent_rmse,,,,,,,,0.47600000000000003,0.04175117489829995,20.43283460330488,38.01498528290948,0.012,0.018597036904339802,10.655919241010789,aligned_split_step,True
rate_limited_reference,2,9582396171392131757,11510007187665870296,rate_limited_adaptive_hybrid,blind_02,1.1671895329500421,36.67485682708865,7.009855622788677,2.073490120206627,100.0,24.541447482092668,0.0,326.26455,no,peak_force,,,,,,,,0.754,0.02780152155993116,18.85559706655941,36.67485682708865,0.006,0.01820957876428574,12.990486196306698,aligned_split_step,True
rate_limited_reference,3,2020940413233927572,6354302425675587931,rate_limited_adaptive_hybrid,blind_03,1.0970110814693819,34.92092249600228,6.322031932999756,1.9348520002285334,100.0,24.840550443209718,0.0,320.3707,yes,,,,,,,,,0.746,0.024511064004851146,16.54583603873489,34.92092249600228,0.0,0.02018838059553703,13.730549026883512,aligned_split_step,True
rate_limited_reference,4,4577279984682491532,6078883991136184361,rate_limited_adaptive_hybrid,blind_04,1.1131855617294906,31.474504556222577,12.506739253060035,3.689065677113699,100.0,25.062881189416796,0.0,565.7992499999999,yes,,,,,,,,,0.384,0.054989058768282924,28.739524750475063,31.474504556222577,0.0,0.029755006065086603,10.653348036083582,aligned_split_step,True
rate_limited_reference,5,12532684049207094977,15871473360209801291,rate_limited_adaptive_hybrid,blind_05,0.9303522858743145,27.724327399918213,7.186811829907292,0.8289985898686282,100.0,24.7438845167766,0.0,387.65825,yes,,,,,,,,,0.634,0.1056800661557495,27.724327399918213,24.593456548103386,0.0,0.08685441147589372,8.397853785909312,aligned_split_step,True
rate_limited_reference,6,7882380471846633001,1368606503599248569,rate_limited_adaptive_hybrid,blind_06,1.1080563695486296,31.629573587679484,11.540974176923081,2.619580103868621,100.0,24.95502411987053,0.0,361.2885,yes,,,,,,,,,0.438,0.04493846757281734,25.195515410130934,31.629573587679484,0.0,0.023235126894279572,11.599154813409312,aligned_split_step,True
rate_limited_reference,7,5165992133808271741,4212905083092472312,rate_limited_adaptive_hybrid,blind_07,1.290137716119636,38.132211521572515,16.4520498011379,3.3501459946560237,100.0,23.626748702265974,0.0,360.50825,no,peak_force;tangent_rmse,,,,,,,,0.386,0.0533114667459504,30.08571295774135,38.132211521572515,0.02,0.020703166793348278,10.66863897245281,aligned_split_step,True
rate_limited_reference,8,16600002752657376626,10536290159291755175,rate_limited_adaptive_hybrid,blind_08,1.1323342418255098,32.805381634256435,9.297466536417211,0.8787713858375438,100.0,24.77231652530978,0.0,354.05535000000003,yes,,,,,,,,,0.634,0.024700695870069102,13.851776978686598,32.805381634256435,0.0,0.019228196485271354,11.685861782928466,aligned_split_step,True
rate_limited_reference,9,4727713754755130212,15747546615271449326,rate_limited_adaptive_hybrid,blind_09,1.3118415912969321,34.58149999141034,15.12152705332061,4.519008734444563,100.0,25.0816157244015,0.0,339.16355,no,tangent_rmse,,,,,,,,0.34,0.05761747067672341,33.53693841900042,34.58149999141034,0.0,0.022831484353135954,9.844139655487677,aligned_split_step,True
rate_limited_reference,10,3368952493427191032,13339311572783859749,rate_limited_adaptive_hybrid,blind_10,3.1021934775518734,64.92242338242508,7.152265683134953,5.815816660984509,100.0,28.64714173798913,0.0,403.561,no,force_rmse;peak_force,,,,,,,,0.966,0.2041688973968459,64.92242338242508,31.958179791542197,0.032,0.26703407446578864,12.260929498558331,aligned_split_step,True
rate_limited_reference,11,4985723986314484826,16966187773281696136,rate_limited_adaptive_hybrid,blind_11,1.4339113130514094,42.710041046182155,11.6526811939648,1.8996562161171135,100.0,22.89728517391801,0.0,340.24019999999996,no,peak_force,,,,,,,,0.734,0.025556828734541754,13.956675622896173,42.710041046182155,0.156,0.013756335917732848,12.466486765215459,aligned_split_step,True
rate_limited_reference,12,6318558907587832529,9857423924251884370,rate_limited_adaptive_hybrid,blind_12,1.1176512285339149,32.37592213877729,13.657953417555893,3.917560133604656,100.0,25.05312084794077,0.0,383.62964999999997,yes,,,,,,,,,0.362,0.05394509481276685,29.609427705749987,32.37592213877729,0.0,0.018661083797059774,9.346463738695205,aligned_split_step,True
rate_limited_reference,13,2266360856331028307,12597869848009870893,rate_limited_adaptive_hybrid,blind_13,1.4507048211376725,35.015763514248654,19.38848678949936,3.554670186365159,100.0,22.992420134569404,0.0,364.87089999999995,no,peak_force;tangent_rmse,,,,,,,,0.378,0.05626645008381598,25.401313290359703,35.015763514248654,0.002,0.01962361493361307,10.166655598438117,aligned_split_step,True
rate_limited_reference,14,5664699892553429415,5312467931942670508,rate_limited_adaptive_hybrid,blind_14,1.7375526063998477,32.18106485439636,16.380208002233406,4.900663293930796,100.0,25.158044215889486,0.0,338.01565,no,tangent_rmse,,,,,,,,0.324,0.05855125953159363,31.876594932495532,32.18106485439636,0.0,0.017181117005007532,9.956841946240141,aligned_split_step,True
rate_limited_reference,15,15748750016057923799,3707057713348697014,rate_limited_adaptive_hybrid,blind_15,1.037744402361247,31.69101938643307,6.3247200025929216,1.6029887182024214,100.0,24.882448833872434,0.0,377.66515000000004,yes,,,,,,,,,0.72,0.028035288486072566,20.329860597438806,31.69101938643307,0.0,0.01617362907888362,13.588506928294906,aligned_split_step,True
rate_limited_reference,16,4056667601886005393,10980054781970848270,rate_limited_adaptive_hybrid,blind_16,1.317747486907414,41.80587063507386,12.519270371922024,1.7398854934999592,100.0,22.716287541231992,0.0,346.36389999999994,no,peak_force,,,,,,,,0.734,0.024673836057525014,14.181068615147675,41.80587063507386,0.08600000000000001,0.0157340027356611,13.437161103258275,aligned_split_step,True
rate_limited_reference,17,3432959117752328276,7757180170299390242,rate_limited_adaptive_hybrid,blind_17,0.9992069523595091,27.250376245002172,9.34995015936921,0.6363911607784132,100.0,24.24090545104039,0.0,343.73075,yes,,,,,,,,,0.6900000000000001,0.026320531511611497,12.609033662442895,27.250376245002172,0.0,0.0184210106551937,12.413991417867962,aligned_split_step,True
rate_limited_reference,18,8441190078041215819,12461033608959630947,rate_limited_adaptive_hybrid,blind_18,1.3103875118726875,34.79430432853789,20.263565347296655,3.5841335955761204,100.0,22.77478468572833,0.0,389.1816,no,tangent_rmse,,,,,,,,0.362,0.0524637306405285,22.820828171691126,34.79430432853789,0.0,0.01687681288152635,10.524633897038083,aligned_split_step,True
rate_limited_reference,19,18345636818655476024,12945287634900908892,rate_limited_adaptive_hybrid,blind_19,1.2953488636470478,41.969439488944055,10.845358642185245,2.9946873674513843,100.0,22.867602681724634,0.0,438.7121499999999,no,peak_force,,,,,,,,0.784,0.02789825589048261,16.907993103749437,41.969439488944055,0.148,0.011480137025375288,14.162272138728257,aligned_split_step,True
rate_limited_reference,20,4595252760521528541,6970030948923604672,rate_limited_adaptive_hybrid,blind_20,1.1451374169461623,30.175128194821728,10.791574645540596,2.4383445955552574,100.0,24.993787841577596,0.0,345.13945,yes,,,,,,,,,0.458,0.0443226452112802,23.813014167978768,30.175128194821728,0.0,0.020476247391829034,10.921167943076966,aligned_split_step,True
rate_limited_reference,21,13431553198438227306,11638785163613676861,rate_limited_adaptive_hybrid,blind_21,1.3883757046388858,42.40913250707611,15.727494723780731,3.5815197899911855,100.0,24.05728974116398,0.0,333.6392,no,peak_force;tangent_rmse,,,,,,,,0.38,0.05538587844131931,36.86574538600972,42.40913250707611,0.106,0.025536275009759413,10.538883965027974,aligned_split_step,True
rate_limited_reference,22,308105591734041084,8511216903146091300,rate_limited_adaptive_hybrid,blind_22,1.2461546842351932,30.685323478835038,11.873491575981825,3.2698782879157946,100.0,25.098171020000002,0.0,343.4849,yes,,,,,,,,,0.406,0.053020843869427965,27.09289316811226,30.685323478835038,0.0,0.015362717558564297,10.269002143957477,aligned_split_step,True
rate_limited_reference,23,7762164895732114258,6393277573368700675,rate_limited_adaptive_hybrid,blind_23,1.0750440104759262,61.61287198163754,5.865915505377794,2.00292862614421,100.0,24.876304762081237,0.0,348.778,no,peak_force,,,,,,,,0.654,0.16717637073167643,61.61287198163754,31.64147011487329,0.022,0.17312582043638122,10.844242569489953,aligned_split_step,True
rate_limited_reference,24,15801246096548403211,16623392689781011005,rate_limited_adaptive_hybrid,blind_24,1.0792642757205548,28.371546293342643,20.476936264296572,4.277568027449866,100.0,23.17190697635768,0.0,361.1905,no,tangent_rmse,,,,,,,,0.338,0.05699622158871973,18.73359421740335,28.371546293342643,0.0,0.018530807895301222,10.398512794098584,aligned_split_step,True
rate_limited_reference,25,1867139436221958153,9399747717227457875,rate_limited_adaptive_hybrid,blind_25,1.0273287508855244,24.258456798881774,13.250231901576258,4.0631912031277,100.0,25.09772981028463,0.0,351.51215,yes,,,,,,,,,0.366,0.05826980125827731,20.380758490839973,24.258456798881774,0.0,0.02153905172290461,9.830327373673871,aligned_split_step,True
rate_limited_reference,26,11592432456378200421,12285592182587332778,rate_limited_adaptive_hybrid,blind_26,1.0715082760491923,26.05893666410146,10.747421063642054,2.5622821541991088,100.0,24.998210252202007,0.0,317.21610000000004,yes,,,,,,,,,0.448,0.04563099929670931,17.77602137124638,26.05893666410146,0.0,0.015144997032849356,10.679192569014633,aligned_split_step,True
rate_limited_reference,27,16523608553540347647,1571243207715084785,rate_limited_adaptive_hybrid,blind_27,1.221812318567214,39.51738492747315,10.303671923571804,0.3902656014052557,100.0,24.05010546634326,0.0,334.6651,no,peak_force,,,,,,,,0.65,0.02665952048618167,15.522874584539847,39.51738492747315,0.024,0.02084775413979031,11.459091187766475,aligned_split_step,True
rate_limited_reference,28,1511493531571902563,8975517840189399331,rate_limited_adaptive_hybrid,blind_28,1.049896667322771,44.803349365902854,5.9593364069956,2.2236423127338676,100.0,24.85150055515773,0.0,350.01285,no,peak_force,,,,,,,,0.686,0.04590862968994404,44.803349365902854,32.24019704684511,0.006,0.10570016521889682,6.243025273404512,aligned_split_step,True
rate_limited_reference,29,16426500393162398356,3048709568809743662,rate_limited_adaptive_hybrid,blind_29,1.0434309902792185,27.281303510084523,11.1392468138252,2.376822772629878,100.0,24.96861424207483,0.0,343.98545,yes,,,,,,,,,0.454,0.04197952351669617,16.85083847762421,27.281303510084523,0.0,0.02880601445571456,11.821642344477846,aligned_split_step,True
rate_limited_reference,30,15222772503400557143,8585769581436669654,rate_limited_adaptive_hybrid,blind_30,0.9460962751494806,23.858631444778585,14.516719746135063,4.35576681920539,100.0,25.066341697471945,0.0,340.81114999999994,yes,,,,,,,,,0.342,0.05563119162595251,19.110599650672988,23.858631444778585,0.0,0.012024017972070526,9.581137114624399,aligned_split_step,True
rate_limited_reference,31,15963951439796675841,14785856109203389861,rate_limited_adaptive_hybrid,blind_31,1.4666733239457241,47.74224176500167,11.417135974608202,2.0770828385500857,100.0,22.974439119377703,0.0,353.1108,no,peak_force,,,,,,,,0.746,0.023261549774857834,16.850109175456065,47.74224176500167,0.2,0.01695227115064824,13.714452616724504,aligned_split_step,True
rate_limited_reference,32,9932953420175882799,1787605230633353366,rate_limited_adaptive_hybrid,blind_32,1.633660426112417,30.02426461977244,7.055923012069557,4.9112074021755046,100.0,24.686126802155236,0.0,348.7875,yes,,,,,,,,,0.896,0.1124894380302652,30.02426461977244,25.0036653117301,0.0,0.1124894380302652,4.292532437059888,aligned_split_step,True
rate_limited_reference,33,7046938307046653326,380702564837712535,rate_limited_adaptive_hybrid,blind_33,1.5792020782093015,36.614515335414055,18.057728724225047,3.724285427999949,100.0,23.6556493733216,0.0,372.50885,no,peak_force;tangent_rmse,,,,,,,,0.366,0.054834061201751515,29.138946314861755,36.614515335414055,0.026000000000000002,0.019301373329068103,9.92466321210062,aligned_split_step,True
rate_limited_reference,34,6608365354930343734,2244055173431547424,rate_limited_adaptive_hybrid,blind_34,0.9707898013311631,25.869934751130003,7.40727168240832,1.0561506001782122,100.0,24.847292101812933,0.0,344.3646,yes,,,,,,,,,0.716,0.023923609337040356,12.34051000352174,25.869934751130003,0.0,0.018395809432844645,13.312411927414656,aligned_split_step,True
rate_limited_reference,35,12371753132793142249,5026973335044610631,rate_limited_adaptive_hybrid,blind_35,0.9974395503023689,24.794278745206856,10.47326936512944,2.1534040587434746,100.0,25.012955695412394,0.0,330.46680000000003,yes,,,,,,,,,0.47800000000000004,0.04038137866896826,14.774862961598656,24.794278745206856,0.0,0.019784388585665093,10.04112074116312,aligned_split_step,True
rate_limited_reference,36,17486143900228895629,1908510169880595116,rate_limited_adaptive_hybrid,blind_36,1.1550234223647453,32.11717128954245,6.9534809412654,4.069558524758121,100.0,24.742990295784132,0.0,349.0336,yes,,,,,,,,,0.846,0.023387358750803434,15.456153721241275,32.11717128954245,0.0,0.015100130495615588,14.775369983465326,aligned_split_step,True
rate_limited_reference,37,4778364348318005161,8264065467822704700,rate_limited_adaptive_hybrid,blind_37,2.378527346479326,30.074605774997398,7.602763634205227,5.245932057551033,100.0,24.543242913070394,0.0,336.18165,no,force_rmse,,,,,,,,0.908,0.024833566916559028,18.501798178460337,30.074605774997398,0.0,0.014012438385681626,14.893851429005908,aligned_split_step,True
rate_limited_reference,38,16419433584203198316,15393748500866209412,rate_limited_adaptive_hybrid,blind_38,1.310602064620813,31.21633514553457,13.47757880530609,2.119847969945675,100.0,23.849963799143215,0.0,339.72704999999996,yes,,,,,,,,,0.47800000000000004,0.043607285560079506,19.402666097604214,31.21633514553457,0.0,0.02009286032702605,10.754609116658004,aligned_split_step,True
rate_limited_reference,39,16230882037532323995,12979726015522266593,rate_limited_adaptive_hybrid,blind_39,1.1787437773452536,29.695378265152367,11.81715002341303,2.688298954114288,100.0,24.774754791985,0.0,341.4192,yes,,,,,,,,,0.436,0.04680194365013755,23.32728567485763,29.695378265152367,0.0,0.019951637227422995,10.824400118710132,aligned_split_step,True
rate_limited_reference,40,6962791529958519731,4121268961919417700,rate_limited_adaptive_hybrid,blind_40,2.3135060965609764,65.98062579778987,6.245234999748376,4.773422869477769,100.0,28.01697830325495,0.0,392.30365,no,force_rmse;peak_force,,,,,,,,0.718,0.17982343561128597,65.98062579778987,37.12014432596366,0.038,0.25499641290163755,14.610730394681562,aligned_split_step,True
rate_limited_reference,41,17629201266240775912,14920663675138664996,rate_limited_adaptive_hybrid,blind_41,1.1301709645341116,28.856839607325966,11.712321198895658,1.0486786869394715,100.0,23.877586024981508,0.0,339.09915,yes,,,,,,,,,0.594,0.027978691381033198,12.981877603519097,28.856839607325966,0.0,0.01618277702878334,11.80060321191527,aligned_split_step,True
rate_limited_reference,42,14853935868330129831,15924154672467842439,rate_limited_adaptive_hybrid,blind_42,1.0484614045351497,23.05479104273075,10.067558503038228,1.753800909836784,100.0,24.997770835260035,0.0,343.03504999999996,yes,,,,,,,,,0.536,0.035405421398679235,13.735976953096362,23.05479104273075,0.0,0.01082867149359783,11.37661043186622,aligned_split_step,True
rate_limited_reference,43,17271684737988514838,16674642728411499993,rate_limited_adaptive_hybrid,blind_43,0.8606249297568496,23.606512050788748,7.131037549744975,0.8050790654348982,100.0,24.912722741571674,0.0,364.16884999999996,yes,,,,,,,,,0.6920000000000001,0.023582386103756472,12.487145738997784,23.26922773860206,0.0,0.013740025165548508,12.230888556562247,aligned_split_step,True
rate_limited_reference,44,8741657526254647773,4889036090055758018,rate_limited_adaptive_hybrid,blind_44,1.1679260737495691,30.680048818935326,15.00291377038003,3.501926307863825,100.0,24.22247091238235,0.0,423.35314999999997,no,tangent_rmse,,,,,,,,0.384,0.053612138133160445,24.150252131723455,30.680048818935326,0.0,0.021211600744526642,9.479035598228366,aligned_split_step,True
rate_limited_reference,45,15132433425372435506,12619866276639932811,rate_limited_adaptive_hybrid,blind_45,1.1268765017006184,45.77488704826186,6.106098081407466,2.327052206623756,100.0,24.8660409247641,0.0,335.74314999999996,no,peak_force,,,,,,,,0.728,0.058541627938709415,45.77488704826186,35.884398224311916,0.008,0.08506637526992193,9.192267523370253,aligned_split_step,True
rate_limited_reference,46,1052847607800730164,16861890421311852620,rate_limited_adaptive_hybrid,blind_46,2.1534269721516925,61.635986385568934,5.95619419841482,4.235929471169641,100.0,27.537906046434227,0.0,365.33774999999997,no,force_rmse;peak_force,,,,,,,,0.708,0.22122613803938812,61.635986385568934,34.521699428187816,0.028,0.24431919111693717,13.643796443141675,aligned_split_step,True
rate_limited_reference,47,15762318482298756052,14142468612194278539,rate_limited_adaptive_hybrid,blind_47,1.3915698579310842,40.148788200541915,17.947811943338827,3.7109284077424687,100.0,23.404190831557436,0.0,332.3605,no,peak_force;tangent_rmse,,,,,,,,0.37,0.05674922857358492,34.39394572442271,40.148788200541915,0.10400000000000001,0.018029777617481903,10.06424203427081,aligned_split_step,True
