scale,method,case_index,scenario,simulation_seed,wall_yaw_deg,wall_time_constant_s,tool_mass_kg,duration_s,has_raw_contact,force_rmse_n,peak_force_n,tangent_rmse_mm,contact_ratio_pct,saturation_pct,orientation_rmse_deg,measurement_rmse_n,seconds_over_35_n,first_raw_contact_time_s,max_penetration_mm,evaluation_median_penetration_mm,projection_pct,max_compensation_force_n,tangent_velocity_error_rms_m_s,minimum_torque_headroom_nm,minimum_reserved_torque_headroom_nm,frozen_metric_max_abs_error,failed_gates,all_gates_pass
1.0,baseline,0,surface_dev_00,11,-15.0,0.005,0.1,4.5,True,0.19909314494761735,12.624059704727843,11.828995061078933,100.0,0.0,0.5321491458114765,0.20346831454496242,0.0,0.544,0.7896720654738676,0.6686854250247398,0.0,0.0,0.01791906018476113,6.230378935348931,5.030378935348931,0.0,,yes
1.0,integral,0,surface_dev_00,11,-15.0,0.005,0.1,4.5,True,0.2331118900731635,12.62263433960153,8.08945118948322,100.0,0.0,0.6526200436942701,0.20379048880067802,0.0,0.544,0.7896588487992899,0.6439744861609173,0.0,5.269030526563039,0.016779166189936197,6.203398307307552,5.0033983073075525,0.0,,yes
1.0,friction,0,surface_dev_00,11,-15.0,0.005,0.1,4.5,True,0.20964051008268803,12.624059704727921,1.8855354126455788,100.0,0.0,0.5567667630742675,0.20127911832104775,0.0,0.544,0.7896720654738676,0.6602403226087742,0.0,5.555088706099216,0.0037144369904054007,6.169318836124976,4.969318836124977,0.0,,yes
1.0,online,0,surface_dev_00,11,-15.0,0.005,0.1,4.5,True,0.21552701712620154,12.624059704727921,1.3691854242781614,100.0,0.0,0.5696777495200572,0.20055008155671922,0.0,0.544,0.7896720654738676,0.6587495687574563,0.0,5.984360762996737,0.00422270379825673,6.151504988241717,4.951504988241718,0.0,,yes
1.0,baseline,1,surface_dev_01,29,-15.0,0.005,0.1,4.5,True,0.18742090590158067,12.60758484833638,11.824237757705346,100.0,0.0,0.5323462539043617,0.20836082311656898,0.0,0.546,0.7894230923833692,0.6694703003648287,0.0,0.0,0.01795283026760421,6.233030136511346,5.033030136511346,0.0,,yes
1.0,integral,1,surface_dev_01,29,-15.0,0.005,0.1,4.5,True,0.22533728582239673,12.606161093285678,8.086222919688705,100.0,0.0,0.6527717894754275,0.20866235186731047,0.0,0.546,0.7894098932713436,0.6439674440827138,0.0,5.256625418794672,0.016852023675854377,6.215792507963634,5.015792507963635,0.0,,yes
1.0,friction,1,surface_dev_01,29,-15.0,0.005,0.1,4.5,True,0.19961834691019498,12.607584848336476,1.8743814466511093,100.0,0.0,0.556980579008517,0.2061409339163776,0.0,0.546,0.7894230923833692,0.66121117263096,0.0,5.543367645278306,0.0037774204024986525,6.163033569829917,4.963033569829918,0.0,,yes
1.0,online,1,surface_dev_01,29,-15.0,0.005,0.1,4.5,True,0.20613814975690367,12.607584848336476,1.3642185375712388,100.0,0.0,0.5699133432062367,0.20538429380017112,0.0,0.546,0.7894230923833692,0.6584434263635486,0.0,5.984360716642944,0.004256555773217722,6.176726641250342,4.976726641250343,0.0,,yes
1.0,baseline,2,surface_dev_02,11,-15.0,0.005,0.13,4.5,True,0.2004422915916335,12.625197196463471,11.832130793854938,100.0,0.0,0.5322140854259954,0.2034156836243347,0.0,0.544,0.7881085839672869,0.6665312084473598,0.0,0.0,0.01793273174691115,6.1860859109852555,4.986085910985256,0.0,,yes
1.0,integral,2,surface_dev_02,11,-15.0,0.005,0.13,4.5,True,0.23430326945813282,12.62378227380151,8.092652812804124,100.0,0.0,0.652734525994885,0.20374659981179113,0.0,0.544,0.7880954998905377,0.6417416861162137,0.0,5.270339968538392,0.016801234891197742,6.158853711773233,4.958853711773234,0.0,,yes
1.0,friction,2,surface_dev_02,11,-15.0,0.005,0.13,4.5,True,0.2108514954925669,12.625197196463274,1.8906523983223076,100.0,0.0,0.5568326809820323,0.20123881657600096,0.0,0.544,0.7881085839671585,0.6580716279418684,0.0,5.555036651401211,0.003731403408956967,6.125159951089558,4.925159951089559,0.0,,yes
1.0,online,2,surface_dev_02,11,-15.0,0.005,0.13,4.5,True,0.21672189875622813,12.625197196463274,1.3757627825720158,100.0,0.0,0.5697584309917754,0.2005325576051905,0.0,0.544,0.7881085839671585,0.6565081346666182,0.0,5.984360762996737,0.004247951753624402,6.107281345945916,4.907281345945917,0.0,,yes
1.0,baseline,3,surface_dev_03,29,-15.0,0.005,0.13,4.5,True,0.18860887664851844,12.60869351098147,11.8273375893493,100.0,0.0,0.5324117006694147,0.20829941456395382,0.0,0.546,0.7878612005228978,0.6673315573163495,0.0,0.0,0.017966470482365327,6.188537742377521,4.988537742377522,0.0,,yes
1.0,integral,3,surface_dev_03,29,-15.0,0.005,0.13,4.5,True,0.22637463378225214,12.607278534552512,8.089410062598384,100.0,0.0,0.65288725735191,0.20861083139150094,0.0,0.546,0.787847905296759,0.6417051553098685,0.0,5.257892732654334,0.016874314683400813,6.171435047505723,4.971435047505723,0.0,,yes
1.0,friction,3,surface_dev_03,29,-15.0,0.005,0.13,4.5,True,0.2006640024278618,12.608693510981468,1.8794677621737879,100.0,0.0,0.5570471190018768,0.2061007309157999,0.0,0.546,0.7878612005228978,0.6590059867729765,0.0,5.543459656967724,0.003794580603495095,6.118941294395566,4.918941294395567,0.0,,yes
1.0,online,3,surface_dev_03,29,-15.0,0.005,0.13,4.5,True,0.20717152458952517,12.608693510981468,1.3707673258979867,100.0,0.0,0.5699959573102147,0.2053694106481507,0.0,0.546,0.7878612005228978,0.6562829525298304,0.0,5.984360716642944,0.004282285411078288,6.132419344297228,4.932419344297228,0.0,,yes
1.0,baseline,4,surface_dev_04,11,-15.0,0.012,0.1,4.5,True,0.20124124066885243,12.632031461236583,11.833606709840982,100.0,0.0,0.5326632540128239,0.20394837985274816,0.0,0.544,0.8509739222300126,0.7197517747128072,0.0,0.0,0.01793463515183357,6.225900887984419,5.025900887984419,0.0,,yes
1.0,integral,4,surface_dev_04,11,-15.0,0.012,0.1,4.5,True,0.23506590687980605,12.63062638726578,8.095594795342988,100.0,0.0,0.6531629559430496,0.204267922069692,0.0,0.544,0.8509596367108664,0.6952706941491422,0.0,5.269722854221326,0.01679629177131383,6.197623899647144,4.997623899647145,0.0,,yes
1.0,friction,4,surface_dev_04,11,-15.0,0.012,0.1,4.5,True,0.21123546798702691,12.632031461236583,1.8913835295442922,100.0,0.0,0.5572624063259562,0.20155136681296756,0.0,0.544,0.8509739222300126,0.711263522454408,0.0,5.555913425289675,0.003710271298895963,6.165177779027748,4.965177779027749,0.0,,yes
1.0,online,4,surface_dev_04,11,-15.0,0.012,0.1,4.5,True,0.21710084321990517,12.632031461236583,1.3839688402313546,100.0,0.0,0.570230220052204,0.20075457179543105,0.0,0.544,0.8509739222300126,0.7098783040716365,0.0,5.984360762996737,0.0042412828168510745,6.1470986803040635,4.947098680304064,0.0,,yes
1.0,baseline,5,surface_dev_05,29,-15.0,0.012,0.1,4.5,True,0.19008541644562968,12.609429748505596,11.829326904838029,100.0,0.0,0.5328533754141205,0.20887716141110477,0.0,0.546,0.8507582365731882,0.7210406091351911,0.0,0.0,0.017970292228776018,6.227881390331724,5.027881390331725,0.0,,yes
1.0,integral,5,surface_dev_05,29,-15.0,0.012,0.1,4.5,True,0.22767714123836083,12.60787224889725,8.093115557222566,100.0,0.0,0.653314555523352,0.2091986736499939,0.0,0.546,0.8507430599181687,0.6951138802715889,0.0,5.257358955833242,0.016873948244898594,6.209684868474976,5.009684868474976,0.0,,yes
1.0,friction,5,surface_dev_05,29,-15.0,0.012,0.1,4.5,True,0.2017006114397428,12.609429748505596,1.8801641261462694,100.0,0.0,0.5574646396567383,0.20643908371762595,0.0,0.546,0.8507582365731882,0.7125911289324987,0.0,5.546061648030318,0.0037733779469446577,6.156965947506763,4.956965947506764,0.0,,yes
1.0,online,5,surface_dev_05,29,-15.0,0.012,0.1,4.5,True,0.20815879772652443,12.609429748505596,1.3790949734616986,100.0,0.0,0.5704587220251132,0.20560616380886404,0.0,0.546,0.8507582365731882,0.7097641982148142,0.0,5.984360716642944,0.004274327985282121,6.170935447353079,4.97093544735308,0.0,,yes
1.0,baseline,6,surface_dev_06,11,-15.0,0.012,0.13,4.5,True,0.20258380534104312,12.63314377380475,11.836724473723915,100.0,0.0,0.5327276525351355,0.2038927315891159,0.0,0.544,0.8492537704862836,0.7176037084693412,0.0,0.0,0.017948286111128947,6.181625358464432,4.9816253584644326,0.0,,yes
1.0,integral,6,surface_dev_06,11,-15.0,0.012,0.13,4.5,True,0.23625378875545314,12.631748427136072,8.098784985753014,100.0,0.0,0.6532765393719618,0.2042226078531297,0.0,0.544,0.8492396149747151,0.6930473446635048,0.0,5.271010056218588,0.016818362193433262,6.153089489084463,4.953089489084464,0.0,,yes
1.0,friction,6,surface_dev_06,11,-15.0,0.012,0.13,4.5,True,0.21244308970302012,12.633143773804454,1.8965284995826177,100.0,0.0,0.5573282195971642,0.20150836263315663,0.0,0.544,0.8492537704864294,0.7091122111327846,0.0,5.555835437714571,0.003727372187395339,6.121023854328948,4.921023854328949,0.0,,yes
1.0,online,6,surface_dev_06,11,-15.0,0.012,0.13,4.5,True,0.21829399152345022,12.633143773804454,1.3905309504106815,100.0,0.0,0.5703122362294859,0.20073319740867285,0.0,0.544,0.8492537704864294,0.7077082774868838,0.0,5.984360762996737,0.0042665940974670235,6.102902759023825,4.902902759023826,0.0,,yes
1.0,baseline,7,surface_dev_07,29,-15.0,0.012,0.13,4.5,True,0.19127370516293615,12.610598257024302,11.83241264897406,100.0,0.0,0.5329185066541505,0.20881462807842757,0.0,0.546,0.8490392960182891,0.7189091329300249,0.0,0.0,0.017983968182241156,6.183392877010286,4.983392877010287,0.0,,yes
1.0,integral,7,surface_dev_07,29,-15.0,0.012,0.13,4.5,True,0.22871512418718828,12.60905086500153,8.096289614665185,100.0,0.0,0.6534290465752436,0.20914615184239851,0.0,0.546,0.8490242517118045,0.6928519170248809,0.0,5.258628751778007,0.016896199281925955,6.16535427786827,4.965354277868271,0.0,,yes
1.0,friction,7,surface_dev_07,29,-15.0,0.012,0.13,4.5,True,0.20274744886615237,12.610598257013178,1.8852778837180189,100.0,0.0,0.557531032668114,0.20639620585976842,0.0,0.546,0.8490392960182682,0.7104225585413629,0.0,5.546138571318563,0.003790681890119381,6.112913034279954,4.9129130342799545,0.0,,yes
1.0,online,7,surface_dev_07,29,-15.0,0.012,0.13,4.5,True,0.20919250710513176,12.610598257013178,1.3856502478447041,100.0,0.0,0.570540565691371,0.2055852322325357,0.0,0.546,0.8490392960182682,0.7075843498366464,0.0,5.984360716642944,0.004300016768223126,6.126649951274542,4.926649951274543,0.0,,yes
1.0,baseline,8,surface_dev_08,11,0.0,0.005,0.1,4.5,True,0.16170201121178762,12.636585788580819,11.753903808698784,100.0,0.0,0.4253331943743285,0.20978947361642725,0.0,0.5740000000000001,0.7897611603013623,0.6670746607498681,0.0,0.0,0.017916212245592835,6.228813320417828,5.028813320417829,0.0,,yes
1.0,integral,8,surface_dev_08,11,0.0,0.005,0.1,4.5,True,0.16912540577874743,12.63497916865367,8.064794206390555,100.0,0.0,0.5315056866750656,0.2095572054070994,0.0,0.5740000000000001,0.7897473216626829,0.6440100684896379,0.0,5.178515123116944,0.016844854034895742,6.125509366070066,4.925509366070067,0.0,,yes
1.0,friction,8,surface_dev_08,11,0.0,0.005,0.1,4.5,True,0.16228244396804478,12.636585788580819,1.8043320344220493,100.0,0.0,0.4501545965963686,0.20904664300235376,0.0,0.5740000000000001,0.7897611603013623,0.6596471088251357,0.0,5.5560059220670315,0.0035576618504566497,6.103426350352068,4.903426350352069,0.0,,yes
1.0,online,8,surface_dev_08,11,0.0,0.005,0.1,4.5,True,0.16183147168143094,12.636585788580819,1.2828497634943612,100.0,0.0,0.4638554376914606,0.20870376591755527,0.0,0.5740000000000001,0.7897611603013623,0.6574623106455415,0.0,5.984360762996737,0.004047786920887701,6.087754601031241,4.887754601031242,0.0,,yes
1.0,baseline,9,surface_dev_09,29,0.0,0.005,0.1,4.5,True,0.14908972181948435,12.622467681460728,11.74659028787708,100.0,0.0,0.42563810305943456,0.21510836712317738,0.0,0.5740000000000001,0.7896273381316279,0.6679270435484899,0.0,0.0,0.017944618016208388,6.237994169854838,5.037994169854839,0.0,,yes
1.0,integral,9,surface_dev_09,29,0.0,0.005,0.1,4.5,True,0.15992512848877524,12.620963992757861,8.057680981787987,100.0,0.0,0.5318108847105415,0.2151052176660843,0.0,0.5740000000000001,0.789613538486257,0.6433012998848311,0.0,5.175174205659595,0.01691679188245125,6.134313824204732,4.934313824204732,0.0,,yes
1.0,friction,9,surface_dev_09,29,0.0,0.005,0.1,4.5,True,0.15140821247154526,12.622467681460728,1.7905495901465214,100.0,0.0,0.45046217683428263,0.21439443305154782,0.0,0.5740000000000001,0.7896273381316279,0.6598423743902695,0.0,5.54443122430275,0.003624563725865901,6.114765205709851,4.914765205709852,0.0,,yes
1.0,online,9,surface_dev_09,29,0.0,0.005,0.1,4.5,True,0.151419095422139,12.622467681460728,1.2755523468363215,100.0,0.0,0.46419863012209667,0.21414523196722368,0.0,0.5740000000000001,0.7896273381316279,0.6578182499144061,0.0,5.984360716642944,0.004095947391413219,6.098936776464177,4.898936776464177,0.0,,yes
1.0,baseline,10,surface_dev_10,11,0.0,0.005,0.13,4.5,True,0.16286691517462268,12.6377605415699,11.757046641556816,100.0,0.0,0.42538487445594936,0.2097291953820913,0.0,0.5740000000000001,0.7881989087508492,0.6649000564944509,0.0,0.0,0.01793041566481827,6.184333497371062,4.984333497371063,0.0,,yes
1.0,integral,10,surface_dev_10,11,0.0,0.005,0.13,4.5,True,0.170153136972098,12.636163268229701,8.068201220098882,100.0,0.0,0.5316034186039602,0.20950741062499306,0.0,0.5740000000000001,0.7881851881425885,0.6417514665312887,0.0,5.179219806362696,0.016868313767256067,6.080782920176723,4.880782920176724,0.0,,yes
1.0,friction,10,surface_dev_10,11,0.0,0.005,0.13,4.5,True,0.16331823867593018,12.6377605415699,1.809448659329925,100.0,0.0,0.45020753374671896,0.20900151793362476,0.0,0.5740000000000001,0.7881989087508492,0.6574178348033102,0.0,5.555899583976282,0.0035754940039877986,6.05882535782443,4.858825357824431,0.0,,yes
1.0,online,10,surface_dev_10,11,0.0,0.005,0.13,4.5,True,0.1628456185507367,12.6377605415699,1.289439743328815,100.0,0.0,0.46392060560370507,0.20867570854310616,0.0,0.5740000000000001,0.7881989087508492,0.6552865068376392,0.0,5.984360762996737,0.00407315049592198,6.043142024098932,4.843142024098933,0.0,,yes
1.0,baseline,11,surface_dev_11,29,0.0,0.005,0.13,4.5,True,0.15001951999270155,12.623602954725857,11.749715569514013,100.0,0.0,0.4256905435815614,0.21505012380788294,0.0,0.5740000000000001,0.7880648169046114,0.6657692279870078,0.0,0.0,0.01795897593535319,6.193540989187465,4.993540989187466,0.0,,yes
1.0,integral,11,surface_dev_11,29,0.0,0.005,0.13,4.5,True,0.16070420906841712,12.622106564812883,8.061084591349957,100.0,0.0,0.5319093848907905,0.21505375434123716,0.0,0.5740000000000001,0.788051126432411,0.641075632809053,0.0,5.175931108143631,0.016940473834222848,6.089614917779601,4.8896149177796016,0.0,,yes
1.0,friction,11,surface_dev_11,29,0.0,0.005,0.13,4.5,True,0.1521894891314334,12.623602954725857,1.7956536408297876,100.0,0.0,0.45051567192305825,0.21435308838842285,0.0,0.5740000000000001,0.7880648169046114,0.6576476903975073,0.0,5.544215662554637,0.003642670276568258,6.070191926363381,4.870191926363382,0.0,,yes
1.0,online,11,surface_dev_11,29,0.0,0.005,0.13,4.5,True,0.1521725050800278,12.623602954725857,1.2821599612213879,100.0,0.0,0.46426490793390734,0.21412046079203864,0.0,0.5740000000000001,0.7880648169046114,0.6556185632117586,0.0,5.984360716642944,0.004121578642625918,6.0543485509361705,4.854348550936171,0.0,,yes
1.0,baseline,12,surface_dev_12,11,0.0,0.012,0.1,4.5,True,0.16537254088790307,12.65162317449773,11.758882210107409,100.0,0.0,0.4257173808377085,0.21032247000802543,0.0,0.5740000000000001,0.8511013179661533,0.7182488017960855,0.0,0.0,0.017936616255812974,6.227330815926989,5.02733081592699,0.0,,yes
1.0,integral,12,surface_dev_12,11,0.0,0.012,0.1,4.5,True,0.17266313741804085,12.650074162213052,8.071892622735874,100.0,0.0,0.5319100660899577,0.21010682852557713,0.0,0.5740000000000001,0.851086451815454,0.6952004367138456,0.0,5.178413005029007,0.01687385026478443,6.123964082428792,4.9239640824287925,0.0,,yes
1.0,friction,12,surface_dev_12,11,0.0,0.012,0.1,4.5,True,0.1651684546838027,12.65162317449773,1.8101725288276476,100.0,0.0,0.45049006423043486,0.20940232070594322,0.0,0.5740000000000001,0.8511013179661533,0.7109998804384412,0.0,5.560666478603819,0.003555996398202097,6.101974565016038,4.9019745650160385,0.0,,yes
1.0,online,12,surface_dev_12,11,0.0,0.012,0.1,4.5,True,0.16457743945692097,12.65162317449773,1.2988553898976065,100.0,0.0,0.46425177698209164,0.20901861841880603,0.0,0.5740000000000001,0.8511013179661533,0.7086380017067087,0.0,5.984360762996737,0.004069369586342313,6.086321879658524,4.886321879658524,0.0,,yes
1.0,baseline,13,surface_dev_13,29,0.0,0.012,0.1,4.5,True,0.15182404096136187,12.628783970392217,11.75104979759688,100.0,0.0,0.4260317742637943,0.21562932954572872,0.0,0.5740000000000001,0.8509045513209537,0.7191005776823813,0.0,0.0,0.01796501442597559,6.236642182847222,5.036642182847222,0.0,,yes
1.0,integral,13,surface_dev_13,29,0.0,0.012,0.1,4.5,True,0.16253419763284338,12.627296366084218,8.064425187796402,100.0,0.0,0.5322206410155667,0.21562429288452814,0.0,0.5740000000000001,0.8508893935353159,0.6946281800008571,0.0,5.174688344124555,0.01694568642632766,6.132909595996459,4.93290959599646,0.0,,yes
1.0,friction,13,surface_dev_13,29,0.0,0.012,0.1,4.5,True,0.15329732434359394,12.628783970392217,1.7963844656072254,100.0,0.0,0.45080755562637753,0.21470216161518194,0.0,0.5740000000000001,0.8509045513209537,0.711085799844642,0.0,5.5473366433331925,0.003622756980698011,6.113450480454739,4.91345048045474,0.0,,yes
1.0,online,13,surface_dev_13,29,0.0,0.012,0.1,4.5,True,0.15319385471003566,12.628783970392217,1.2926917196649217,100.0,0.0,0.46460668407890426,0.21442846358916798,0.0,0.5740000000000001,0.8509045513209537,0.709109703694262,0.0,5.984360716642944,0.004121146853495672,6.097635921463866,4.897635921463866,0.0,,yes
1.0,baseline,14,surface_dev_14,11,0.0,0.012,0.13,4.5,True,0.16652624730416576,12.652757751384899,11.762009620501663,100.0,0.0,0.4257683977995422,0.21025784146342982,0.0,0.5740000000000001,0.8493817337996492,0.7160796325664589,0.0,0.0,0.01795080302396441,6.182855597241128,4.982855597241128,0.0,,yes
1.0,integral,14,surface_dev_14,11,0.0,0.012,0.13,4.5,True,0.17368607319107107,12.651216972833824,8.075286129522269,100.0,0.0,0.5320070623703077,0.21005639939401496,0.0,0.5740000000000001,0.8493669777266191,0.6929518061252817,0.0,5.179122202913909,0.016897285358787734,6.079243134612616,4.879243134612617,0.0,,yes
1.0,friction,14,surface_dev_14,11,0.0,0.012,0.13,4.5,True,0.1662040968506829,12.652757751384899,1.8153215844496242,100.0,0.0,0.450542875305343,0.20935358538112853,0.0,0.5740000000000001,0.8493817337996492,0.7088064766061011,0.0,5.560422017628878,0.0035739350303253628,6.057379259679919,4.85737925967992,0.0,,yes
1.0,online,14,surface_dev_14,11,0.0,0.012,0.13,4.5,True,0.16560086860950843,12.652757751384899,1.3053967706168306,100.0,0.0,0.46431638664891395,0.20899054973089246,0.0,0.5740000000000001,0.8493817337996492,0.7064340404326144,0.0,5.984360762996737,0.004094814372986078,6.041712029323477,4.841712029323478,0.0,,yes
1.0,baseline,15,surface_dev_15,29,0.0,0.012,0.13,4.5,True,0.15274642273897132,12.629880561091165,11.754160363296775,100.0,0.0,0.4260835867213191,0.21556875722487723,0.0,0.5740000000000001,0.8491850282756688,0.7169387185049849,0.0,0.0,0.01797936177969387,6.192186611383812,4.992186611383813,0.0,,yes
1.0,integral,15,surface_dev_15,29,0.0,0.012,0.13,4.5,True,0.16330756295342935,12.628399420773137,8.067812610936208,100.0,0.0,0.5323182399068939,0.21557032722369418,0.0,0.5740000000000001,0.8491699744381034,0.6923974487728981,0.0,5.175449872022858,0.016969286198129246,6.088207773899356,4.888207773899357,0.0,,yes
1.0,friction,15,surface_dev_15,29,0.0,0.012,0.13,4.5,True,0.15408088833892966,12.629880561091165,1.8015191629480347,100.0,0.0,0.4508607805254612,0.21465836888842624,0.0,0.5740000000000001,0.8491850282756688,0.7089058020291819,0.0,5.547028618615569,0.003640984326859257,6.068875422613258,4.868875422613259,0.0,,yes
1.0,online,15,surface_dev_15,29,0.0,0.012,0.13,4.5,True,0.15395519098776347,12.629880561091165,1.2992950336290494,100.0,0.0,0.46467288983664484,0.21440166414178008,0.0,0.5740000000000001,0.8491850282756688,0.7069107421448853,0.0,5.984360716642944,0.004146770952736657,6.05304487425264,4.853044874252641,0.0,,yes
1.0,baseline,16,surface_dev_16,11,15.0,0.005,0.1,4.5,True,0.18405042298814628,12.620729988248337,11.801780095865656,100.0,0.0,0.39526747945583535,0.20297444646518253,0.0,0.544,0.7896328860047055,0.6661088829709017,0.0,0.0,0.01811649927016344,6.013376297504547,4.813376297504548,0.0,,yes
1.0,integral,16,surface_dev_16,11,15.0,0.005,0.1,4.5,True,0.19369471748362885,12.619214966154765,8.148348516701624,100.0,0.0,0.4958646226108295,0.20252906049472072,0.0,0.544,0.7896192975543719,0.6432972908443462,0.0,5.1933895936561845,0.01720978101953169,5.93661539635459,4.7366153963545905,0.0,,yes
1.0,friction,16,surface_dev_16,11,15.0,0.005,0.1,4.5,True,0.1708274036684484,12.620729988248337,1.9119209235147776,100.0,0.0,0.42361953723487517,0.2031633553334102,0.0,0.544,0.7896328860047055,0.6586684932522076,0.0,5.615892952936453,0.00379510263559442,5.924435566811541,4.724435566811541,0.0,,yes
1.0,online,16,surface_dev_16,11,15.0,0.005,0.1,4.5,True,0.17440956421267975,12.65924137253659,1.3515598212032085,100.0,0.0,0.4392309140031574,0.2032637607035252,0.0,0.544,0.7896328860047055,0.6566503525117072,0.0,5.984360762996737,0.004069872893288871,5.912788519307575,4.712788519307575,0.0,,yes
1.0,baseline,17,surface_dev_17,29,15.0,0.005,0.1,4.5,True,0.1755141417515295,12.599041467799319,11.791575884976647,100.0,0.0,0.3956075184214987,0.20840370283625953,0.0,0.544,0.7894180896112213,0.6654468236411173,0.0,0.0,0.018132706926431222,6.008267017856287,4.808267017856288,0.0,,yes
1.0,integral,17,surface_dev_17,29,15.0,0.005,0.1,4.5,True,0.1875276962007695,12.620883356673472,8.13640667055791,100.0,0.0,0.49625330629470604,0.20824097749569695,0.0,0.544,0.7894029418209005,0.6429136251184728,0.0,5.18517652863461,0.01726183853629696,5.931631829051419,4.73163182905142,0.0,,yes
1.0,friction,17,surface_dev_17,29,15.0,0.005,0.1,4.5,True,0.16357939669828833,12.599041467801147,1.895573179516424,100.0,0.0,0.4238823248755746,0.20873244322641293,0.0,0.544,0.7894180896112282,0.6586521629898152,0.0,5.621213330064391,0.0038591974206048196,5.920293394955438,4.720293394955439,0.0,,yes
1.0,online,17,surface_dev_17,29,15.0,0.005,0.1,4.5,True,0.167575996849988,12.63410237735084,1.3423406440601688,100.0,0.0,0.4396310513657516,0.2089598094450693,0.0,0.544,0.7894180896112282,0.6564828831123142,0.0,5.984360762996737,0.004133434358639255,5.910902351731913,4.710902351731914,0.0,,yes
1.0,baseline,18,surface_dev_18,11,15.0,0.005,0.13,4.5,True,0.18454114668449664,12.621832743060997,11.804806536138866,100.0,0.0,0.39533431409863123,0.2029121527964673,0.0,0.544,0.7880697485673077,0.6639139648033279,0.0,0.0,0.018130525009153024,5.96881300851748,4.768813008517481,0.0,,yes
1.0,integral,18,surface_dev_18,11,15.0,0.005,0.13,4.5,True,0.19404813227282047,12.620328087275254,8.15183372398107,100.0,0.0,0.4959762591799387,0.2024766214148065,0.0,0.544,0.7880562928667921,0.6410499894928361,0.0,5.19383311572058,0.01723328970884029,5.891757348244583,4.691757348244583,0.0,,yes
1.0,friction,18,surface_dev_18,11,15.0,0.005,0.13,4.5,True,0.17123940131884324,12.621832743060999,1.9169175393222149,100.0,0.0,0.423691183515696,0.2031160072372517,0.0,0.544,0.7880697485673077,0.6564394899125012,0.0,5.61564578941863,0.0038128448383078647,5.879794648178876,4.679794648178877,0.0,,yes
1.0,online,18,surface_dev_18,11,15.0,0.005,0.13,4.5,True,0.17480653183699538,12.660215432445323,1.3581684708127841,100.0,0.0,0.4393075147377201,0.2032283107794383,0.0,0.544,0.7880697485673077,0.6544354938654782,0.0,5.984360762996737,0.004093338674548032,5.868130334754174,4.668130334754174,0.0,,yes
1.0,baseline,19,surface_dev_19,29,15.0,0.005,0.13,4.5,True,0.17574927680732128,12.600152578081135,11.794599380739623,100.0,0.0,0.39567485328350627,0.20835061681572747,0.0,0.544,0.787856630716819,0.6632715792482258,0.0,0.0,0.018146886908863655,5.963672378431094,4.763672378431095,0.0,,yes
1.0,integral,19,surface_dev_19,29,15.0,0.005,0.13,4.5,True,0.18763190447496547,12.621853557575934,8.139890735401226,100.0,0.0,0.49636539379394895,0.20819398855696544,0.0,0.544,0.7878416219125294,0.6406653867166364,0.0,5.185696843440886,0.01728556537157342,5.88684935740165,4.686849357401651,0.0,,yes
1.0,friction,19,surface_dev_19,29,15.0,0.005,0.13,4.5,True,0.16370752384810117,12.60015257809223,1.9005662218855874,100.0,0.0,0.4239537989918888,0.20869307310918223,0.0,0.544,0.7878566307167254,0.6564817889965733,0.0,5.620996841637284,0.003877222980764645,5.875634914839869,4.67563491483987,0.0,,yes
1.0,online,19,surface_dev_19,29,15.0,0.005,0.13,4.5,True,0.16769737668579304,12.634967972231678,1.3488483765406731,100.0,0.0,0.43970566152733837,0.20893307836475647,0.0,0.544,0.7878566307167254,0.6542856129499887,0.0,5.984360762996737,0.00415674210629668,5.866219072134442,4.666219072134442,0.0,,yes
1.0,baseline,20,surface_dev_20,11,15.0,0.012,0.1,4.5,True,0.1867531272752267,12.638381981456387,11.80636688446089,100.0,0.0,0.39549305165019344,0.2035108768963834,0.0,0.544,0.8509454786976567,0.717143443467707,0.0,0.0,0.018139099649459808,6.0121152778285385,4.812115277828539,0.0,,yes
1.0,integral,20,surface_dev_20,11,15.0,0.012,0.1,4.5,True,0.19621493089045938,12.636075926790975,8.155559549204456,100.0,0.0,0.4960914496790851,0.2030513046918205,0.0,0.544,0.8509307812148564,0.6946339183061395,0.0,5.192877134502756,0.01724383603757864,5.935318635665824,4.735318635665824,0.0,,yes
1.0,friction,20,surface_dev_20,11,15.0,0.012,0.1,4.5,True,0.17278808485609837,12.628721905310462,1.9181234828999645,100.0,0.0,0.4237785011938424,0.20355828477857887,0.0,0.544,0.8509454786976567,0.7101962338320975,0.0,5.619949493705211,0.0037934198275702204,5.9232917974452945,4.723291797445295,0.0,,yes
1.0,online,20,surface_dev_20,11,15.0,0.012,0.1,4.5,True,0.1761589667229461,12.698348888756854,1.3691711943416653,100.0,0.0,0.43945753153606104,0.20366847813916125,0.0,0.544,0.8509454786976567,0.7080417708385591,0.0,5.984360762996737,0.0040955249633213365,5.911715112789507,4.711715112789507,0.0,,yes
1.0,baseline,21,surface_dev_21,29,15.0,0.012,0.1,4.5,True,0.17809677188060943,12.612488486894364,11.796179743873726,100.0,0.0,0.3958359637624002,0.20892205897273183,0.0,0.544,0.8507462602938554,0.7169387464854693,0.0,0.0,0.01815696898932655,6.007085001912471,4.807085001912472,0.0,,yes
1.0,integral,21,surface_dev_21,29,15.0,0.012,0.1,4.5,True,0.18991277027073936,12.65838340970395,8.143862677132459,100.0,0.0,0.49648988317727466,0.20874159074906934,0.0,0.544,0.850729321629766,0.6942031772787862,0.0,5.184586539446722,0.017298961842833135,5.930519517894924,4.730519517894924,0.0,,yes
1.0,friction,21,surface_dev_21,29,15.0,0.012,0.1,4.5,True,0.16537428964500206,12.61248848689036,1.9017705317566953,100.0,0.0,0.42404262938620324,0.20907800078041278,0.0,0.544,0.8507462602938622,0.7097962768925856,0.0,5.623807687573647,0.0038576196400415663,5.9192285919480465,4.719228591948047,0.0,,yes
1.0,online,21,surface_dev_21,29,15.0,0.012,0.1,4.5,True,0.16917469026110402,12.673071011543689,1.3598450096270125,100.0,0.0,0.4398527300818449,0.20933800031643396,0.0,0.544,0.8507462602938622,0.70780223635406,0.0,5.984360762996737,0.004158255375153963,5.909873351033441,4.709873351033441,0.0,,yes
1.0,baseline,22,surface_dev_22,11,15.0,0.012,0.13,4.5,True,0.187239038673398,12.639359469003512,11.809377992572083,100.0,0.0,0.3955585105362572,0.2034441232754864,0.0,0.544,0.8492252600052451,0.7149654249689799,0.0,0.0,0.018153089955715875,5.967558056118396,4.767558056118396,0.0,,yes
1.0,integral,22,surface_dev_22,11,15.0,0.012,0.13,4.5,True,0.1965665918873731,12.637313391606307,8.159025413094591,100.0,0.0,0.49620177001213117,0.20299565592198934,0.0,0.544,0.8492106924136815,0.6923581382914049,0.0,5.193325247744426,0.017267219732615063,5.890457553617658,4.690457553617659,0.0,,yes
1.0,friction,22,surface_dev_22,11,15.0,0.012,0.13,4.5,True,0.1732059200335102,12.629794323374925,1.9231453361686073,100.0,0.0,0.42384893785275524,0.20350668322951246,0.0,0.544,0.8492252600052451,0.7079802222364588,0.0,5.619614736156516,0.0038113055777037894,5.878658258002289,4.678658258002289,0.0,,yes
1.0,online,22,surface_dev_22,11,15.0,0.012,0.13,4.5,True,0.17656593199468198,12.699226132762577,1.3756514479751922,100.0,0.0,0.4395322338332971,0.2036315523874168,0.0,0.544,0.8492252600052451,0.70586672669448,0.0,5.984360762996737,0.004119218065818905,5.867061409770287,4.667061409770287,0.0,,yes
1.0,baseline,23,surface_dev_23,29,15.0,0.012,0.13,4.5,True,0.17833229261383077,12.613569433329904,11.799185139238112,100.0,0.0,0.39590173062981854,0.20886598282764365,0.0,0.544,0.8490273225311915,0.7147519530949498,0.0,0.0,0.0181710672732515,5.962490007756641,4.762490007756642,0.0,,yes
1.0,integral,23,surface_dev_23,29,15.0,0.012,0.13,4.5,True,0.19001851467098352,12.659353742562168,8.147326593380022,100.0,0.0,0.4966006122808855,0.20869084328934376,0.0,0.544,0.8490105266915835,0.6919460241823008,0.0,5.185111419238585,0.01732253939541473,5.885736272611867,4.685736272611868,0.0,,yes
1.0,friction,23,surface_dev_23,29,15.0,0.012,0.13,4.5,True,0.1655141020379737,12.613569433329905,1.9067934327438807,100.0,0.0,0.4241132349699289,0.20903586290526577,0.0,0.544,0.8490273225311915,0.70763247147612,0.0,5.623616024550901,0.0038757621951650075,5.874571577123843,4.674571577123844,0.0,,yes
1.0,online,23,surface_dev_23,29,15.0,0.012,0.13,4.5,True,0.16930520613961525,12.674039191187745,1.3664138393386482,100.0,0.0,0.4399293026503292,0.20930751287706215,0.0,0.544,0.8490273225311915,0.7055795026686493,0.0,5.984360762996737,0.0041824288240901565,5.865189787320448,4.665189787320449,0.0,,yes
2.0,baseline,0,surface_dev_00,11,-15.0,0.005,0.1,4.5,True,0.20153024592371507,12.541452551798194,11.827716922875798,100.0,0.0,0.2836358298288546,0.20317374354957757,0.0,0.548,0.7888898870519467,0.6688118039963556,0.0,0.0,0.018064416291135296,6.2316422393661615,5.031642239366162,,,yes
2.0,integral,0,surface_dev_00,11,-15.0,0.005,0.1,4.5,True,0.23753592644779647,12.539568369538431,8.119680365655535,100.0,0.0,0.3506854368339005,0.2036225596693915,0.0,0.548,0.788872429394176,0.6446131055162663,0.0,5.235021666169987,0.0170573107750196,6.202729295381651,5.002729295381652,,,yes
2.0,friction,0,surface_dev_00,11,-15.0,0.005,0.1,4.5,True,0.21119625207485648,12.541452551798194,1.9039278607932084,100.0,0.0,0.2954341102123998,0.2007700632270915,0.0,0.548,0.7888898870519467,0.6600455946786845,0.0,5.550821699609894,0.003987431757055127,6.179480088317013,4.979480088317014,,,yes
2.0,online,0,surface_dev_00,11,-15.0,0.005,0.1,4.5,True,0.21951198285110957,12.541452551798194,1.4116475912808335,100.0,0.0,0.3046858788926256,0.20025615260563331,0.0,0.548,0.7888898870519467,0.6585504346298381,0.0,5.984360716642944,0.004661938251513319,6.157239414981818,4.957239414981819,,,yes
2.0,baseline,1,surface_dev_01,29,-15.0,0.005,0.1,4.5,True,0.1909871693895762,12.520181598889202,11.822975135090505,100.0,0.0,0.28379321770813515,0.20794333879940305,0.0,0.548,0.788623812101187,0.6698511401394269,0.0,0.0,0.018098681637913883,6.238664283191136,5.038664283191137,,,yes
2.0,integral,1,surface_dev_01,29,-15.0,0.005,0.1,4.5,True,0.2308744436874533,12.518391418829646,8.11661618210011,100.0,0.0,0.35085024531501596,0.2082754686029815,0.0,0.548,0.7886061603837279,0.6439222799484099,0.0,5.222401087138875,0.017132701562638183,6.208559510285276,5.008559510285277,,,yes
2.0,friction,1,surface_dev_01,29,-15.0,0.005,0.1,4.5,True,0.20176289072841178,12.520181598889204,1.8933901560960456,100.0,0.0,0.29555874770298834,0.20563509132039437,0.0,0.548,0.788623812101187,0.6610807026228294,0.0,5.563151993326076,0.004052884201421877,6.173618716456893,4.973618716456894,,,yes
2.0,online,1,surface_dev_01,29,-15.0,0.005,0.1,4.5,True,0.21078489423043778,12.520181598889204,1.4069541621182902,100.0,0.0,0.3048502794170289,0.20511833735824736,0.0,0.548,0.788623812101187,0.6589126628029681,0.0,5.984360716642944,0.004695265445956715,6.184151937601893,4.984151937601894,,,yes
2.0,baseline,2,surface_dev_02,11,-15.0,0.005,0.13,4.5,True,0.20279741752633476,12.54253622930528,11.830864245347124,100.0,0.0,0.28368678742587883,0.20312651037685564,0.0,0.548,0.787328286174574,0.6666363975509384,0.0,0.0,0.018078526536271414,6.1872635245202225,4.987263524520223,,,yes
2.0,integral,2,surface_dev_02,11,-15.0,0.005,0.13,4.5,True,0.23867377449497731,12.540658794402187,8.123067365667838,100.0,0.0,0.3507773050256969,0.20358455791075453,0.0,0.548,0.7873109409783154,0.6423234043833881,0.0,5.236365253966025,0.017080628505456663,6.158025432187737,4.958025432187737,,,yes
2.0,friction,2,surface_dev_02,11,-15.0,0.005,0.13,4.5,True,0.21233219994561411,12.542536229309793,1.9091755642068626,100.0,0.0,0.2954822224029761,0.20073461447239457,0.0,0.548,0.7873282861745114,0.6578664586531606,0.0,5.550970277394162,0.004005959098676683,6.135223798349823,4.935223798349823,,,yes
2.0,online,2,surface_dev_02,11,-15.0,0.005,0.13,4.5,True,0.22063340306240184,12.542536229309793,1.4183608695536396,100.0,0.0,0.3047474779892139,0.2002416668379825,0.0,0.548,0.7873282861745114,0.6563435357822087,0.0,5.984360716642944,0.0046883719032997494,6.1129179713928705,4.912917971392871,,,yes
2.0,baseline,3,surface_dev_03,29,-15.0,0.005,0.13,4.5,True,0.19209002984172774,12.521219319480025,11.826091008350675,100.0,0.0,0.28384454663833875,0.20788773221982002,0.0,0.548,0.7870637520220846,0.6676967251141638,0.0,0.0,0.018112817114101207,6.194091287968124,4.994091287968125,,,yes
2.0,integral,3,surface_dev_03,29,-15.0,0.005,0.13,4.5,True,0.23185729780751937,12.519433988828192,8.119985121059027,100.0,0.0,0.3509426069871709,0.20822760571245322,0.0,0.548,0.7870462079641247,0.6416256603662371,0.0,5.2236929911120376,0.017156161808618457,6.164187669481852,4.964187669481853,,,yes
2.0,friction,3,surface_dev_03,29,-15.0,0.005,0.13,4.5,True,0.2027323104120075,12.521219319480025,1.8986109133664002,100.0,0.0,0.29560720030836246,0.20559899364813858,0.0,0.548,0.7870637520220846,0.658885351622748,0.0,5.563288655533298,0.004071552554047441,6.129402798448519,4.929402798448519,,,yes
2.0,online,3,surface_dev_03,29,-15.0,0.005,0.13,4.5,True,0.21174323377731397,12.521219319480025,1.4136368397517225,100.0,0.0,0.3049125686837566,0.20510488203648053,0.0,0.548,0.7870637520220846,0.6567270017262868,0.0,5.984360716642944,0.004721756484236906,6.1397270347593835,4.939727034759384,,,yes
2.0,baseline,4,surface_dev_04,11,-15.0,0.012,0.1,4.5,True,0.20379142834811684,12.547590191893175,11.832529957633822,100.0,0.0,0.2839796481021964,0.20366683585887302,0.0,0.548,0.8500978318572577,0.7200230363754861,0.0,0.0,0.018082560735940285,6.226478858659898,5.026478858659899,,,yes
2.0,integral,4,surface_dev_04,11,-15.0,0.012,0.1,4.5,True,0.23967045579466933,12.545752590247272,8.126683306463141,100.0,0.0,0.35107330365911815,0.2041114547938445,0.0,0.548,0.8500789599787568,0.6959229364494735,0.0,5.235605314383704,0.017078122629774088,6.1959938863302595,4.99599388633026,,,yes
2.0,friction,4,surface_dev_04,11,-15.0,0.012,0.1,4.5,True,0.21289058574450812,12.547590191893178,1.9102765205642305,100.0,0.0,0.2957410728215066,0.2010450376492616,0.0,0.548,0.8500978318572577,0.7111500314773751,0.0,5.55224383854195,0.0039836438502344786,6.175048221888517,4.9750482218885175,,,yes
2.0,online,4,surface_dev_04,11,-15.0,0.012,0.1,4.5,True,0.22122386552497741,12.547590191893178,1.4270571518322615,100.0,0.0,0.3050544417916565,0.20049187127713752,0.0,0.548,0.8500978318572577,0.7097076744783017,0.0,5.984360762996737,0.004682858495437429,6.152265094625847,4.952265094625847,,,yes
2.0,baseline,5,surface_dev_05,29,-15.0,0.012,0.1,4.5,True,0.19374960790655463,12.526299748194475,11.828264454826725,100.0,0.0,0.28413294036089864,0.20846909988190435,0.0,0.548,0.8498904632013513,0.7210071950310322,0.0,0.0,0.018118594211392385,6.232875266892584,5.032875266892585,,,yes
2.0,integral,5,surface_dev_05,29,-15.0,0.012,0.1,4.5,True,0.23336757167557243,12.5243125364833,8.124118512156919,100.0,0.0,0.3512363562618271,0.20881639008614475,0.0,0.548,0.8498710441763729,0.6950694437300974,0.0,5.2230711463203106,0.017157476294516718,6.2021013533093825,5.002101353309383,,,yes
2.0,friction,5,surface_dev_05,29,-15.0,0.012,0.1,4.5,True,0.20395517694674603,12.526299748194475,1.8996649308310323,100.0,0.0,0.2958579425685933,0.20593930871859054,0.0,0.548,0.8498904632013513,0.7123223275376199,0.0,5.565839880294747,0.004049181272165611,6.167268423575619,4.96726842357562,,,yes
2.0,online,5,surface_dev_05,29,-15.0,0.012,0.1,4.5,True,0.2129286190554605,12.526299748194475,1.4239022834591544,100.0,0.0,0.3052096429015605,0.20537310359132827,0.0,0.548,0.8498904632013513,0.7103581704334412,0.0,5.984360716642944,0.0047196623380907025,6.1774572782586175,4.977457278258618,,,yes
2.0,baseline,6,surface_dev_06,11,-15.0,0.012,0.13,4.5,True,0.20505056501464072,12.54864814627929,11.835659025080094,100.0,0.0,0.2840298566201721,0.20361588371761685,0.0,0.548,0.8483793934031015,0.7178558723230939,0.0,0.0,0.018096630662921855,6.1821229877016926,4.982122987701693,,,yes
2.0,integral,6,surface_dev_06,11,-15.0,0.012,0.13,4.5,True,0.2408033266440464,12.546816605411765,8.130056093088374,100.0,0.0,0.351164167177355,0.2040723277689135,0.0,0.548,0.8483606285681518,0.6936890241078173,0.0,5.236951788297539,0.017101439024739745,6.151292927171358,4.951292927171359,,,yes
2.0,friction,6,surface_dev_06,11,-15.0,0.012,0.13,4.5,True,0.21402203937956238,12.548648146281925,1.9155507553974724,100.0,0.0,0.29578888285915367,0.20100684674490227,0.0,0.548,0.848379393403157,0.7089732763760312,0.0,5.552480527504062,0.004002321978702644,6.130792337965087,4.930792337965087,,,yes
2.0,online,6,surface_dev_06,11,-15.0,0.012,0.13,4.5,True,0.2223399895855853,12.548648146281925,1.4337579034446424,100.0,0.0,0.30511577354137914,0.2004722807052706,0.0,0.548,0.848379393403157,0.7075042753887772,0.0,5.984360762996737,0.00470925394864945,6.107964328163643,4.907964328163644,,,yes
2.0,baseline,7,surface_dev_07,29,-15.0,0.012,0.13,4.5,True,0.19485085991580706,12.527375258903394,11.831362433757079,100.0,0.0,0.2841835372434965,0.20841125017631928,0.0,0.548,0.8481726479865164,0.7188659210211664,0.0,0.0,0.01813269050828492,6.18830114827877,4.9883011482787705,,,yes
2.0,integral,7,surface_dev_07,29,-15.0,0.012,0.13,4.5,True,0.23434813166305568,12.525417164607413,8.127467441830179,100.0,0.0,0.35132736967734696,0.20876667742824287,0.0,0.548,0.8481533349769532,0.6928159290751912,0.0,5.224365662253845,0.017180822872313,6.15777940159309,4.957779401593091,,,yes
2.0,friction,7,surface_dev_07,29,-15.0,0.012,0.13,4.5,True,0.20492493535361544,12.527375258898903,1.9049135397443113,100.0,0.0,0.29590615615215865,0.20590024848043248,0.0,0.548,0.8481726479865233,0.7101431874054209,0.0,5.565966459904837,0.00406799986211455,6.123093719329272,4.923093719329272,,,yes
2.0,online,7,surface_dev_07,29,-15.0,0.012,0.13,4.5,True,0.21388695683992942,12.527375258898903,1.4306041144989754,100.0,0.0,0.3052719800193867,0.20535431008891297,0.0,0.548,0.8481726479865233,0.7081566716580101,0.0,5.984360716642944,0.004746227117939845,6.133054301827334,4.933054301827335,,,yes
2.0,baseline,8,surface_dev_08,11,0.0,0.005,0.1,4.5,True,0.15991481461968005,12.54275511398457,11.751726223880723,100.0,0.0,0.22707825899194584,0.20927359607738663,0.0,0.5760000000000001,0.788852548495679,0.6668619293572,0.0,0.0,0.018074124347754707,6.229073102857336,5.029073102857336,,,yes
2.0,integral,8,surface_dev_08,11,0.0,0.005,0.1,4.5,True,0.16712272099040723,12.540820937927887,8.093286543407746,100.0,0.0,0.286396697416566,0.20909736533408982,0.0,0.5760000000000001,0.7888355864140508,0.6437348795115885,0.0,5.189516877488271,0.017165638720310482,6.124761966426233,4.924761966426233,,,yes
2.0,friction,8,surface_dev_08,11,0.0,0.005,0.1,4.5,True,0.15962464814978983,12.54275511398457,1.8189984793523055,100.0,0.0,0.23851078327153302,0.20863793613037915,0.0,0.5760000000000001,0.788852548495679,0.6595776928369281,0.0,5.548435342725134,0.003824939990807843,6.104942908303386,4.904942908303386,,,yes
2.0,online,8,surface_dev_08,11,0.0,0.005,0.1,4.5,True,0.1592797646179324,12.579745879986286,1.3241418381504455,100.0,0.0,0.24805116097218713,0.20845825057648998,0.0,0.5760000000000001,0.788852548495679,0.6573293780838609,0.0,5.984360762996737,0.004500353554568147,6.08913129305576,4.889131293055761,,,yes
2.0,baseline,9,surface_dev_09,29,0.0,0.005,0.1,4.5,True,0.1486072753874772,12.52172077591962,11.74446889797008,100.0,0.0,0.2272882067606451,0.2147202398433754,0.0,0.578,0.7887089098337698,0.667773737426637,0.0,0.0,0.01810325961442696,6.23804196302491,5.038041963024911,,,yes
2.0,integral,9,surface_dev_09,29,0.0,0.005,0.1,4.5,True,0.15917315918701977,12.519996419980227,8.086326093655588,100.0,0.0,0.2866359908281126,0.21467522550039422,0.0,0.578,0.7886924348108684,0.643539419466578,0.0,5.187533169799901,0.017239571781430596,6.1332436121968685,4.933243612196869,,,yes
2.0,friction,9,surface_dev_09,29,0.0,0.005,0.1,4.5,True,0.14972503506466453,12.52172077591962,1.8058457221840467,100.0,0.0,0.2386899746181121,0.2140691274026111,0.0,0.578,0.7887089098337698,0.659656746452443,0.0,5.538479663631368,0.003895881873634266,6.1161538408419815,4.916153840841982,,,yes
2.0,online,9,surface_dev_09,29,0.0,0.005,0.1,4.5,True,0.1497757897303412,12.52172077591962,1.317944022871218,100.0,0.0,0.24827191639576005,0.2139115359809523,0.0,0.578,0.7887089098337698,0.6575259257410107,0.0,5.984360716642944,0.004555049570237803,6.100091120075861,4.900091120075862,,,yes
2.0,baseline,10,surface_dev_10,11,0.0,0.005,0.13,4.5,True,0.16098622076410252,12.543869156389864,11.75487929088039,100.0,0.0,0.22712308784485735,0.20921808829771954,0.0,0.5760000000000001,0.7872922298711518,0.6647011342323164,0.0,0.0,0.01808883536119217,6.184612353685477,4.984612353685478,,,yes
2.0,integral,10,surface_dev_10,11,0.0,0.005,0.13,4.5,True,0.16806082721735888,12.541940991746285,8.096906396744513,100.0,0.0,0.28647911451221786,0.20905183614935413,0.0,0.5760000000000001,0.787275367202557,0.6414890319047031,0.0,5.190227570795238,0.017190536989343044,6.080131433883489,4.88013143388349,,,yes
2.0,friction,10,surface_dev_10,11,0.0,0.005,0.13,4.5,True,0.1605685136071999,12.543869156389864,1.8242359379167317,100.0,0.0,0.23855243248231875,0.20859684783497368,0.0,0.5760000000000001,0.7872922298711518,0.6573669125086514,0.0,5.548305254618373,0.0038444378584874344,6.060429307895056,4.860429307895057,,,yes
2.0,online,10,surface_dev_10,11,0.0,0.005,0.13,4.5,True,0.16020404317889275,12.581185906246969,1.3308323539652076,100.0,0.0,0.24810468437255787,0.20843174082543664,0.0,0.5760000000000001,0.7872922298711518,0.6550977769200563,0.0,5.984360762996737,0.004527011426375212,6.044612344411643,4.844612344411644,,,yes
2.0,baseline,11,surface_dev_11,29,0.0,0.005,0.13,4.5,True,0.15104541143258335,12.531108471138362,11.74860721629896,100.0,0.0,0.22732726739868592,0.21470325253614342,0.0,0.578,0.7872259156862862,0.6656456814871994,0.0,0.0,0.01812067126011201,6.193561468463403,4.993561468463404,,,yes
2.0,integral,11,surface_dev_11,29,0.0,0.005,0.13,4.5,True,0.16131597802495787,12.529389870286877,8.090862054873678,100.0,0.0,0.2867170039938159,0.21466558105317066,0.0,0.578,0.7872095564958395,0.6413085104154739,0.0,5.1888706449479,0.017267865511728344,6.088587182221893,4.888587182221894,,,yes
2.0,friction,11,surface_dev_11,29,0.0,0.005,0.13,4.5,True,0.1519576935209903,12.531108471138362,1.8110190801470172,100.0,0.0,0.23871990712976662,0.21406951192770984,0.0,0.578,0.7872259156862862,0.657474334494236,0.0,5.540672680071354,0.003915478022784028,6.071616526745165,4.871616526745166,,,yes
2.0,online,11,surface_dev_11,29,0.0,0.005,0.13,4.5,True,0.15196711115149886,12.531108471138362,1.3248685765313248,100.0,0.0,0.24831545846423042,0.21393237096170173,0.0,0.578,0.7872259156862862,0.6553379977963305,0.0,5.984360716642944,0.004580562348156599,6.055550315086367,4.855550315086368,,,yes
2.0,baseline,12,surface_dev_12,11,0.0,0.012,0.1,4.5,True,0.16269895871739326,12.550093191841206,11.75638991312294,100.0,0.0,0.22733455044821654,0.20978600372212788,0.0,0.5760000000000001,0.8500591219433375,0.718029278051098,0.0,0.0,0.01809613008334658,6.227608836227822,5.027608836227823,,,yes
2.0,integral,12,surface_dev_12,11,0.0,0.012,0.1,4.5,True,0.16985508317677686,12.548208119371434,8.100816631729158,100.0,0.0,0.28667669132121654,0.20962300971050876,0.0,0.5760000000000001,0.8500409538988243,0.6948847836336438,0.0,5.188963119335501,0.017197928320594566,6.123247503628248,4.923247503628248,,,yes
2.0,friction,12,surface_dev_12,11,0.0,0.012,0.1,4.5,True,0.16163803962170412,12.550093191841206,1.825251166576783,100.0,0.0,0.2387045781517965,0.20897582234596856,0.0,0.5760000000000001,0.8500591219433375,0.7110951932687084,0.0,5.552079111894899,0.00382309739584771,6.103508984176649,4.90350898417665,,,yes
2.0,online,12,surface_dev_12,11,0.0,0.012,0.1,4.5,True,0.16114470954480709,12.617920173318755,1.3404538411325244,100.0,0.0,0.24831266102850957,0.2087867906040516,0.0,0.5760000000000001,0.8500591219433375,0.7085418566668347,0.0,5.984360762996737,0.004524753715103488,6.0877183006312325,4.887718300631233,,,yes
2.0,baseline,13,surface_dev_13,29,0.0,0.012,0.1,4.5,True,0.15133712149129389,12.528104543201252,11.749144037458137,100.0,0.0,0.22754797195502438,0.21523712900835326,0.0,0.578,0.8498744790783399,0.7189356860029597,0.0,0.0,0.018126587232726716,6.236735702928786,5.0367357029287865,,,yes
2.0,integral,13,surface_dev_13,29,0.0,0.012,0.1,4.5,True,0.1617884022348555,12.529796439258593,8.093579611942834,100.0,0.0,0.2869132313670625,0.21518691025638842,0.0,0.578,0.8498564082619411,0.6948135966314342,0.0,5.187012278078868,0.017272118554371337,6.131901262269485,4.931901262269486,,,yes
2.0,friction,13,surface_dev_13,29,0.0,0.012,0.1,4.5,True,0.15161407040262811,12.527109320542918,1.812075609968205,100.0,0.0,0.23888281217565033,0.21438540343900395,0.0,0.578,0.8498744790783399,0.7108042175102205,0.0,5.541453855432803,0.003893768690329063,6.114882604185373,4.914882604185374,,,yes
2.0,online,13,surface_dev_13,29,0.0,0.012,0.1,4.5,True,0.15151573073628272,12.54117537682389,1.3355596153122145,100.0,0.0,0.24853029398687643,0.21422400846735612,0.0,0.578,0.8498744790783399,0.7088248322423065,0.0,5.984360716642944,0.00458250708082078,6.098832737962983,4.898832737962984,,,yes
2.0,baseline,14,surface_dev_14,11,0.0,0.012,0.13,4.5,True,0.1637589239963734,12.551179821232543,11.759528068223988,100.0,0.0,0.22737867082724111,0.20972644838839075,0.0,0.5760000000000001,0.8483414278248405,0.7158995529852954,0.0,0.0,0.018110815314273474,6.183153641296879,4.983153641296879,,,yes
2.0,integral,14,surface_dev_14,11,0.0,0.012,0.13,4.5,True,0.17078469152970627,12.549300050502483,8.104413707299482,100.0,0.0,0.2867579866692159,0.20957507991869545,0.0,0.5760000000000001,0.8483233482519461,0.6926085828837594,0.0,5.1896798874732974,0.017222686370780907,6.078622655676931,4.878622655676931,,,yes
2.0,friction,14,surface_dev_14,11,0.0,0.012,0.13,4.5,True,0.16258033764989227,12.551179821232543,1.8305182542442706,100.0,0.0,0.23874597795424027,0.20893100670655274,0.0,0.5760000000000001,0.8483414278248405,0.708893932760142,0.0,5.551826260517868,0.0038427309375596423,6.0590018616283,4.8590018616283,,,yes
2.0,online,14,surface_dev_14,11,0.0,0.012,0.13,4.5,True,0.16207255133078471,12.619415640267738,1.3471556689248392,100.0,0.0,0.24836636026519868,0.2087573498721243,0.0,0.5760000000000001,0.8483414278248405,0.706331529072908,0.0,5.984360762996737,0.004551388110446988,6.043201411306654,4.843201411306655,,,yes
2.0,baseline,15,surface_dev_15,29,0.0,0.012,0.13,4.5,True,0.15215345925122853,12.529635840373022,11.752262200244274,100.0,0.0,0.2275924005830072,0.2151798137217693,0.0,0.578,0.8481570759479098,0.7167881001322387,0.0,0.0,0.01814135589181813,6.192288912550101,4.9922889125501015,,,yes
2.0,integral,15,surface_dev_15,29,0.0,0.012,0.13,4.5,True,0.16246421301176012,12.53156030863604,8.097175335789872,100.0,0.0,0.2869951156880795,0.21513587575900553,0.0,0.578,0.8481390858682616,0.6925864857072819,0.0,5.187783728178456,0.017297105553564108,6.087283318513002,4.887283318513003,,,yes
2.0,friction,15,surface_dev_15,29,0.0,0.012,0.13,4.5,True,0.15229634921717314,12.52823835509139,1.8173335456697308,100.0,0.0,0.23892453801642893,0.2143447234797325,0.0,0.578,0.8481570759479098,0.7086240687229419,0.0,5.541144845693358,0.003913613542764708,6.070383992691683,4.870383992691684,,,yes
2.0,online,15,surface_dev_15,29,0.0,0.012,0.13,4.5,True,0.15217824197362767,12.542949916896141,1.3422572294517723,100.0,0.0,0.24858320757297583,0.2141975520386896,0.0,0.578,0.8481570759479098,0.7066409390972042,0.0,5.984360716642944,0.004609375936190253,6.0543301112857915,4.854330111285792,,,yes
2.0,baseline,16,surface_dev_16,11,15.0,0.005,0.1,4.5,True,0.19365702672024857,12.610178365977276,11.796661927594585,100.0,0.0,0.21600297575323002,0.20270704490034483,0.0,0.546,0.7888893134161933,0.6654529616989153,0.0,0.0,0.018306828562917234,6.012409038023945,4.8124090380239455,,,yes
2.0,integral,16,surface_dev_16,11,15.0,0.005,0.1,4.5,True,0.20924293512181485,12.65688490959961,8.174909151367933,100.0,0.0,0.2731408001509391,0.2024083545214276,0.0,0.546,0.7888714030893431,0.6432238456719388,0.0,5.183918043801208,0.017621269810900096,5.936807555227171,4.736807555227172,,,yes
2.0,friction,16,surface_dev_16,11,15.0,0.005,0.1,4.5,True,0.17538544036500178,12.592717871161149,1.9248290532663024,100.0,0.0,0.2278737861415728,0.20307190978803646,0.0,0.546,0.7888893134163182,0.658410704582571,0.0,5.624935016421131,0.004122500386278402,5.924862649113289,4.72486264911329,,,yes
2.0,online,16,surface_dev_16,11,15.0,0.005,0.1,4.5,True,0.18300240246481567,12.652065967202299,1.4053053618682563,100.0,0.0,0.23884480324160165,0.2032533402641488,0.0,0.546,0.7888893134163182,0.6563091818171212,0.0,5.984360762996737,0.0045719071027280804,5.91346594117744,4.713465941177441,,,yes
2.0,baseline,17,surface_dev_17,29,15.0,0.005,0.1,4.5,True,0.18679619517971865,12.630452203089886,11.786541910207374,100.0,0.0,0.21624914768316636,0.20842901324694377,0.0,0.546,0.7886747720974724,0.6650527708735328,0.0,0.0,0.018323512411135043,6.007298811875561,4.807298811875562,,,yes
2.0,integral,17,surface_dev_17,29,15.0,0.005,0.1,4.5,True,0.20467913105687346,12.688438207062044,8.16319291200875,100.0,0.0,0.27344502629129025,0.20838599393693233,0.0,0.546,0.7886543430137214,0.6426788854514351,0.0,5.1786717070555985,0.01767463405611347,5.930838052662534,4.730838052662535,,,yes
2.0,friction,17,surface_dev_17,29,15.0,0.005,0.1,4.5,True,0.16973639943770313,12.571809962530981,1.9091927375286015,100.0,0.0,0.22806409568700603,0.20879226137177342,0.0,0.546,0.7886747720973961,0.6584587774846572,0.0,5.641496802581593,0.0041930857020536574,5.920819868432879,4.72081986843288,,,yes
2.0,online,17,surface_dev_17,29,15.0,0.005,0.1,4.5,True,0.17792393548749935,12.629022589436339,1.3981566719711305,100.0,0.0,0.23913107423530697,0.20907983052498272,0.0,0.546,0.7886747720973961,0.6563508549766155,0.0,5.984360762996737,0.004645523586741214,5.911672679923679,4.71167267992368,,,yes
2.0,baseline,18,surface_dev_18,11,15.0,0.005,0.13,4.5,True,0.1940855755860109,12.611016114401641,11.799712436298535,100.0,0.0,0.21606411527855252,0.20264964271765828,0.0,0.546,0.7873275498929654,0.6632765729405379,0.0,0.0,0.018321394626635,5.967989772963368,4.767989772963369,,,yes
2.0,integral,18,surface_dev_18,11,15.0,0.005,0.13,4.5,True,0.20955169488535397,12.65793690309175,8.178652395964706,100.0,0.0,0.2732418920645257,0.20236028202276782,0.0,0.546,0.7873097512568622,0.6409837068239184,0.0,5.184377012067096,0.017646370941130522,5.892265712644673,4.692265712644674,,,yes
2.0,friction,18,surface_dev_18,11,15.0,0.005,0.13,4.5,True,0.1757344549899722,12.59388839829955,1.93000152275109,100.0,0.0,0.22793276337269586,0.20302873645952355,0.0,0.546,0.7873275498931874,0.6562076814621322,0.0,5.624751062673566,0.0041420193454612545,5.880419602090516,4.680419602090517,,,yes
2.0,online,18,surface_dev_18,11,15.0,0.005,0.13,4.5,True,0.1833381121228167,12.653036221356228,1.4119704363000305,100.0,0.0,0.23890759025844407,0.20321851951668093,0.0,0.546,0.7873275498931874,0.6541154701767866,0.0,5.984360762996737,0.004595932436371975,5.869008382561461,4.6690083825614614,,,yes
2.0,baseline,19,surface_dev_19,29,15.0,0.005,0.13,4.5,True,0.1869802709292668,12.631414052312977,11.789591679556686,100.0,0.0,0.21631081169108504,0.20837965412788503,0.0,0.548,0.787115002620048,0.6628705110110038,0.0,0.0,0.01833822442377455,5.962841932640888,4.762841932640889,,,yes
2.0,integral,19,surface_dev_19,29,15.0,0.005,0.13,4.5,True,0.20475775848742248,12.689413693387795,8.166935302251614,100.0,0.0,0.2735465735047069,0.2083425281043272,0.0,0.548,0.7870947062189395,0.6404325297414727,0.0,5.179230971652135,0.017699935353660236,5.886268958334657,4.686268958334658,,,yes
2.0,friction,19,surface_dev_19,29,15.0,0.005,0.13,4.5,True,0.16980827161707895,12.573018852316102,1.9143668168882442,100.0,0.0,0.22812307132611553,0.20875610050429624,0.0,0.548,0.787115002620048,0.6562732249729819,0.0,5.6412880963594265,0.004212791384581109,5.876350534283075,4.676350534283076,,,yes
2.0,online,19,surface_dev_19,29,15.0,0.005,0.13,4.5,True,0.17799546251411272,12.630155190257486,1.4048537121613338,100.0,0.0,0.23919532101818838,0.2090523876624738,0.0,0.548,0.787115002620048,0.6541132869517778,0.0,5.984360762996737,0.004670275354981494,5.867184871851671,4.6671848718516715,,,yes
2.0,baseline,20,surface_dev_20,11,15.0,0.012,0.1,4.5,True,0.19624362888020772,12.641122663089812,11.801479412874606,100.0,0.0,0.21617435218872158,0.20323380779503694,0.0,0.546,0.8500984585981599,0.716840853021785,0.0,0.0,0.018332531988719602,6.011148836334527,4.811148836334528,,,yes
2.0,integral,20,surface_dev_20,11,15.0,0.012,0.1,4.5,True,0.2115634558614952,12.664788326924189,8.182993454579186,100.0,0.0,0.2733055650983282,0.20292001052159467,0.0,0.546,0.8500791708870372,0.6946121197768038,0.0,5.183271953801262,0.017660495078073712,5.935631378091665,4.735631378091666,,,yes
2.0,friction,20,surface_dev_20,11,15.0,0.012,0.1,4.5,True,0.17717725861299252,12.61012272019903,1.9314300835594966,100.0,0.0,0.22795210732713506,0.20347064065920611,0.0,0.546,0.8500984585980871,0.7096741435212474,0.0,5.626797239482188,0.004121005166775972,5.9237175039125525,4.723717503912553,,,yes
2.0,online,20,surface_dev_20,11,15.0,0.012,0.1,4.5,True,0.18459657044180247,12.690609430821338,1.4231823886868546,100.0,0.0,0.23899983656300494,0.20367405174550499,0.0,0.546,0.8500984585980871,0.7075217540592118,0.0,5.984360762996737,0.004599265051003498,5.912403849865496,4.712403849865496,,,yes
2.0,baseline,21,surface_dev_21,29,15.0,0.012,0.1,4.5,True,0.18926402415918975,12.644401376333647,11.791382506306656,100.0,0.0,0.2164240018835774,0.20894081589761582,0.0,0.546,0.849928942266237,0.716318242517118,0.0,0.0,0.018350833572047694,6.006165057320343,4.806165057320344,,,yes
2.0,integral,21,surface_dev_21,29,15.0,0.012,0.1,4.5,True,0.20687790361083694,12.701819435567597,8.17146096019698,100.0,0.0,0.27361714238281803,0.20888391775015372,0.0,0.546,0.8499069601438161,0.6939874886250346,0.0,5.178045592082071,0.017717364954110013,5.92979184614113,4.729791846141131,,,yes
2.0,friction,21,surface_dev_21,29,15.0,0.012,0.1,4.5,True,0.17138050916818354,12.58287103607501,1.915875936598056,100.0,0.0,0.2281486917624396,0.20915069520510865,0.0,0.546,0.8499289422661365,0.7096143180751625,0.0,5.643903754466076,0.004191512444842785,5.9197967013731905,4.719796701373191,,,yes
2.0,online,21,surface_dev_21,29,15.0,0.012,0.1,4.5,True,0.1793766373097001,12.66601169751582,1.4148378338585854,100.0,0.0,0.23927621933898272,0.20947412921943584,0.0,0.546,0.8499289422661365,0.7076444574142509,0.0,5.984360762996737,0.0046666014559175765,5.910694668563112,4.710694668563113,,,yes
2.0,baseline,22,surface_dev_22,11,15.0,0.012,0.13,4.5,True,0.1966692648132495,12.642100195545995,11.804513892908304,100.0,0.0,0.21623412773297035,0.20317266682473598,0.0,0.546,0.8483799247857964,0.7146270529857675,0.0,0.0,0.018347030536481564,5.9667364261287466,4.766736426128747,,,yes
2.0,integral,22,surface_dev_22,11,15.0,0.012,0.13,4.5,True,0.21187042322428654,12.66637095858514,8.18671191183398,100.0,0.0,0.27340526349253963,0.20286712670769622,0.0,0.546,0.8483607423488936,0.6923202419583212,0.0,5.183737183873004,0.017685422028796163,5.891087520458031,4.691087520458032,,,yes
2.0,friction,22,surface_dev_22,11,15.0,0.012,0.13,4.5,True,0.17753342233748212,12.610482188165749,1.9366237104279513,100.0,0.0,0.228009979508084,0.20342220958042131,0.0,0.546,0.8483799247857928,0.7074693279828774,0.0,5.626618169248163,0.004140672578336861,5.8792832954917955,4.679283295491796,,,yes
2.0,online,22,surface_dev_22,11,15.0,0.012,0.13,4.5,True,0.1849378937392853,12.691501445988491,1.4299464318588906,100.0,0.0,0.23906462742864332,0.20363528431939418,0.0,0.546,0.8483799247857928,0.7053176754278027,0.0,5.984360762996737,0.004624571638051463,5.867951359131183,4.667951359131184,,,yes
2.0,baseline,23,surface_dev_23,29,15.0,0.012,0.13,4.5,True,0.18944776592478096,12.645648155297684,11.794410056302404,100.0,0.0,0.21648387348582482,0.2088874665579359,0.0,0.548,0.8482113310162125,0.714153478494916,0.0,0.0,0.018365388193589665,5.961707192787167,4.761707192787168,,,yes
2.0,integral,23,surface_dev_23,29,15.0,0.012,0.13,4.5,True,0.20695772232289916,12.70271073999394,8.175177548064278,100.0,0.0,0.27371724785859797,0.20883563628113086,0.0,0.548,0.8481894721849466,0.6917477848620117,0.0,5.178611230392128,0.017742467725982834,5.885221051252293,4.685221051252293,,,yes
2.0,friction,23,surface_dev_23,29,15.0,0.012,0.13,4.5,True,0.17146561965049772,12.584308412201885,1.9210771090886811,100.0,0.0,0.228206900799122,0.20911112227578554,0.0,0.548,0.8482113310161674,0.7074088553630179,0.0,5.6437471559693995,0.004211356403938603,5.875328596300706,4.675328596300707,,,yes
2.0,online,23,surface_dev_23,29,15.0,0.012,0.13,4.5,True,0.17945694384220617,12.666953384961898,1.4215684298752862,100.0,0.0,0.23933837686179704,0.2094442500424513,0.0,0.548,0.8482113310161674,0.7054102410334451,0.0,5.984360762996737,0.004691149632688309,5.866206127224305,4.666206127224306,,,yes
