method,case_index,simulation_seed,wall_yaw_deg,wall_time_constant_s,tool_mass_kg,from_scale,to_scale,force_rmse_n,peak_force_n,tangent_rmse_mm,contact_ratio_pct,saturation_pct,orientation_rmse_deg,measurement_rmse_n,seconds_over_35_n,first_raw_contact_time_s,max_penetration_mm,evaluation_median_penetration_mm,projection_pct,max_compensation_force_n,tangent_velocity_error_rms_m_s,minimum_torque_headroom_nm,minimum_reserved_torque_headroom_nm
baseline,0,11,-15.0,0.005,0.1,1.0,2.0,0.002437100976097728,-0.08260715292964882,-0.0012781382031352706,0.0,0.0,-0.24851331598262194,-0.0002945709953848519,0.0,0.0040000000000000036,-0.0007821784219208539,0.0001263789716158259,0.0,0.0,0.00014535610637416568,0.0012633040172307375,0.0012633040172307375
integral,0,11,-15.0,0.005,0.1,1.0,2.0,0.004424036374632984,-0.08306597006309957,0.030229176172314354,0.0,0.0,-0.30193460686036955,-0.00016792913128652054,0.0,0.0040000000000000036,-0.000786419405113925,0.0006386193553489239,0.0,-0.034008860393051954,0.00027814458508340287,-0.0006690119259005201,-0.0006690119259005201
friction,0,11,-15.0,0.005,0.1,1.0,2.0,0.0015557419921684579,-0.08260715292972698,0.018392448147629636,0.0,0.0,-0.26133265286186774,-0.0005090550939562399,0.0,0.0040000000000000036,-0.0007821784219208539,-0.0001947279300896776,0.0,-0.0042670064893224335,0.0002729947666497267,0.010161252192037118,0.010161252192037118
online,0,11,-15.0,0.005,0.1,1.0,2.0,0.0039849657249080295,-0.08260715292972698,0.042462167002672135,0.0,0.0,-0.2649918706274316,-0.00029392895108590333,0.0,0.0040000000000000036,-0.0007821784219208539,-0.0001991341276181835,0.0,-4.6353792804154637e-08,0.00043923445325658866,0.005734426740101384,0.005734426740101384
baseline,1,29,-15.0,0.005,0.1,1.0,2.0,0.003566263487995519,-0.0874032494471777,-0.0012626226148402253,0.0,0.0,-0.2485530361962266,-0.00041748431716592815,0.0,0.0020000000000000018,-0.0007992802821821243,0.0003808397745982406,0.0,0.0,0.0001458513703096742,0.005634146679790675,0.005634146679790675
integral,1,29,-15.0,0.005,0.1,1.0,2.0,0.005537157865056569,-0.08776967445603212,0.03039326241140472,0.0,0.0,-0.3019215441604115,-0.0003868832643289799,0.0,0.0020000000000000018,-0.0008037328876157046,-4.516413430388777e-05,0.0,-0.03422433165579708,0.0002806778867838061,-0.007232997678357833,-0.007232997678357833
friction,1,29,-15.0,0.005,0.1,1.0,2.0,0.0021445438182167986,-0.08740324944727185,0.019008709444936267,0.0,0.0,-0.2614218313055287,-0.0005058425959832413,0.0,0.0020000000000000018,-0.0007992802821821243,-0.00013047000813060095,0.0,0.01978434804776974,0.00027546379892322455,0.010585146626976183,0.010585146626976183
online,1,29,-15.0,0.005,0.1,1.0,2.0,0.004646744473534109,-0.08740324944727185,0.042735624547051376,0.0,0.0,-0.26506306378920774,-0.0002659564419237592,0.0,0.0020000000000000018,-0.0007992802821821243,0.0004692364394195403,0.0,0.0,0.0004387096727389928,0.00742529635155087,0.00742529635155087
baseline,2,11,-15.0,0.005,0.13,1.0,2.0,0.0023551259347012743,-0.0826609671581906,-0.0012665485078144911,0.0,0.0,-0.24852729800011653,-0.0002891732474790687,0.0,0.0040000000000000036,-0.0007802977927129362,0.00010518910357859568,0.0,0.0,0.00014579478936026236,0.001177613534967037,0.001177613534967037
integral,2,11,-15.0,0.005,0.13,1.0,2.0,0.004370505036844496,-0.08312347939932252,0.030414552863714306,0.0,0.0,-0.30195722096918814,-0.0001620419010366081,0.0,0.0040000000000000036,-0.0007845589122222885,0.000581718267174347,0.0,-0.03397471457236634,0.0002793936142589208,-0.0008282795854963609,-0.0008282795854963609
friction,2,11,-15.0,0.005,0.13,1.0,2.0,0.0014807044530472102,-0.08266096715348148,0.01852316588455505,0.0,0.0,-0.2613504585790562,-0.0005042021036063826,0.0,0.0040000000000000036,-0.0007802977926471,-0.00020516928870772944,0.0,-0.004066374007048346,0.0002745556897197159,0.010063847260264325,0.010063847260264325
online,2,11,-15.0,0.005,0.13,1.0,2.0,0.003911504306173708,-0.08266096715348148,0.04259808698162382,0.0,0.0,-0.26501095300256144,-0.00029089076720800744,0.0,0.0040000000000000036,-0.0007802977926471,-0.00016459888440945036,0.0,-4.6353792804154637e-08,0.00044042014967534716,0.005636625446954646,0.005636625446954646
baseline,3,29,-15.0,0.005,0.13,1.0,2.0,0.0034811531932092965,-0.08747419150144431,-0.0012465809986252907,0.0,0.0,-0.24856715403107593,-0.00041168234413380134,0.0,0.0020000000000000018,-0.0007974485008132026,0.0003651677978142587,0.0,0.0,0.00014634663173588094,0.0055535455906028375,0.0055535455906028375
integral,3,29,-15.0,0.005,0.13,1.0,2.0,0.005482664025267231,-0.08784454572431954,0.030575058460643234,0.0,0.0,-0.3019446503647391,-0.00038322567904772176,0.0,0.0020000000000000018,-0.0008016973326342436,-7.949494363135301e-05,0.0,-0.0341997415422961,0.00028184712521764355,-0.007247378023870432,-0.007247378023870432
friction,3,29,-15.0,0.005,0.13,1.0,2.0,0.002068307984145701,-0.08747419150144253,0.01914315119261234,0.0,0.0,-0.2614399186935143,-0.0005017372676613119,0.0,0.0020000000000000018,-0.0007974485008132026,-0.00012063515022853188,0.0,0.01982899856557374,0.0002769719505523456,0.010461504052952542,0.010461504052952542
online,3,29,-15.0,0.005,0.13,1.0,2.0,0.004571709187788792,-0.08747419150144253,0.04286951385373583,0.0,0.0,-0.2650833886264581,-0.00026452861167017283,0.0,0.0020000000000000018,-0.0007974485008132026,0.0004440491964564641,0.0,0.0,0.00043947107315861836,0.007307690462155847,0.007307690462155847
baseline,4,11,-15.0,0.012,0.1,1.0,2.0,0.002550187679264404,-0.08444126934340801,-0.00107675220715997,0.0,0.0,-0.2486836059106275,-0.00028154399387514406,0.0,0.0040000000000000036,-0.000876090372754823,0.0002712616626789899,0.0,0.0,0.00014792558410671452,0.0005779706754793779,0.0005779706754793779
integral,4,11,-15.0,0.012,0.1,1.0,2.0,0.004604548914863282,-0.08487379701850806,0.031088511120152873,0.0,0.0,-0.3020896522839315,-0.00015646727584750497,0.0,0.0040000000000000036,-0.0008806767321095643,0.0006522423003312294,0.0,-0.03411753983762278,0.000281830858460258,-0.0016300133168849484,-0.0016300133168849484
friction,4,11,-15.0,0.012,0.1,1.0,2.0,0.0016551177574812004,-0.08444126934340446,0.018892991019938243,0.0,0.0,-0.26152133350444967,-0.0005063291637059653,0.0,0.0040000000000000036,-0.000876090372754823,-0.00011349097703294841,0.0,-0.0036695867477245514,0.00027337255133851567,0.009870442860768769,0.009870442860768769
online,4,11,-15.0,0.012,0.1,1.0,2.0,0.004123022305072249,-0.08444126934340446,0.04308831160090687,0.0,0.0,-0.2651757782605475,-0.0002627005182935238,0.0,0.0040000000000000036,-0.000876090372754823,-0.00017062959333480343,0.0,0.0,0.00044157567858635425,0.005166414321783108,0.005166414321783108
baseline,5,29,-15.0,0.012,0.1,1.0,2.0,0.003664191460924948,-0.08313000031112061,-0.0010624500113038948,0.0,0.0,-0.24872043505322183,-0.0004080615292004208,0.0,0.0020000000000000018,-0.0008677733718368552,-3.3414104158913105e-05,0.0,0.0,0.00014830198261636673,0.004993876560860144,0.004993876560860144
integral,5,29,-15.0,0.012,0.1,1.0,2.0,0.005690430437211597,-0.08355971241394933,0.0310029549343529,0.0,0.0,-0.30207819926152496,-0.0003822835638491451,0.0,0.0020000000000000018,-0.0008720157417957397,-4.443654149155485e-05,0.0,-0.03428780951293131,0.00028352804961812375,-0.007583515165593191,-0.007583515165593191
friction,5,29,-15.0,0.012,0.1,1.0,2.0,0.002254565507003231,-0.08313000031112061,0.019500804684762896,0.0,0.0,-0.261606697088145,-0.0004997749990354183,0.0,0.0020000000000000018,-0.0008677733718368552,-0.000268801394878726,0.0,0.019778232264428652,0.0002758033252209533,0.010302476068855704,0.010302476068855704
online,5,29,-15.0,0.012,0.1,1.0,2.0,0.00476982132893608,-0.08313000031112061,0.044807309997455746,0.0,0.0,-0.26524907912355267,-0.00023306021753577433,0.0,0.0020000000000000018,-0.0008677733718368552,0.0005939722186270036,0.0,0.0,0.0004453343528085813,0.006521830905538373,0.006521830905538373
baseline,6,11,-15.0,0.012,0.13,1.0,2.0,0.002466759673597607,-0.08449562752546136,-0.0010654486438212984,0.0,0.0,-0.24869779591496344,-0.00027684787149903634,0.0,0.0040000000000000036,-0.0008743770831820541,0.0002521638537527071,0.0,0.0,0.00014834455179290815,0.0004976292372607105,0.0004976292372607105
integral,6,11,-15.0,0.012,0.13,1.0,2.0,0.004549537888593275,-0.08493182172430735,0.031271107335360426,0.0,0.0,-0.30211237219460685,-0.00015028008421621997,0.0,0.0040000000000000036,-0.0008789864065633646,0.0006416794443124818,0.0,-0.03405826792104971,0.00028307683130648215,-0.0017965619131050659,-0.0017965619131050659
friction,6,11,-15.0,0.012,0.13,1.0,2.0,0.0015789496765422628,-0.0844956275225286,0.019022255814854727,0.0,0.0,-0.2615393367380105,-0.0005015158882543669,0.0,0.0040000000000000036,-0.0008743770832723152,-0.00013893475675330613,0.0,-0.0033549102105094875,0.00027494979130730486,0.00976848363613847,0.00976848363613847
online,6,11,-15.0,0.012,0.13,1.0,2.0,0.00404599806213507,-0.0844956275225286,0.04322695303396085,0.0,0.0,-0.26519646268810676,-0.00026091670340225304,0.0,0.0040000000000000036,-0.0008743770832723152,-0.00020400209810655934,0.0,0.0,0.0004426598511824264,0.005061569139817479,0.005061569139817479
baseline,7,29,-15.0,0.012,0.13,1.0,2.0,0.0035771547528709036,-0.08322299812090783,-0.0010502152169813428,0.0,0.0,-0.24873496941065404,-0.0004033779021082873,0.0,0.0020000000000000018,-0.000866648031772721,-4.321190885847592e-05,0.0,0.0,0.00014872232604376534,0.004908271268483588,0.004908271268483588
integral,7,29,-15.0,0.012,0.13,1.0,2.0,0.0056330074758673965,-0.08363370039411677,0.031177827164993843,0.0,0.0,-0.30210167689789663,-0.000379474414155645,0.0,0.0020000000000000018,-0.0008709167348512903,-3.598794968973085e-05,0.0,-0.03426308952416157,0.000284623590387046,-0.007574876275180387,-0.007574876275180387
friction,7,29,-15.0,0.012,0.13,1.0,2.0,0.002177486487463076,-0.08322299811427492,0.01963565602629247,0.0,0.0,-0.26162487651595534,-0.0004959573793359429,0.0,0.0020000000000000018,-0.0008666480317449654,-0.00027937113594200813,0.0,0.019827888586274156,0.00027731797199516883,0.010180685049317795,0.010180685049317795
online,7,29,-15.0,0.012,0.13,1.0,2.0,0.004694449734797657,-0.08322299811427492,0.04495386665427126,0.0,0.0,-0.2652685856719843,-0.00023092214362271934,0.0,0.0020000000000000018,-0.0008666480317449654,0.000572321821363686,0.0,0.0,0.00044621034971671896,0.006404350552791982,0.006404350552791982
baseline,8,11,0.0,0.005,0.1,1.0,2.0,-0.001787196592107576,-0.09383067459624783,-0.0021775848180602964,0.0,0.0,-0.19825493538238265,-0.0005158775390406156,0.0,0.0020000000000000018,-0.000908611805683357,-0.00021273139266808627,0.0,0.0,0.00015791210216187235,0.0002597824395076387,0.0002597824395076387
integral,8,11,0.0,0.005,0.1,1.0,2.0,-0.0020026847883402032,-0.09415823072578355,0.028492337017191005,0.0,0.0,-0.2451089892584996,-0.0004598400730095875,0.0,0.0020000000000000018,-0.000911735248632084,-0.0002751889780494565,0.0,0.011001754371326555,0.0003207846854147399,-0.0007473996438331909,-0.0007473996438331909
friction,8,11,0.0,0.005,0.1,1.0,2.0,-0.0026577958182549544,-0.09383067459624783,0.014666444930256262,0.0,0.0,-0.21164381332483556,-0.0004087068719746123,0.0,0.0020000000000000018,-0.000908611805683357,-6.941598820753292e-05,0.0,-0.007570579341897421,0.0002672781403511935,0.0015165579513176652,0.0015165579513176652
online,8,11,0.0,0.005,0.1,1.0,2.0,-0.002551707063498554,-0.05683990859453303,0.04129207465608431,0.0,0.0,-0.21580427671927346,-0.00024551534106528883,0.0,0.0020000000000000018,-0.000908611805683357,-0.00013293256168056544,0.0,0.0,0.0004525666336804455,0.0013766920245190661,0.0013766920245190661
baseline,9,29,0.0,0.005,0.1,1.0,2.0,-0.00048244643200714976,-0.10074690554110788,-0.0021213899069998376,0.0,0.0,-0.19834989629878946,-0.00038812727980197526,0.0,0.0039999999999998925,-0.0009184282978580427,-0.00015330612185282533,0.0,0.0,0.00015864159821857293,4.7793170072196745e-05,4.7793170072196745e-05
integral,9,29,0.0,0.005,0.1,1.0,2.0,-0.0007519693017554729,-0.10096757277763402,0.028645111867600548,0.0,0.0,-0.2451748938824289,-0.00042999216569006293,0.0,0.0039999999999998925,-0.0009211036753886681,0.0002381195817469095,0.0,0.012358964140306128,0.00032277989897934456,-0.0010702120078631694,-0.0010702120078631694
friction,9,29,0.0,0.005,0.1,1.0,2.0,-0.0016831774068807315,-0.10074690554110788,0.015296132037525334,0.0,0.0,-0.21177220221617055,-0.0003253056489367079,0.0,0.0039999999999998925,-0.0009184282978580427,-0.00018562793782650466,0.0,-0.005951560671381806,0.0002713181477683648,0.0013886351321303891,0.0013886351321303891
online,9,29,0.0,0.005,0.1,1.0,2.0,-0.0016433056917977973,-0.10074690554110788,0.042391676034896575,0.0,0.0,-0.21592671372633662,-0.0002336959862713761,0.0,0.0039999999999998925,-0.0009184282978580427,-0.0002923241733954196,0.0,0.0,0.0004591021788245848,0.0011543436116845385,0.0011543436116845385
baseline,10,11,0.0,0.005,0.13,1.0,2.0,-0.0018806944105201617,-0.09389138518003648,-0.0021673506764248174,0.0,0.0,-0.198261786611092,-0.0005111070843717702,0.0,0.0020000000000000018,-0.0009066788796974201,-0.00019892226213458208,0.0,0.0,0.00015841969637389944,0.0002788563144147105,0.0002788563144147105
integral,10,11,0.0,0.005,0.13,1.0,2.0,-0.002092309754739119,-0.09422227648341597,0.02870517664563188,0.0,0.0,-0.24512430409174235,-0.0004555744756389313,0.0,0.0020000000000000018,-0.0009098209400315582,-0.0002624346265855948,0.0,0.011007764432541478,0.00032222322208697723,-0.0006514862932345267,-0.0006514862932345267
friction,10,11,0.0,0.005,0.13,1.0,2.0,-0.00274972506873028,-0.09389138518003648,0.014787278586806618,0.0,0.0,-0.2116551012644002,-0.00040467009865108317,0.0,0.0020000000000000018,-0.0009066788796974201,-5.0922294658750644e-05,0.0,-0.0075943293579090465,0.00026894385449963577,0.0016039500706259702,0.0016039500706259702
online,10,11,0.0,0.005,0.13,1.0,2.0,-0.0026415753718439516,-0.0565746353229315,0.04139261063639266,0.0,0.0,-0.2158159212311472,-0.00024396771766951875,0.0,0.0020000000000000018,-0.0009066788796974201,-0.00018872991758289714,0.0,0.0,0.0004538609304532322,0.0014703203127108821,0.0014703203127108821
baseline,11,29,0.0,0.005,0.13,1.0,2.0,0.0010258914398817987,-0.09249448358749568,-0.0011083532150522046,0.0,0.0,-0.19836327618287547,-0.00034687127173951837,0.0,0.0039999999999998925,-0.0008389012183251943,-0.00012354649980839127,0.0,0.0,0.00016169532475882042,2.0479275938178887e-05,2.0479275938178887e-05
integral,11,29,0.0,0.005,0.13,1.0,2.0,0.000611768956540748,-0.09271669452600584,0.029777463523721792,0.0,0.0,-0.24519238089697465,-0.00038817328806650675,0.0,0.0039999999999998925,-0.0008415699365715845,0.00023287760642087818,0.0,0.012939536804268847,0.00032739167750549594,-0.001027735557707743,-0.001027735557707743
friction,11,29,0.0,0.005,0.13,1.0,2.0,-0.00023179561044309183,-0.09249448358749568,0.015365439317229557,0.0,0.0,-0.21179576479329162,-0.00028357646071300313,0.0,0.0039999999999998925,-0.0008389012183251943,-0.00017335590327127726,0.0,-0.003542982483283552,0.0002728077462157701,0.00142460038178438,0.00142460038178438
online,11,29,0.0,0.005,0.13,1.0,2.0,-0.00020539392852894633,-0.09249448358749568,0.04270861530993697,0.0,0.0,-0.21594944946967692,-0.00018808983033691273,0.0,0.0039999999999998925,-0.0008389012183251943,-0.0002805654154280912,0.0,0.0,0.00045898370553068123,0.0012017641501964604,0.0012017641501964604
baseline,12,11,0.0,0.012,0.1,1.0,2.0,-0.0026735821705098084,-0.10152998265652435,-0.002492296984469178,0.0,0.0,-0.19838283038949195,-0.0005364662858975411,0.0,0.0020000000000000018,-0.0010421960228157445,-0.00021952374498757088,0.0,0.0,0.00015951382753360763,0.00027802030083279305,0.00027802030083279305
integral,12,11,0.0,0.012,0.1,1.0,2.0,-0.0028080542412639853,-0.1018660428416176,0.02892400899328429,0.0,0.0,-0.24523337476874119,-0.0004838188150683709,0.0,0.0020000000000000018,-0.0010454979166296674,-0.00031565308020176097,0.0,0.010550114306493441,0.00032407805581013624,-0.0007165788005440987,-0.0007165788005440987
friction,12,11,0.0,0.012,0.1,1.0,2.0,-0.0035304150620985852,-0.10152998265652435,0.015078637749135426,0.0,0.0,-0.21178548607863837,-0.00042649835997465857,0.0,0.0020000000000000018,-0.0010421960228157445,9.531283026720239e-05,0.0,-0.008587366708920463,0.0002671009976456134,0.0015344191606114777,0.0015344191606114777
online,12,11,0.0,0.012,0.1,1.0,2.0,-0.00343272991211388,-0.033703001178976066,0.0415984512349179,0.0,0.0,-0.21593911595358206,-0.00023182781475444836,0.0,0.0020000000000000018,-0.0010421960228157445,-9.614503987398493e-05,0.0,0.0,0.000455384128761175,0.0013964209727088672,0.0013964209727088672
baseline,13,29,0.0,0.012,0.1,1.0,2.0,-0.00048691947006798686,-0.10067942719096479,-0.0019057601387419965,0.0,0.0,-0.1984838023087699,-0.0003922005373754589,0.0,0.0039999999999998925,-0.0010300722426137554,-0.00016489167942168592,0.0,0.0,0.00016157280675112642,9.352008156415792e-05,9.352008156415792e-05
integral,13,29,0.0,0.012,0.1,1.0,2.0,-0.0007457953979878862,-0.09749992682562514,0.02915442414643188,0.0,0.0,-0.24530740964850417,-0.00043738262813972084,0.0,0.0039999999999998925,-0.001032985273374809,0.00018541663057702884,0.0,0.012323933954312416,0.00032643212804367785,-0.0010083337269737314,-0.0010083337269737314
friction,13,29,0.0,0.012,0.1,1.0,2.0,-0.0016832539409658287,-0.10167464984929886,0.015691144360979514,0.0,0.0,-0.2119247434507272,-0.0003167581761779892,0.0,0.0039999999999998925,-0.0010300722426137554,-0.00028158233442154845,0.0,-0.005882787900389097,0.0002710117096310521,0.0014321237306340606,0.0014321237306340606
online,13,29,0.0,0.012,0.1,1.0,2.0,-0.001678123973752943,-0.0876085935683264,0.042867895647292764,0.0,0.0,-0.21607639009202784,-0.00020445512181185843,0.0,0.0039999999999998925,-0.0010300722426137554,-0.0002848714519554374,0.0,0.0,0.00046136022732510846,0.0011968164991174035,0.0011968164991174035
baseline,14,11,0.0,0.012,0.13,1.0,2.0,-0.002767323307792363,-0.10157793015235583,-0.002481552277675547,0.0,0.0,-0.19838972697230106,-0.0005313930750390772,0.0,0.0020000000000000018,-0.0010403059748087529,-0.00018007958116350586,0.0,0.0,0.00016001229030906255,0.0002980440557509567,0.0002980440557509567
integral,14,11,0.0,0.012,0.13,1.0,2.0,-0.0029013816613648047,-0.1019169223313412,0.02912757777721353,0.0,0.0,-0.24524907570109178,-0.0004813194753195138,0.0,0.0020000000000000018,-0.001043629474672958,-0.0003432232415223613,0.0,0.010557684559388214,0.0003254010119931733,-0.0006204789356853979,-0.0006204789356853979
friction,14,11,0.0,0.012,0.13,1.0,2.0,-0.0036237592007906383,-0.10157793015235583,0.0151966697946464,0.0,0.0,-0.21179689735110271,-0.0004225786745757909,0.0,0.0020000000000000018,-0.0010403059748087529,8.745615404093243e-05,0.0,-0.008595757111010016,0.0002687959072342795,0.0016226019483802645,0.0016226019483802645
online,14,11,0.0,0.012,0.13,1.0,2.0,-0.003528317278723714,-0.03334211111716101,0.04175889830800861,0.0,0.0,-0.21595002638371527,-0.0002331998587681572,0.0,0.0020000000000000018,-0.0010403059748087529,-0.00010251135970640313,0.0,0.0,0.0004565737374609101,0.0014893819831769406,0.0014893819831769406
baseline,15,29,0.0,0.012,0.13,1.0,2.0,-0.0005929634877427925,-0.10024472071814294,-0.0018981630525001236,0.0,0.0,-0.19849118613831188,-0.00038894350310791914,0.0,0.0039999999999998925,-0.0010279523277589853,-0.00015061837274621404,0.0,0.0,0.0001619941121242599,0.0001023011662883988,0.0001023011662883988
integral,15,29,0.0,0.012,0.13,1.0,2.0,-0.0008433499416692358,-0.09683911213709706,0.02936272485366409,0.0,0.0,-0.24532312421881436,-0.00043445146468865103,0.0,0.0039999999999998925,-0.0010308885698417924,0.00018903693438376834,0.0,0.0123338561555979,0.0003278193554348621,-0.000924455386353884,-0.000924455386353884
friction,15,29,0.0,0.012,0.13,1.0,2.0,-0.0017845391217565232,-0.10164220599977547,0.015814382721696107,0.0,0.0,-0.21193624250903226,-0.0003136454086937468,0.0,0.0039999999999998925,-0.0010279523277589853,-0.00028173330623992854,0.0,-0.0058837729222105395,0.000272629215905451,0.0015085700784247535,0.0015085700784247535
online,15,29,0.0,0.012,0.13,1.0,2.0,-0.0017769490141358035,-0.08693064419502328,0.04296219582272287,0.0,0.0,-0.216089682263669,-0.00020411210309048688,0.0,0.0039999999999998925,-0.0010279523277589853,-0.0002698030476810942,0.0,0.0,0.0004626049834535956,0.0012852370331515317,0.0012852370331515317
baseline,16,11,15.0,0.005,0.1,1.0,2.0,0.009606603732102287,-0.010551622271060879,-0.005118168271071255,0.0,0.0,-0.17926450370260533,-0.00026740156483770483,0.0,0.0020000000000000018,-0.0007435725885122091,-0.0006559212719863261,0.0,0.0,0.00019032929275379293,-0.0009672594806025003,-0.0009672594806025003
integral,16,11,15.0,0.005,0.1,1.0,2.0,0.015548217638186007,0.03766994344484509,0.026560634666308758,0.0,0.0,-0.22272382245989036,-0.0001207059732931115,0.0,0.0020000000000000018,-0.0007478944650287644,-7.344517240737147e-05,0.0,-0.009471549854976224,0.00041148879136840635,0.0001921588725810608,0.0001921588725810608
friction,16,11,15.0,0.005,0.1,1.0,2.0,0.004558036696553386,-0.028012117087188315,0.012908129751524777,0.0,0.0,-0.19574575109330236,-9.144554537374172e-05,0.0,0.0020000000000000018,-0.000743572588387309,-0.00025778866963654945,0.0,0.009042063484677954,0.0003273977506839821,0.00042708230174870465,0.00042708230174870465
online,16,11,15.0,0.005,0.1,1.0,2.0,0.008592838252135915,-0.00717540533429073,0.053745540665047775,0.0,0.0,-0.20038611076155574,-1.0420439376407353e-05,0.0,0.0020000000000000018,-0.000743572588387309,-0.0003411706945860571,0.0,0.0,0.0005020342094392092,0.0006774218698657464,0.0006774218698657464
baseline,17,29,15.0,0.005,0.1,1.0,2.0,0.011282053428189165,0.03141073529056726,-0.005033974769272476,0.0,0.0,-0.17935837073833236,2.5310410684237228e-05,0.0,0.0020000000000000018,-0.0007433175137488979,-0.00039405276758452956,0.0,0.0,0.00019080548470382097,-0.0009682059807261112,-0.0009682059807261112
integral,17,29,15.0,0.005,0.1,1.0,2.0,0.01715143485610396,0.06755485038857145,0.0267862414508393,0.0,0.0,-0.2228082800034158,0.00014501644123537938,0.0,0.0020000000000000018,-0.0007485988071791461,-0.00023473966703768667,0.0,-0.006504821579011555,0.0004127955198165098,-0.0007937763888845595,-0.0007937763888845595
friction,17,29,15.0,0.005,0.1,1.0,2.0,0.006157002739414802,-0.027231505270165712,0.013619558012177624,0.0,0.0,-0.19581822918856856,5.981814536049068e-05,0.0,0.0020000000000000018,-0.0007433175138320536,-0.0001933855051580169,0.0,0.020283472517202306,0.0003338882814488378,0.0005264734774410584,0.0005264734774410584
online,17,29,15.0,0.005,0.1,1.0,2.0,0.01034793863751135,-0.005079787914501921,0.05581602791096163,0.0,0.0,-0.20049997713044462,0.00012002107991340716,0.0,0.0020000000000000018,-0.0007433175138320536,-0.00013202813569868077,0.0,0.0,0.0005120892281019595,0.0007703281917663674,0.0007703281917663674
baseline,18,11,15.0,0.005,0.13,1.0,2.0,0.009544428901514246,-0.010816628659355843,-0.005094099840331268,0.0,0.0,-0.17927019882007872,-0.00026251007880900845,0.0,0.0020000000000000018,-0.0007421986743423314,-0.0006373918627899933,0.0,0.0,0.00019086961748197503,-0.0008232355541117897,-0.0008232355541117897
integral,18,11,15.0,0.005,0.13,1.0,2.0,0.015503562612533495,0.03760881581649578,0.02681867198363541,0.0,0.0,-0.222734367115413,-0.00011633939203867238,0.0,0.0020000000000000018,-0.0007465416099299294,-6.62826689177276e-05,0.0,-0.00945610365348415,0.00041308123229023136,0.0005083644000904997,0.0005083644000904997
friction,18,11,15.0,0.005,0.13,1.0,2.0,0.004495053671128957,-0.027944344761449358,0.013083983428875179,0.0,0.0,-0.19575842014300016,-8.727077772816005e-05,0.0,0.0020000000000000018,-0.0007421986741202868,-0.00023180845036907538,0.0,0.00910527325493593,0.0003291745071533898,0.0006249539116396363,0.0006249539116396363
online,18,11,15.0,0.005,0.13,1.0,2.0,0.008531580285821322,-0.007179211089095361,0.05380196548724636,0.0,0.0,-0.20039992447927604,-9.791262757352648e-06,0.0,0.0020000000000000018,-0.0007421986741202868,-0.00032002368869155084,0.0,0.0,0.0005025937618239424,0.0008780478072871745,0.0008780478072871745
baseline,19,29,15.0,0.005,0.13,1.0,2.0,0.011230994121945531,0.031261474231842,-0.005007701182936586,0.0,0.0,-0.17936404159242123,2.9037312157559336e-05,0.0,0.0040000000000000036,-0.0007416280967710298,-0.0004010682372219687,0.0,0.0,0.00019133751491089493,-0.0008304457902061912,-0.0008304457902061912
integral,19,29,15.0,0.005,0.13,1.0,2.0,0.017125854012457004,0.0675601358118616,0.027044566850388918,0.0,0.0,-0.22281882028924205,0.0001485395473617701,0.0,0.0040000000000000036,-0.0007469156935898669,-0.00023285697516373105,0.0,-0.00646587178875091,0.0004143699820868159,-0.0005803990669930315,-0.0005803990669930315
friction,19,29,15.0,0.005,0.13,1.0,2.0,0.006100747768977788,-0.02713372577612816,0.013800595002656735,0.0,0.0,-0.19583072766577325,6.302739511401811e-05,0.0,0.0040000000000000036,-0.000741628096677438,-0.00020856402359137327,0.0,0.020291254722142327,0.00033556840381646384,0.0007156194432056395,0.0007156194432056395
online,19,29,15.0,0.005,0.13,1.0,2.0,0.010298085828319675,-0.004812781974191438,0.05600533562066068,0.0,0.0,-0.20051034050914998,0.0001193092977173349,0.0,0.0040000000000000036,-0.000741628096677438,-0.0001723259982108205,0.0,0.0,0.0005135332486848132,0.0009657997172292099,0.0009657997172292099
baseline,20,11,15.0,0.012,0.1,1.0,2.0,0.009490501604981022,0.0027406816334245576,-0.004887471586284775,0.0,0.0,-0.17931869946147186,-0.0002770691013464499,0.0,0.0020000000000000018,-0.0008470200994967758,-0.0003025904459219575,0.0,0.0,0.0001934323392597942,-0.0009664414940111499,-0.0009664414940111499
integral,20,11,15.0,0.012,0.1,1.0,2.0,0.01534852497103581,0.02871240013321419,0.027433905374730116,0.0,0.0,-0.22278588458075688,-0.00013129417022583745,0.0,0.0020000000000000018,-0.0008516103278192189,-2.1798529335703698e-05,0.0,-0.00960518070149341,0.00041665904049507235,0.00031274242584178324,0.00031274242584178324
friction,20,11,15.0,0.012,0.1,1.0,2.0,0.004389173756894155,-0.018599185111431993,0.013306600659532153,0.0,0.0,-0.19582639386670736,-8.764411937275951e-05,0.0,0.0020000000000000018,-0.0008470200995696064,-0.000522090310850154,0.0,0.006847745776976666,0.0003275853392057516,0.0004257064672579247,0.0004257064672579247
online,20,11,15.0,0.012,0.1,1.0,2.0,0.008437603718856379,-0.007739457935516114,0.054011194345189306,0.0,0.0,-0.2004576949730561,5.573606343733939e-06,0.0,0.0020000000000000018,-0.0008470200995696064,-0.0005200167793473209,0.0,0.0,0.0005037400876821618,0.0006887370759889322,0.0006887370759889322
baseline,21,29,15.0,0.012,0.1,1.0,2.0,0.011167252278580314,0.031912889439283276,-0.004797237567069956,0.0,0.0,-0.1794119618788228,1.8756924883983617e-05,0.0,0.0020000000000000018,-0.0008173180276183079,-0.000620503968351338,0.0,0.0,0.0001938645827211441,-0.0009199445921277416,-0.0009199445921277416
integral,21,29,15.0,0.012,0.1,1.0,2.0,0.016965133340097582,0.04343602586364703,0.0275982830645205,0.0,0.0,-0.22287274079445663,0.00014232700108438023,0.0,0.0020000000000000018,-0.0008223614859499406,-0.00021568865375165558,0.0,-0.00654094736465094,0.0004184031112768778,-0.0007276717537934019,-0.0007276717537934019
friction,21,29,15.0,0.012,0.1,1.0,2.0,0.0060062195231814774,-0.0296174508153495,0.014105404841360691,0.0,0.0,-0.19589393762376364,7.269442469587384e-05,0.0,0.0020000000000000018,-0.0008173180277257774,-0.00018195881742311126,0.0,0.020096066892429043,0.0003338928048012184,0.0005681094251439589,0.0005681094251439589
online,21,29,15.0,0.012,0.1,1.0,2.0,0.010201947048596088,-0.007059314027868524,0.05499282423157292,0.0,0.0,-0.20057651074286217,0.00013612890300188085,0.0,0.0020000000000000018,-0.0008173180277257774,-0.00015777893980917224,0.0,0.0,0.0005083460807636135,0.0008213175296711839,0.0008213175296711839
baseline,22,11,15.0,0.012,0.13,1.0,2.0,0.009430226139851505,0.0027407265424823635,-0.004864099663778987,0.0,0.0,-0.17932438280328683,-0.00027145645075041247,0.0,0.0020000000000000018,-0.0008453352194487396,-0.00033837198321240436,0.0,0.0,0.0001939405807656891,-0.0008216299896490753,-0.0008216299896490753
integral,22,11,15.0,0.012,0.13,1.0,2.0,0.015303831336913432,0.02905756697883355,0.027686498739388554,0.0,0.0,-0.22279650651959154,-0.00012852921429312714,0.0,0.0020000000000000018,-0.000849950064787941,-3.789633308370899e-05,0.0,-0.009588063871421859,0.00041820229618109994,0.0006299668403730863,0.0006299668403730863
friction,22,11,15.0,0.012,0.13,1.0,2.0,0.004327502303971914,-0.019312135209176517,0.013478374259344061,0.0,0.0,-0.19583895834467124,-8.447364909114352e-05,0.0,0.0020000000000000018,-0.0008453352194522923,-0.0005108942535814176,0.0,0.007003433091647082,0.0003293670006330714,0.0006250374895069299,0.0006250374895069299
online,22,11,15.0,0.012,0.13,1.0,2.0,0.008371961744603307,-0.007724686774086109,0.054294983883698356,0.0,0.0,-0.20046760640465378,3.7319319773909676e-06,0.0,0.0020000000000000018,-0.0008453352194522923,-0.0005490512666773695,0.0,0.0,0.0005053535722325583,0.0008899493608964804,0.0008899493608964804
baseline,23,29,15.0,0.012,0.13,1.0,2.0,0.011115473310950197,0.032078721967780055,-0.004775082935708497,0.0,0.0,-0.17941785714399372,2.1483730292259917e-05,0.0,0.0040000000000000036,-0.0008159915149790198,-0.0005984746000338159,0.0,0.0,0.00019432092033816462,-0.0007828149694741882,-0.0007828149694741882
integral,23,29,15.0,0.012,0.13,1.0,2.0,0.016939207651915644,0.043356997431772015,0.027850954684256024,0.0,0.0,-0.2228833644222875,0.0001447929917871016,0.0,0.0040000000000000036,-0.0008210545066369423,-0.000198239320289062,0.0,-0.006500188846457533,0.0004199283305681041,-0.0005152213595742694,-0.0005152213595742694
friction,23,29,15.0,0.012,0.13,1.0,2.0,0.005951517612524021,-0.029261021128020204,0.014283676344800433,0.0,0.0,-0.1959063341708069,7.525937051977571e-05,0.0,0.0040000000000000036,-0.0008159915150240948,-0.0002236161131020653,0.0,0.020131131418498427,0.0003355942087735959,0.0007570191768628831,0.0007570191768628831
online,23,29,15.0,0.012,0.13,1.0,2.0,0.010151737702590924,-0.00708580622584698,0.05515459053663796,0.0,0.0,-0.20059092578853216,0.0001367371653891447,0.0,0.0040000000000000036,-0.0008159915150240948,-0.0001692616352042542,0.0,0.0,0.0005087208085981527,0.0010163399038569665,0.0010163399038569665
