case,arm,simulation_seed,paired_baseline_seed,controller_yaw_error_deg,sample_count,force_rmse_n,peak_force_n,contact_ratio_pct,tangent_rmse_mm,tangent_velocity_error_rms_m_s,orientation_rmse_deg,saturation_pct,worst_force_phase,worst_phase_force_rmse_n,worst_tangent_phase,worst_phase_tangent_rmse_mm,worst_orientation_phase,worst_phase_orientation_rmse_deg,force_recovery_status,force_recovered,force_recovery_time_s,tangent_recovery_status,tangent_recovered,tangent_recovery_time_s,tangential_update_ready_pct,coefficient_min,coefficient_max,max_requested_tangential_force_n,compensation_limit_observed,max_normal_operation_coefficient_rate_s,max_coefficient_reset_jump,max_normal_operation_force_slew_n_s,max_force_reset_jump_n,paired_force_rmse_increase_n,paired_orientation_rmse_increase_deg,paired_friction_force_rmse_increase_n,paired_friction_orientation_rmse_increase_deg,failed_gates,all_gates_pass
static_nominal,baseline,11,11,0.0,5250,0.12085634154428855,12.610178365977276,100.0,11.709632335167377,0.01602641019701261,0.17196022776478412,0.0,steady,0.12085634154428855,steady,11.709632335167377,steady,0.17196022776478412,not_applicable,,,not_applicable,,,0.0,0.0,0.0,0.0,False,0.0,0.0,0.0,0.0,0.0,0.0,0.006845734828173786,-0.01432730667666246,,yes
static_nominal,integral,11,11,0.0,5250,0.1323837227616448,12.65688490959961,100.0,8.11327581566878,0.013024697166333034,0.22355820752780944,0.0,steady,0.1323837227616448,steady,8.11327581566878,steady,0.22355820752780944,not_applicable,,,not_applicable,,,0.0,0.45,0.45,5.278909241045,False,0.0,0.0,9.935285142553715,0.0,0.011527381217356261,0.051597979763025326,0.018373116045530047,0.037270673086362865,,yes
static_nominal,friction,11,11,0.0,5250,0.11401060671611477,12.592717871161149,100.0,1.707202033157649,0.002850995497394662,0.18628753444144658,0.0,steady,0.11401060671611477,steady,1.707202033157649,steady,0.18628753444144658,not_applicable,,,not_applicable,,,0.0,0.45,0.45,5.624935016421131,False,0.0,0.0,69.52171468863676,0.0,-0.006845734828173786,0.01432730667666246,0.0,0.0,,yes
static_nominal,online,11,11,0.0,5250,0.11751429378637152,12.652065967202299,100.0,1.0921039756855326,0.0026633186767758914,0.19215024595529903,0.0,steady,0.11751429378637152,steady,1.0921039756855326,steady,0.19215024595529903,not_applicable,,,not_applicable,,,99.65714285714286,0.45,0.5083209683453616,5.984360762996737,False,0.2707712772919424,0.0,20.00000000000034,0.0,-0.0033420477579170355,0.020190018190514913,0.00350368707025675,0.005862711513852453,,yes
static_nominal,baseline,29,29,0.0,5250,0.11625483725092055,12.630452203089886,100.0,11.700015552224487,0.016024612446026664,0.17209435194059383,0.0,steady,0.11625483725092055,steady,11.700015552224487,steady,0.17209435194059383,not_applicable,,,not_applicable,,,0.0,0.0,0.0,0.0,False,0.0,0.0,0.0,0.0,0.0,0.0,0.0068917058957879,-0.014329307362173083,,yes
static_nominal,integral,29,29,0.0,5250,0.12856857411257255,12.688438207062044,100.0,8.101503377246356,0.013037517874093177,0.22369535010325897,0.0,steady,0.12856857411257255,steady,8.101503377246356,steady,0.22369535010325897,not_applicable,,,not_applicable,,,0.0,0.45,0.45,5.270731631590843,False,0.0,0.0,10.03029194555031,0.0,0.012313736861652005,0.05160099816266514,0.019205442757439906,0.03727169080049206,,yes
static_nominal,friction,29,29,0.0,5250,0.10936313135513265,12.571809962530981,100.0,1.6934310317487644,0.0028716805180818367,0.18642365930276691,0.0,steady,0.10936313135513265,steady,1.6934310317487644,steady,0.18642365930276691,not_applicable,,,not_applicable,,,0.0,0.45,0.45,5.641496802581593,False,0.0,0.0,68.2357190279773,0.0,-0.0068917058957879,0.014329307362173083,0.0,0.0,,yes
static_nominal,online,29,29,0.0,5250,0.11310021019376028,12.629022589436339,100.0,1.0861978864231177,0.0026952947004327665,0.1922989243607196,0.0,steady,0.11310021019376028,steady,1.0861978864231177,steady,0.1922989243607196,not_applicable,,,not_applicable,,,99.63809523809523,0.45,0.5077075782318561,5.984360762996737,False,0.2694922025019697,0.0,20.000000000000377,0.0,-0.0031546270571602697,0.02020457242012577,0.0037370788386276305,0.005875265057952689,,yes
static_low_friction,baseline,11,11,0.0,5250,0.11926117901113284,12.626419616146608,100.0,7.506873330651967,0.010380344145478547,0.2275531679455327,0.0,steady,0.11926117901113284,steady,7.506873330651967,steady,0.2275531679455327,not_applicable,,,not_applicable,,,0.0,0.0,0.0,0.0,False,0.0,0.0,0.0,0.0,0.0,0.0,0.01606027082177855,-0.016711734979019954,,yes
static_low_friction,integral,11,11,0.0,5250,0.12595285465677353,12.665230985342115,100.0,5.057324954994581,0.008482510499177429,0.26145077980714987,0.0,steady,0.12595285465677353,steady,5.057324954994581,steady,0.26145077980714987,not_applicable,,,not_applicable,,,0.0,0.45,0.45,3.231279859198469,False,0.0,0.0,7.275275274343715,0.0,0.006691675645640688,0.03389761186161716,0.022751946467419237,0.017185876882597206,,yes
static_low_friction,friction,11,11,0.0,5250,0.10320090818935429,12.681197359169499,100.0,3.8935565967532773,0.0050938203775482745,0.24426490292455266,0.0,steady,0.10320090818935429,steady,3.8935565967532773,steady,0.24426490292455266,not_applicable,,,not_applicable,,,0.0,0.45,0.45,5.635460984025915,False,0.0,0.0,69.51769013804703,0.0,-0.01606027082177855,0.016711734979019954,0.0,0.0,,yes
static_low_friction,online,11,11,0.0,5250,0.10799820472132819,12.667927627150771,100.0,1.1685676815210726,0.0026295816376215708,0.23866971985156638,0.0,steady,0.10799820472132819,steady,1.1685676815210726,steady,0.23866971985156638,not_applicable,,,not_applicable,,,99.63809523809523,0.30337064943360614,0.45,5.661264392152437,False,0.23823891085389404,0.0,20.00000000000045,0.0,-0.011262974289804648,0.011116551906033667,0.004797296531973902,-0.005595183072986287,,yes
static_low_friction,baseline,29,29,0.0,5250,0.11493268204929195,12.60251796780494,100.0,7.502711623141914,0.010398016318969245,0.22767560210471388,0.0,steady,0.11493268204929195,steady,7.502711623141914,steady,0.22767560210471388,not_applicable,,,not_applicable,,,0.0,0.0,0.0,0.0,False,0.0,0.0,0.0,0.0,0.0,0.0,0.016190158626343043,-0.016671480319107507,,yes
static_low_friction,integral,29,29,0.0,5250,0.12212246965916226,12.642756853196085,100.0,5.050381427358357,0.008523528465024476,0.2615738904887673,0.0,steady,0.12212246965916226,steady,5.050381427358357,steady,0.2615738904887673,not_applicable,,,not_applicable,,,0.0,0.45,0.45,3.2254165267192416,False,0.0,0.0,7.165866636645536,0.0,0.00718978760987031,0.0338982883840534,0.023379946236213353,0.017226808064945892,,yes
static_low_friction,friction,29,29,0.0,5250,0.09874252342294891,12.632483981961142,100.0,3.8958654330737694,0.005101667734566975,0.2443470824238214,0.0,steady,0.09874252342294891,steady,3.8958654330737694,steady,0.2443470824238214,not_applicable,,,not_applicable,,,0.0,0.45,0.45,5.620471904489421,False,0.0,0.0,68.23220483081792,0.0,-0.016190158626343043,0.016671480319107507,0.0,0.0,,yes
static_low_friction,online,29,29,0.0,5250,0.10389111363446281,12.6644821366203,100.0,1.1649518361045679,0.002624054373854573,0.2387178591163398,0.0,steady,0.10389111363446281,steady,1.1649518361045679,steady,0.2387178591163398,not_applicable,,,not_applicable,,,99.63809523809523,0.3030423703617773,0.45,5.676524922078622,False,0.2317831048020691,0.0,20.000000000000433,0.0,-0.011041568414829145,0.011042257011625922,0.005148590211513898,-0.0056292233074815845,,yes
static_high_friction,baseline,11,11,0.0,5250,0.12163469035130617,12.617628697354823,100.0,15.577936219182794,0.02102084779028131,0.15215069415444185,0.0,steady,0.12163469035130617,steady,15.577936219182794,steady,0.15215069415444185,not_applicable,,,not_applicable,,,0.0,0.0,0.0,0.0,False,0.0,0.0,0.0,0.0,0.0,0.0,0.0004948552382512406,-0.008397128646906477,,yes
static_high_friction,integral,11,11,0.0,5250,0.1350603537578765,12.680506149739374,100.0,10.058741134451184,0.015976649046237055,0.1925843668958441,0.0,steady,0.1350603537578765,steady,10.058741134451184,steady,0.1925843668958441,not_applicable,,,not_applicable,,,0.0,0.45,0.45,6.000000000000002,True,0.0,0.0,12.342514035696398,0.0,0.013425663406570337,0.04043367274140225,0.013920518644821578,0.03203654409449577,,yes
static_high_friction,friction,11,11,0.0,5250,0.12113983511305493,12.613372486618756,100.0,6.4676801308081355,0.00910068303265766,0.16054782280134833,0.0,steady,0.12113983511305493,steady,6.4676801308081355,steady,0.16054782280134833,not_applicable,,,not_applicable,,,0.0,0.45,0.45,5.645622925473557,False,0.0,0.0,69.521714688637,0.0,-0.0004948552382512406,0.008397128646906477,0.0,0.0,,yes
static_high_friction,online,11,11,0.0,5250,0.12251155291273501,12.647810162039217,100.0,5.346616244761792,0.007718833073891041,0.16334602307495935,0.0,steady,0.12251155291273501,steady,5.346616244761792,steady,0.16334602307495935,not_applicable,,,not_applicable,,,99.6952380952381,0.45,0.5099894723907104,5.984360762996737,False,0.30000000000002247,0.0,20.000000000000412,0.0,0.00087686256142884,0.0111953289205175,0.0013717177996800806,0.0027982002736110234,,yes
static_high_friction,baseline,29,29,0.0,5250,0.11676514216868379,12.59310481658304,100.0,15.563990890620397,0.021010194369807802,0.152126687319027,0.0,steady,0.11676514216868379,steady,15.563990890620397,steady,0.152126687319027,not_applicable,,,not_applicable,,,0.0,0.0,0.0,0.0,False,0.0,0.0,0.0,0.0,0.0,0.0,0.000625728484049376,-0.008446043278254795,,yes
static_high_friction,integral,29,29,0.0,5250,0.131109942405795,12.663556131834053,100.0,10.052034669100475,0.015986148140534544,0.19272450974900435,0.0,steady,0.131109942405795,steady,10.052034669100475,steady,0.19272450974900435,not_applicable,,,not_applicable,,,0.0,0.45,0.45,6.000000000000002,True,0.0,0.0,12.436439369389621,0.0,0.014344800237111197,0.04059782242997734,0.014970528721160573,0.03215177915172254,,yes
static_high_friction,friction,29,29,0.0,5250,0.11613941368463442,12.588512290764491,100.0,6.449203197312248,0.009094993821996513,0.1605727305972818,0.0,steady,0.11613941368463442,steady,6.449203197312248,steady,0.1605727305972818,not_applicable,,,not_applicable,,,0.0,0.45,0.45,5.637820997413308,False,0.0,0.0,68.23571902799222,0.0,-0.000625728484049376,0.008446043278254795,0.0,0.0,,yes
static_high_friction,online,29,29,0.0,5250,0.117739714814067,12.59986153716677,100.0,5.327076820105587,0.007714700363103939,0.16336006806063874,0.0,steady,0.117739714814067,steady,5.327076820105587,steady,0.16336006806063874,not_applicable,,,not_applicable,,,99.6952380952381,0.45,0.508786299181022,5.984360762996737,False,0.30000000000002247,0.0,20.00000000000033,0.0,0.0009745726453832121,0.011233380741611732,0.001600301129432588,0.002787337463356937,,yes
friction_step_up,baseline,11,11,0.0,5250,0.15533173174956738,12.626419616146608,100.0,12.748051542429058,0.017261425209623576,0.19495214023067542,0.0,pre_step,0.16221413585255998,post_step,15.530782583510007,pre_step,0.24593725141119122,recovered,True,0.0,not_recovered,False,,0.0,0.0,0.0,0.0,False,0.0,0.0,0.0,0.0,0.0,0.0,0.017851657701332263,-0.01206338838261628,,yes
friction_step_up,integral,11,11,0.0,5250,0.16207539229112716,12.665230985342115,100.0,8.145920535585287,0.013299632291138777,0.229482485100551,0.0,pre_step,0.16998093247758417,post_step,9.792182349522704,pre_step,0.2832013547638006,recovered,True,0.0,not_recovered_with_limit_active,False,,0.0,0.45,0.45,6.000000000000002,True,0.0,0.0,10.181407335762605,0.0,0.006743660541559782,0.03453034486987558,0.024595318242892045,0.0224669564872593,,yes
friction_step_up,friction,11,11,0.0,5250,0.13748007404823512,12.681197359169499,100.0,5.437729181829754,0.009244266879847371,0.2070155286132917,0.0,post_step,0.1417593728896389,post_step,6.3762665918723,pre_step,0.2597797333784329,recovered,True,0.0,not_recovered,False,,0.0,0.45,0.45,5.635460984025915,False,0.0,0.0,69.51769013804703,0.0,-0.017851657701332263,0.01206338838261628,0.0,0.0,,yes
friction_step_up,online,11,11,0.0,5250,0.1453558280922177,12.667927627150771,100.0,4.291059085015489,0.00837773397224738,0.20682273724993336,0.0,post_step,0.14786174340599295,post_step,5.540956385965357,pre_step,0.25721041408181244,recovered,True,0.0,not_recovered,False,,99.12380952380953,0.3037538247066072,0.5102254252592393,5.984360762996737,False,0.30000000000002247,0.0,20.00000000000045,0.0,-0.009975903657349683,0.011870597019257939,0.00787575404398258,-0.00019279136335834113,,yes
friction_step_up,baseline,29,29,0.0,5250,0.1520770369567179,12.60251796780494,100.0,12.737563111651054,0.017259699082109874,0.19501681318724784,0.0,pre_step,0.15542151596839673,post_step,15.515902395981588,pre_step,0.24606866912718411,recovered,True,0.0,not_recovered,False,,0.0,0.0,0.0,0.0,False,0.0,0.0,0.0,0.0,0.0,0.0,0.01802378879219904,-0.011993270693703179,,yes
friction_step_up,integral,29,29,0.0,5250,0.15924122157002918,12.643792876413846,100.0,8.138342590469678,0.01332788866110336,0.22964718508009246,0.0,pre_step,0.16413781377696762,post_step,9.782754078380822,pre_step,0.28335801463478916,recovered,True,0.0,not_recovered_with_limit_active,False,,0.0,0.45,0.45,6.000000000000002,True,0.0,0.0,10.130312153755636,0.0,0.007164184613311281,0.034630371892844625,0.025187973405510322,0.022637101199141446,,yes
friction_step_up,friction,29,29,0.0,5250,0.13405324816451886,12.632483981961142,100.0,5.423682132299243,0.009220337196918945,0.20701008388095102,0.0,post_step,0.14072825810011286,post_step,6.355750180667429,pre_step,0.2597880379089378,recovered,True,0.0,not_recovered,False,,0.0,0.45,0.45,5.620471904489421,False,0.0,0.0,68.23220483081792,0.0,-0.01802378879219904,0.011993270693703179,0.0,0.0,,yes
friction_step_up,online,29,29,0.0,5250,0.1417329045651482,12.6644821366203,100.0,4.25459752188341,0.008258107226556122,0.20661207676236218,0.0,post_step,0.14610992835571496,post_step,5.491945952668005,pre_step,0.25716961109347475,recovered,True,0.0,not_recovered,False,,99.63809523809523,0.30314633320295775,0.5087219845074948,5.984360762996737,False,0.30000000000002247,0.0,20.000000000000433,0.0,-0.0103441323915697,0.01159526357511434,0.007679656400629342,-0.00039800711858883897,,yes
friction_step_down,baseline,11,11,0.0,5250,0.16586567924022397,14.345997318844617,100.0,11.691893959895781,0.017726876491876882,0.19760987210616363,0.0,post_step,0.16717131561177398,pre_step,15.526766877089843,post_step,0.21682682050723856,recovered,True,0.0,not_recovered,False,,0.0,0.0,0.0,0.0,False,0.0,0.0,0.0,0.0,0.0,0.0,0.003812629761424241,-0.015755982233998045,,yes
friction_step_down,integral,11,11,0.0,5250,0.17396018931427856,14.36122574748989,100.0,7.937968909830589,0.015763378757594818,0.237993239651829,0.0,pre_step,0.18063421106390407,pre_step,10.19988278982505,post_step,0.2520214284836188,recovered,True,0.0,not_recovered_with_limit_active,False,,0.0,0.45,0.45,6.000000000000002,True,0.0,0.0,12.342514035696398,0.0,0.008094510074054595,0.04038336754566538,0.011907139835478836,0.024627385311667332,,yes
friction_step_down,friction,11,11,0.0,5250,0.16205304947879973,14.243692887918796,100.0,5.230471110584478,0.009988138301603512,0.21336585434016167,0.0,pre_step,0.1627447118133043,pre_step,6.5420188573920495,post_step,0.23706447161494623,recovered,True,0.0,not_recovered,False,,0.0,0.45,0.45,5.93739474995508,False,0.0,0.0,69.521714688637,0.0,-0.003812629761424241,0.015755982233998045,0.0,0.0,,yes
friction_step_down,online,11,11,0.0,5250,0.16000319627832507,14.14335064695137,100.0,3.827675117776564,0.00883072622056335,0.20932598878246433,0.0,pre_step,0.16549412765762617,pre_step,5.481174204902472,post_step,0.22825606982910504,recovered,True,0.0,recovered,True,0.54,99.6952380952381,0.30345488372071755,0.5087894723907103,5.984360762996737,False,0.30000000000002247,0.0,20.000000000000412,0.0,-0.005862482961898896,0.011716116676300709,-0.002049853200474655,-0.004039865557697336,,yes
friction_step_down,baseline,29,29,0.0,5250,0.16234869744496377,14.348617431635528,100.0,11.682034421303568,0.017728927804213774,0.19766819463265664,0.0,post_step,0.1669725757414183,pre_step,15.512825705308996,post_step,0.21694636150277768,recovered,True,0.0,not_recovered,False,,0.0,0.0,0.0,0.0,False,0.0,0.0,0.0,0.0,0.0,0.0,0.003937372025728525,-0.01580111125585998,,yes
friction_step_down,integral,29,29,0.0,5250,0.1706945096687376,14.379619693645305,100.0,7.932978800487291,0.015774873469988886,0.2380898044223926,0.0,pre_step,0.17444042318518171,pre_step,10.195485841122158,post_step,0.2520819811395154,recovered,True,0.0,not_recovered_with_limit_active,False,,0.0,0.45,0.45,6.000000000000002,True,0.0,0.0,12.436439369389621,0.0,0.008345812223773813,0.04042160978973597,0.012283184249502338,0.02462049853387599,,yes
friction_step_down,friction,29,29,0.0,5250,0.15841132541923525,14.263183408850608,100.0,5.223601607133623,0.010008270074755049,0.21346930588851662,0.0,post_step,0.16094153794802774,pre_step,6.522758601061702,post_step,0.23722188972979386,recovered,True,0.0,not_recovered,False,,0.0,0.45,0.45,5.926000969014917,False,0.0,0.0,68.23571902799222,0.0,-0.003937372025728525,0.01580111125585998,0.0,0.0,,yes
friction_step_down,online,29,29,0.0,5250,0.15626956331020112,14.144598735540027,100.0,3.8149250490918685,0.008830104306300426,0.20937359189328805,0.0,pre_step,0.1580910856789634,pre_step,5.46079450138862,post_step,0.22832483031755849,recovered,True,0.0,recovered,True,0.5460000000000003,99.6952380952381,0.3031776415208425,0.508786299181022,5.984360762996737,False,0.30000000000002247,0.0,20.00000000000033,0.0,-0.006079134134762659,0.011705397260631412,-0.0021417621090341343,-0.004095713995228567,,yes
friction_ramp_up,baseline,11,11,0.0,5250,0.12000205050075048,12.626419616146608,100.0,12.613354940744589,0.016418412476239395,0.1834102012731184,0.0,pre_ramp,0.20753089579053996,post_ramp,15.629888998670738,pre_ramp,0.2772318046641816,recovered,True,0.0,not_recovered,False,,0.0,0.0,0.0,0.0,False,0.0,0.0,0.0,0.0,0.0,0.0,0.017058083708593408,-0.010829761888967726,,yes
friction_ramp_up,integral,11,11,0.0,5250,0.12818653460445678,12.665230985342115,100.0,8.128304709731959,0.011786693351770327,0.22069609671955293,0.0,pre_ramp,0.21782391434765705,post_ramp,10.090597169101876,pre_ramp,0.3157056091748625,recovered,True,0.0,not_recovered_with_limit_active,False,,0.0,0.45,0.45,6.000000000000002,True,0.0,0.0,9.179546384700657,0.0,0.0081844841037063,0.037285895446434514,0.025242567812299707,0.026456133557466788,,yes
friction_ramp_up,friction,11,11,0.0,5250,0.10294396679215707,12.681197359169499,100.0,4.815003706122106,0.006182535449260698,0.19423996316208614,0.0,pre_ramp,0.16172899961415596,post_ramp,6.425193682337985,pre_ramp,0.28453430873518876,recovered,True,0.0,not_recovered,False,,0.0,0.45,0.45,5.635460984025915,False,0.0,0.0,69.51769013804703,0.0,-0.017058083708593408,0.010829761888967726,0.0,0.0,,yes
friction_ramp_up,online,11,11,0.0,5250,0.1087903933835065,12.667927627150771,100.0,3.643172228363768,0.005121255794116718,0.19590602427647605,0.0,pre_ramp,0.1782194363045242,post_ramp,5.242640883978401,pre_ramp,0.28727955440499364,recovered,True,0.0,not_recovered,False,,99.63809523809523,0.3172374747021651,0.5102132028109083,5.984360762996737,False,0.30000000000002247,0.0,20.00000000000045,0.0,-0.011211657117243978,0.012495823003357637,0.0058464265913494295,0.0016660611143899107,,yes
friction_ramp_up,baseline,29,29,0.0,5250,0.1158803237958631,12.60251796780494,100.0,12.603584204367664,0.01641912126496719,0.18349950051402963,0.0,pre_ramp,0.19893508479080538,post_ramp,15.612626349359356,pre_ramp,0.2773441937971048,recovered,True,0.0,not_recovered,False,,0.0,0.0,0.0,0.0,False,0.0,0.0,0.0,0.0,0.0,0.0,0.01739025990990621,-0.010786614224161772,,yes
friction_ramp_up,integral,29,29,0.0,5250,0.12455107719036039,12.642756853196085,100.0,8.120769048121538,0.011812954421119357,0.22085028799458672,0.0,pre_ramp,0.21117235923546765,post_ramp,10.07937370804621,pre_ramp,0.31589601449961285,recovered,True,0.0,not_recovered_with_limit_active,False,,0.0,0.45,0.45,6.000000000000002,True,0.0,0.0,9.277958732304189,0.0,0.008670753394497285,0.03735078748055709,0.026061013304403496,0.026564173256395318,,yes
friction_ramp_up,friction,29,29,0.0,5250,0.0984900638859569,12.632483981961142,100.0,4.8030403036286575,0.006169719993973197,0.1942861147381914,0.0,pre_ramp,0.15432432020567105,post_ramp,6.403127073473162,pre_ramp,0.28451085317988595,recovered,True,0.0,not_recovered,False,,0.0,0.45,0.45,5.620471904489421,False,0.0,0.0,68.23220483081792,0.0,-0.01739025990990621,0.010786614224161772,0.0,0.0,,yes
friction_ramp_up,online,29,29,0.0,5250,0.10467813656091016,12.6644821366203,100.0,3.6303955392588114,0.005104316279347856,0.1959139278208177,0.0,pre_ramp,0.1713023119987463,post_ramp,5.219812727994587,pre_ramp,0.28714554208257426,recovered,True,0.0,not_recovered,False,,99.63809523809523,0.316485113406449,0.5086063423469922,5.984360762996737,False,0.30000000000002247,0.0,20.000000000000433,0.0,-0.011202187234952948,0.012414427306788073,0.006188072674953263,0.0016278130826263004,,yes
stop_hold_reverse,baseline,11,11,0.0,5250,0.15385478099037958,12.610178365977276,100.0,10.594010758893614,0.014982396657939285,0.2115917787157964,0.0,forward,0.19365702672029392,forward,11.796661927594593,reverse,0.2530376303557791,recovered,True,0.0,not_recovered,False,,0.0,0.0,0.0,0.0,False,0.0,0.0,0.0,0.0,0.0,0.0,0.0082205425348289,-0.0021321057431764323,,yes
stop_hold_reverse,integral,11,11,0.0,5250,0.1660148832042542,12.65688490959961,100.0,7.149277846744628,0.012734500582749704,0.259178595828833,0.0,reverse_ramp,0.21004463375226226,forward,8.174909151367997,reverse,0.29255262937654863,recovered,True,0.0,not_recovered,False,,0.0,0.45,0.45,5.674788937108809,False,0.0,0.0,9.935285142553743,0.0,0.012160102213874618,0.04758681711303661,0.02038064474870352,0.04545471136986018,,yes
stop_hold_reverse,friction,11,11,0.0,5250,0.14563423845555068,12.59271787116115,100.0,1.5472538094065704,0.003043015616602816,0.21372388445897283,0.0,reverse_ramp,0.17550463143487738,forward,1.9248290532662982,reverse,0.24221675946795346,recovered,True,0.0,recovered,True,0.0,0.0,0.45,0.45,5.624935016421106,False,0.0,0.0,69.52171468863676,0.0,-0.0082205425348289,0.0021321057431764323,0.0,0.0,,yes
stop_hold_reverse,online,11,11,0.0,5250,0.14815719944390443,12.652065967202244,100.0,1.1202911232641306,0.0028816340168726718,0.21886950594218357,0.0,forward,0.18300240246482596,forward,1.4053053618682358,reverse,0.24363374933189366,recovered,True,0.0,recovered,True,0.0,80.22857142857143,0.45,0.5069903515440979,5.984360762996737,False,0.2707712772919424,0.0,20.00000000000034,0.0,-0.00569758154647515,0.007277727226387171,0.0025229609883537507,0.005145621483210738,,yes
stop_hold_reverse,baseline,29,29,0.0,5250,0.15224437062134005,12.630452203092956,100.0,10.584292026275905,0.014982027444859497,0.2117344060763453,0.0,forward,0.1867961951796902,forward,11.786541910207388,reverse,0.2531126446735894,recovered,True,0.0,not_recovered,False,,0.0,0.0,0.0,0.0,False,0.0,0.0,0.0,0.0,0.0,0.0,0.008913902951538405,-0.0021170253425597807,,yes
stop_hold_reverse,integral,29,29,0.0,5250,0.16431251830562005,12.688438207062049,100.0,7.1430386071513885,0.012763096106539962,0.2594136757299101,0.0,forward,0.20467913105691177,forward,8.163192912008743,reverse,0.29274377003880775,recovered,True,0.0,not_recovered,False,,0.0,0.45,0.45,5.670051148752388,False,0.0,0.0,10.03029194555031,0.0,0.012068147684279995,0.04767926965356478,0.0209820506358184,0.045562244311005,,yes
stop_hold_reverse,friction,29,29,0.0,5250,0.14333046766980165,12.571809962532441,100.0,1.535673901803448,0.0030626565350900456,0.21385143141890509,0.0,forward,0.16973639943767624,forward,1.9091927375286424,reverse,0.24232833177905916,recovered,True,0.0,recovered,True,0.0,0.0,0.45,0.45,5.641496802581046,False,0.0,0.0,68.2357190279773,0.0,-0.008913902951538405,0.0021170253425597807,0.0,0.0,,yes
stop_hold_reverse,online,29,29,0.0,5250,0.14598863744461982,12.629022589436234,100.0,1.116540986352807,0.002904498533382889,0.21904782385153063,0.0,forward,0.17792393548744267,forward,1.3981566719711678,reverse,0.2437738672117532,recovered,True,0.0,recovered,True,0.0,80.2095238095238,0.45,0.5064731303993085,5.984360762996737,False,0.2694922025019697,0.0,20.000000000000377,0.0,-0.006255733176720235,0.007313417775185321,0.00265816977481817,0.005196392432625541,,yes
wrench_bias_step,baseline,11,11,0.0,5250,1.0360180114814777,12.610178365977276,100.0,11.139303807620696,0.015398520186382434,0.17846929663328234,0.0,post_step,1.3631469500107565,pre_step,11.735729195347641,pre_step,0.1915200532066512,recovered,True,0.0,not_recovered,False,,0.0,0.0,0.0,0.0,False,0.0,0.0,0.0,0.0,0.0,0.0,0.0009482854609887958,-0.015300249520517784,,yes
wrench_bias_step,integral,11,11,0.0,5250,1.0363319159980082,12.65688490959961,100.0,7.727376837908908,0.01265447272137895,0.22852353022165878,0.0,post_step,1.362297880022837,pre_step,8.178577557729845,pre_step,0.24763297116082197,recovered,True,0.0,not_recovered,False,,0.0,0.45,0.45,5.214198313190136,False,0.0,0.0,9.935285142553715,0.0,0.00031390451653057205,0.050054233588376434,0.001262189977519368,0.03475398406785865,,yes
wrench_bias_step,friction,11,11,0.0,5250,1.0350697260204889,12.592717871161149,100.0,1.3873685322554947,0.0027405063072493924,0.19376954615380013,0.0,post_step,1.362999982485612,pre_step,1.8068573339657883,pre_step,0.20445153473101982,recovered,True,0.0,recovered,True,0.0,0.0,0.45,0.45,5.904354746635575,False,0.0,0.0,69.52171468863676,0.0,-0.0009482854609887958,0.015300249520517784,0.0,0.0,,yes
wrench_bias_step,online,11,11,0.0,5250,1.0353649887756042,12.652065967202299,100.0,1.1404654738518807,0.0027234915685072202,0.19762271068104115,0.0,post_step,1.3628745049746953,pre_step,1.277456723351533,pre_step,0.21339079189029564,recovered,True,0.0,recovered,True,0.0,99.65714285714286,0.4479296054655372,0.5069903515440993,5.984360762996737,False,0.2707712772919424,0.0,20.00000000000034,0.0,-0.0006530227058734184,0.019153414047758804,0.0002952627551153775,0.003853164527241021,,yes
wrench_bias_step,baseline,29,29,0.0,5250,1.0466831206988838,12.630452203089886,100.0,11.12964550662735,0.015397955524384771,0.17861755962062092,0.0,post_step,1.3779793243670517,pre_step,11.727487346121686,pre_step,0.19164289040741098,recovered,True,0.0,not_recovered,False,,0.0,0.0,0.0,0.0,False,0.0,0.0,0.0,0.0,0.0,0.0,0.000910285763626284,-0.015303027077260029,,yes
wrench_bias_step,integral,29,29,0.0,5250,1.0470357935098276,12.688438207062044,100.0,7.71566650035663,0.012668961492834915,0.2286664731833836,0.0,post_step,1.3771071991117614,pre_step,8.167695348169612,pre_step,0.24777651797723227,recovered,True,0.0,not_recovered,False,,0.0,0.45,0.45,5.202964660061057,False,0.0,0.0,10.03029194555031,0.0,0.0003526728109437549,0.05004891356276267,0.001262958574570039,0.03474588648550264,,yes
wrench_bias_step,friction,29,29,0.0,5250,1.0457728349352575,12.571809962530981,100.0,1.379414577482585,0.002775131636441858,0.19392058669788095,0.0,post_step,1.3777965994327097,pre_step,1.7935556010518476,pre_step,0.2045341048028478,recovered,True,0.0,recovered,True,0.0,0.0,0.45,0.45,5.921890809339844,False,0.0,0.0,68.2357190279773,0.0,-0.000910285763626284,0.015303027077260029,0.0,0.0,,yes
wrench_bias_step,online,29,29,0.0,5250,1.0460746264399248,12.629022589436339,100.0,1.1351541131904868,0.0027599929670454226,0.1977829018725486,0.0,post_step,1.3776716885451146,pre_step,1.270665357617238,pre_step,0.2135393530701532,recovered,True,0.0,recovered,True,0.0,99.63809523809523,0.4474827730107393,0.50647313039931,5.984360762996737,False,0.2694922025019697,0.0,20.000000000000377,0.0,-0.0006084942589590359,0.019165342251927675,0.00030179150466724813,0.0038623151746676465,,yes
normal_calibration_error,baseline,11,11,5.0,5250,0.33192706840845626,12.618911514123827,100.0,11.785188805774817,0.015963181743522323,0.17133250878025474,0.0,steady,0.33192706840845626,steady,11.785188805774817,steady,0.17133250878025474,not_applicable,,,not_applicable,,,0.0,0.0,0.0,0.0,False,0.0,0.0,0.0,0.0,0.0,0.0,-0.0021265198788935624,-0.013428479806344401,,yes
normal_calibration_error,integral,11,11,5.0,5250,0.3259547806376926,12.59458063056246,100.0,8.114441573895139,0.012994806850464053,0.22248804097977937,0.0,steady,0.3259547806376926,steady,8.114441573895139,steady,0.22248804097977937,not_applicable,,,not_applicable,,,0.0,0.45,0.45,6.000000000000002,True,0.0,0.0,9.23895176719711,0.0,-0.00597228777076364,0.05115553219952462,-0.008098807649657203,0.03772705239318022,,yes
normal_calibration_error,friction,11,11,5.0,5250,0.3340535882873498,12.575150540776582,100.0,2.408342567884936,0.0027132472482045587,0.18476098858659915,0.0,steady,0.3340535882873498,steady,2.408342567884936,steady,0.18476098858659915,not_applicable,,,not_applicable,,,0.0,0.45,0.45,5.591691715027388,False,0.0,0.0,69.30928709103205,0.0,0.0021265198788935624,0.013428479806344401,0.0,0.0,,yes
normal_calibration_error,online,11,11,5.0,5250,0.333800123806245,12.56988381825367,100.0,1.7599874922889642,0.0027730764862271035,0.1899012192832041,0.0,steady,0.333800123806245,steady,1.7599874922889642,steady,0.1899012192832041,not_applicable,,,not_applicable,,,99.67619047619047,0.41483758806916754,0.5073046710457014,5.9842415273009415,False,0.22010326655530488,0.0,20.000000000000345,0.0,0.0018730553977887587,0.018568710502949365,-0.0002534644811048037,0.005140230696604964,,yes
normal_calibration_error,baseline,29,29,5.0,5250,0.3273060565389322,12.62266618896606,100.0,11.77514037817902,0.015962680298471428,0.17147306527279216,0.0,steady,0.3273060565389322,steady,11.77514037817902,steady,0.17147306527279216,not_applicable,,,not_applicable,,,0.0,0.0,0.0,0.0,False,0.0,0.0,0.0,0.0,0.0,0.0,-0.002344945744148952,-0.013429403626679048,,yes
normal_calibration_error,integral,29,29,5.0,5250,0.32161976381109364,12.607784319391879,100.0,8.106511574398324,0.013007100631622042,0.2226352161243891,0.0,steady,0.32161976381109364,steady,8.106511574398324,steady,0.2226352161243891,not_applicable,,,not_applicable,,,0.0,0.45,0.45,6.000000000000003,True,0.0,0.0,9.349710769591816,0.0,-0.005686292727838549,0.05116215085159695,-0.0080312384719875,0.0377327472249179,,yes
normal_calibration_error,friction,29,29,5.0,5250,0.32965100228308114,12.608813697307616,100.0,2.3948601570308976,0.0027232157355518327,0.1849024688994712,0.0,steady,0.32965100228308114,steady,2.3948601570308976,steady,0.1849024688994712,not_applicable,,,not_applicable,,,0.0,0.45,0.45,5.586330251605853,False,0.0,0.0,67.94470579776127,0.0,0.002344945744148952,0.013429403626679048,0.0,0.0,,yes
normal_calibration_error,online,29,29,5.0,5250,0.3296178430077048,12.597442417085476,100.0,1.749795236033195,0.0028026368558281578,0.19004479562676027,0.0,steady,0.3296178430077048,steady,1.749795236033195,steady,0.19004479562676027,not_applicable,,,not_applicable,,,99.67619047619047,0.41435245647951663,0.5067752390908914,5.9842415273009415,False,0.21177966867996778,0.0,20.00000000000048,0.0,0.002311786468772614,0.018571730353968113,-3.315927537633767e-05,0.005142326727289065,,yes
modest_combined,baseline,11,11,3.0,5250,0.5684856030226695,12.550989204246635,100.0,10.751778721986817,0.0146716963939849,0.21149635326954697,0.0,combined_post,0.8188830063178099,combined_post,13.981013847568622,pre_change,0.2618783431634393,recovered,True,0.0,not_recovered,False,,0.0,0.0,0.0,0.0,False,0.0,0.0,0.0,0.0,0.0,0.0,0.0017792608573734547,-0.0009505924795009668,,yes
modest_combined,integral,11,11,3.0,5250,0.5780595986807394,12.561939180361891,100.0,7.002954841140662,0.01188943105674725,0.25613983820123337,0.0,combined_post,0.8194418246978478,combined_post,8.660175446725688,pre_change,0.30510984229573224,recovered,True,0.0,not_recovered_with_limit_active,False,,0.0,0.45,0.45,6.000000000000003,True,0.0,0.0,9.548979732418854,0.0,0.009573995658069934,0.044643484931686406,0.011353256515443388,0.04369289245218544,,yes
modest_combined,friction,11,11,3.0,5250,0.566706342165296,12.550264155274839,100.0,3.277147799727362,0.00443857546517398,0.21244694574904793,0.0,combined_post,0.8077989939470306,combined_post,4.439310243978921,pre_change,0.26850919641702653,recovered,True,0.0,recovered,True,0.7639999999999993,0.0,0.45,0.45,5.6117495904404535,False,0.0,0.0,69.41285832025277,0.0,-0.0017792608573734547,0.0009505924795009668,0.0,0.0,,yes
modest_combined,online,11,11,3.0,5250,0.5652837543930187,12.550264155274839,100.0,2.4168719087071358,0.004080995117175864,0.21686690757590757,0.0,combined_post,0.8070796010845682,combined_post,3.308639070527286,pre_change,0.2752549848990579,recovered,True,0.0,recovered,True,0.09600000000000009,80.74285714285713,0.3447998887115979,0.5101763063835753,5.984317976910445,False,0.2774512876793367,0.0,20.00000000000037,0.0,-0.003201848629650783,0.005370554306360603,-0.0014225877722773284,0.004419961826859636,,yes
modest_combined,baseline,29,29,3.0,5250,0.5765073382259258,12.537675900401412,100.0,10.740841792195598,0.014671571903388504,0.21161977763983333,0.0,combined_post,0.8327461082897318,combined_post,13.96089565685974,pre_change,0.26201473629794514,recovered,True,0.0,not_recovered,False,,0.0,0.0,0.0,0.0,False,0.0,0.0,0.0,0.0,0.0,0.0,0.0015515434483797108,-0.0009337312194156178,,yes
modest_combined,integral,29,29,3.0,5250,0.5863871697469115,12.549208986566136,100.0,6.99927629618966,0.01193358665267108,0.25641138540476743,0.0,combined_post,0.8331134422572688,combined_post,8.653868710010714,pre_change,0.3053108387854667,recovered,True,0.0,not_recovered_with_limit_active,False,,0.0,0.45,0.45,6.000000000000003,True,0.0,0.0,9.489137821207706,0.0,0.009879831520985705,0.0447916077649341,0.011431374969365415,0.04385787654551848,,yes
modest_combined,friction,29,29,3.0,5250,0.5749557947775461,12.536930283593458,100.0,3.26656099185642,0.004433536674578571,0.21255350885924895,0.0,combined_post,0.8214056761194324,combined_post,4.41558830831167,pre_change,0.2685185904016063,recovered,True,0.0,recovered,True,0.7379999999999995,0.0,0.45,0.45,5.59905197297898,False,0.0,0.0,68.08749045032984,0.0,-0.0015515434483797108,0.0009337312194156178,0.0,0.0,,yes
modest_combined,online,29,29,3.0,5250,0.57349529570225,12.536930283595478,100.0,2.405154092141048,0.004081766085916982,0.2170037861262871,0.0,combined_post,0.8206513049946907,combined_post,3.2848226757243877,pre_change,0.27513666785040763,recovered,True,0.0,recovered,True,0.08999999999999986,80.76190476190476,0.34419534001130403,0.510370006863007,5.984317976910445,False,0.2725486821390233,0.0,20.000000000000572,0.0,-0.0030120425236758175,0.005384008486453762,-0.0014604990752961067,0.004450277267038144,,yes
