surface_yaw_deg,scale,case,arm,simulation_seed,paired_baseline_seed,controller_yaw_error_deg,sample_count,force_rmse_n,peak_force_n,contact_ratio_pct,tangent_rmse_mm,tangent_velocity_error_rms_m_s,orientation_rmse_deg,saturation_pct,worst_force_phase,worst_phase_force_rmse_n,worst_tangent_phase,worst_phase_tangent_rmse_mm,worst_orientation_phase,worst_phase_orientation_rmse_deg,force_recovery_status,force_recovered,force_recovery_time_s,tangent_recovery_status,tangent_recovered,tangent_recovery_time_s,tangential_update_ready_pct,coefficient_min,coefficient_max,max_requested_tangential_force_n,compensation_limit_observed,max_normal_operation_coefficient_rate_s,max_coefficient_reset_jump,max_normal_operation_force_slew_n_s,max_force_reset_jump_n,projection_pct,minimum_torque_headroom_nm,minimum_reserved_torque_headroom_nm,paired_force_rmse_increase_n,paired_orientation_rmse_increase_deg,paired_friction_force_rmse_increase_n,paired_friction_orientation_rmse_increase_deg,failed_gates,all_gates_pass,supplemental_failures,all_checks_pass
-15,1,stop_hold_reverse,baseline,11,11,0.0,5250,0.135322441349862,12.624059704727843,100.0,10.576936762201008,0.014866897932556024,0.3643131950279609,0.0,forward,0.1990931449476366,forward,11.828995061078928,forward,0.5321491458114681,recovered,True,0.0,not_recovered,False,,0.0,0.0,0.0,0.0,False,0.0,0.0,0.0,0.0,0.0,5.7320821919327045,4.532082191932705,0.0,0.0,-0.006995497972703407,-0.010359159440026189,,yes,,yes
-15,1,stop_hold_reverse,friction,11,11,0.0,5250,0.1423179393225654,12.624059704727921,100.0,1.519303003113042,0.0028649009456868605,0.3746723544679871,0.0,forward,0.20964051008272924,forward,1.8855354126456911,forward,0.5567667630742771,recovered,True,0.0,recovered,True,0.0,0.0,0.45,0.45,5.555088706099409,False,0.0,0.0,68.92096769950422,0.0,0.0,5.761221852188465,4.561221852188465,0.006995497972703407,0.010359159440026189,0.0,0.0,,yes,,yes
-15,1,stop_hold_reverse,online,11,11,0.0,5250,0.14492247756270604,12.624059704727921,100.0,1.0605872585232237,0.002664552016939275,0.3830873751793426,0.0,forward,0.2155270171262941,forward,1.3691854242791603,forward,0.5696777495200783,recovered,True,0.0,recovered,True,0.0,80.3047619047619,0.45,0.5074648953358367,5.984360762996737,False,0.26814779529882316,0.0,20.000000000000327,0.0,0.0,5.760474712932158,4.560474712932159,0.009600036212844054,0.018774180151381714,0.002604538240140647,0.008415020711355525,,yes,,yes
-15,1,modest_combined,baseline,11,11,3.0,5250,0.5680694916280491,12.6254177223544,100.0,10.725971786524015,0.014546537689762922,0.3834206846462504,0.0,combined_post,0.7741556772421748,combined_post,13.98006060251651,pre_change,0.6226698938908359,recovered,True,0.0,not_recovered,False,,0.0,0.0,0.0,0.0,False,0.0,0.0,0.0,0.0,0.0,5.68308059118749,4.483080591187491,0.0,0.0,-0.002834139234686339,-0.012176688548125536,,yes,,yes
-15,1,modest_combined,friction,11,11,3.0,5250,0.5709036308627354,12.620847354384157,100.0,3.2881280865565428,0.004409594156736606,0.39559737319437593,0.0,combined_post,0.7544253345032275,combined_post,4.437505797520181,pre_change,0.6680773939448302,recovered,True,1.0860000000000003,not_recovered,False,,0.0,0.45,0.45,5.579242843067383,False,0.0,0.0,68.85885115560582,0.0,0.0,5.71999889492241,4.519998894922411,0.002834139234686339,0.012176688548125536,0.0,0.0,,yes,,yes
-15,1,modest_combined,online,11,11,3.0,5250,0.5690598708578972,12.620847354384157,100.0,2.410299129857788,0.0040600997072370295,0.3987144593662021,0.0,combined_post,0.7519492993052123,combined_post,3.3325586657033037,pre_change,0.6691737824115513,recovered,True,1.0739999999999998,recovered,True,0.0,80.85714285714286,0.335838337131369,0.5092328306930824,5.984317976910445,False,0.2850207155117024,0.0,20.000000000000533,0.0,0.0,5.721009991027678,4.521009991027679,0.0009903792298481262,0.015293774719951692,-0.001843760004838213,0.0031170861718261555,,yes,,yes
0,1,stop_hold_reverse,baseline,11,11,0.0,5250,0.11674470466709144,12.636585788580819,100.0,10.546675564926803,0.014810338268000559,0.3457847372170621,0.0,forward,0.16170201121175692,forward,11.753903808698805,forward,0.4253331943743333,recovered,True,0.0,not_recovered,False,,0.0,0.0,0.0,0.0,False,0.0,0.0,0.0,0.0,0.0,5.7079666730511125,4.507966673051113,0.0,0.0,-0.00226980036107155,-0.006073309298446239,,yes,,yes
0,1,stop_hold_reverse,friction,11,11,0.0,5250,0.11901450502816299,12.636585788580819,100.0,1.4569876979973149,0.002756565170278213,0.35185804651550834,0.0,forward,0.16228244396811342,forward,1.8043320344220601,forward,0.45015459659636103,recovered,True,0.0,recovered,True,0.0,0.0,0.45,0.45,5.556005922066705,False,0.0,0.0,69.55484995265032,0.0,0.0,5.658486269055166,4.458486269055166,0.00226980036107155,0.006073309298446239,0.0,0.0,,yes,,yes
0,1,stop_hold_reverse,online,11,11,0.0,5250,0.11874795566893646,12.636585788580819,100.0,1.013608788411112,0.0025582904867281746,0.3601193490754559,0.0,forward,0.1618314716815358,forward,1.282849763494329,forward,0.46385543769146115,recovered,True,0.0,recovered,True,0.0,80.24761904761904,0.45,0.5048837967580581,5.984360762996737,False,0.25632507514730674,0.0,20.00000000000022,0.0,0.0,5.646844352786589,4.44684435278659,0.0020032510018450217,0.014334611858393798,-0.00026654935922652834,0.008261302559947559,,yes,,yes
0,1,modest_combined,baseline,11,11,3.0,5250,0.5615298379176829,12.641228745430913,100.0,10.70008815755326,0.014490145224014532,0.3563663226894388,0.0,combined_post,0.7922130285826997,combined_post,13.929899156306526,pre_change,0.5245346935979345,recovered,True,0.0,not_recovered,False,,0.0,0.0,0.0,0.0,False,0.0,0.0,0.0,0.0,0.0,5.643863092277261,4.443863092277262,0.0,0.0,-0.001828155539304377,-0.007362267370498166,,yes,,yes
0,1,modest_combined,friction,11,11,3.0,5250,0.5633579934569872,12.638301682485118,100.0,3.2496121605671373,0.0043519542456690406,0.36372859005993696,0.0,combined_post,0.7778803019854883,combined_post,4.383790067441268,pre_change,0.5587247309888372,recovered,True,0.0,recovered,True,0.7100000000000009,0.0,0.45,0.45,5.52574989936261,False,0.0,0.0,69.47420228115081,0.0,0.0,5.668720355690789,4.46872035569079,0.001828155539304377,0.007362267370498166,0.0,0.0,,yes,,yes
0,1,modest_combined,online,11,11,3.0,5250,0.5609832951171065,12.638301682485118,100.0,2.362982596951038,0.003968722035485539,0.3672228066375476,0.0,combined_post,0.7766313298039496,combined_post,3.2627450602066217,pre_change,0.5592049799791391,recovered,True,0.0,recovered,True,0.0,80.80000000000001,0.3394949826870767,0.5081804198166346,5.984317976910444,False,0.2781108001608801,0.0,20.000000000000515,0.0,0.0,5.669874138200312,4.469874138200312,-0.0005465428005763107,0.010856483948108786,-0.0023746983398806876,0.0034942165776106204,,yes,,yes
15.0,1,stop_hold_reverse,baseline,11,11,0.0,5250,0.1490971132579599,12.620729988248337,100.0,10.59686110277892,0.014884645334055766,0.39271771945005957,0.0,forward,0.18405042298810237,forward,11.801780095865698,reverse,0.47808025235344154,recovered,True,0.0,not_recovered,False,,0.0,0.0,0.0,0.0,False,0.0,0.0,0.0,0.0,0.0,5.675288847610409,4.475288847610409,0.0,0.0,0.003907143518719736,-0.0060301498545324295,,yes,,yes
15.0,1,stop_hold_reverse,friction,11,11,0.0,5250,0.14518996973924017,12.620729988248337,100.0,1.53011816988837,0.0028845065630877997,0.398747869304592,0.0,forward,0.17082740366835672,forward,1.911920923514814,reverse,0.46977887977750205,recovered,True,0.0,recovered,True,0.0,0.0,0.45,0.45,5.615892952936512,False,0.0,0.0,69.75438567289864,0.0,0.0,5.703643317734096,4.503643317734097,-0.003907143518719736,0.0060301498545324295,0.0,0.0,,yes,,yes
15.0,1,stop_hold_reverse,online,11,11,0.0,5250,0.1464794089838974,12.659241372536588,100.0,1.069854457482169,0.0026221577333729886,0.40697383754597155,0.0,forward,0.17440956421271447,forward,1.351559821203211,reverse,0.4732875429367571,recovered,True,0.0,recovered,True,0.0,80.2095238095238,0.45,0.5069229257101218,5.984360762996737,False,0.2566440827006522,0.0,20.00000000000043,0.0,0.0,5.70574531060141,4.5057453106014105,-0.0026177042740624934,0.014256118095911985,0.0012894392446572422,0.008225968241379555,,yes,,yes
15.0,1,modest_combined,baseline,11,11,3.0,5250,0.5672726596772694,12.630830493906048,100.0,10.753517880870529,0.014570514721901238,0.3931984949936907,0.0,combined_post,0.8140061263451771,combined_post,13.981278406896026,pre_change,0.4831520183943405,recovered,True,0.0,not_recovered,False,,0.0,0.0,0.0,0.0,False,0.0,0.0,0.0,0.0,0.0,5.604047721230359,4.40404772123036,0.0,0.0,0.0007850774844399,-0.005881179804508974,,yes,,yes
15.0,1,modest_combined,friction,11,11,3.0,5250,0.5664875821928295,12.628817270783898,100.0,3.2626768936685133,0.004376801886562688,0.39907967479819967,0.0,combined_post,0.8030302501622534,combined_post,4.44838912227347,pre_change,0.5092039048239826,recovered,True,0.0,recovered,True,0.798,0.0,0.45,0.45,5.6003276048603565,False,0.0,0.0,69.64474945920333,0.0,0.0,5.620280125695685,4.420280125695686,-0.0007850774844399,0.005881179804508974,0.0,0.0,,yes,,yes
15.0,1,modest_combined,online,11,11,3.0,5250,0.564658816271803,12.628817270787037,100.0,2.397578763690601,0.003926510370174217,0.4033014159784949,0.0,combined_post,0.8020661430764406,combined_post,3.3183299809868836,pre_change,0.5104415093305257,recovered,True,0.0,recovered,True,0.11800000000000033,80.72380952380952,0.34549928419771136,0.5107687596170797,5.984317976910445,False,0.2709610696936815,0.0,20.000000000000487,0.0,0.0,5.622490524736863,4.4224905247368635,-0.0026138434054663318,0.010102920984804198,-0.0018287659210264318,0.004221741180295224,,yes,,yes
-15,2,stop_hold_reverse,baseline,11,11,0.0,5250,0.13245023922211283,12.541452551798194,100.0,10.58171973056779,0.014926683684266242,0.19529427966334922,0.0,forward,0.20153024592373694,forward,11.827716922875771,forward,0.28363582982885865,recovered,True,0.0,not_recovered,False,,0.0,0.0,0.0,0.0,False,0.0,0.0,0.0,0.0,0.0,5.732529140348788,4.532529140348789,0.0,0.0,-0.0074945550301947494,-0.006106314515214484,,yes,,yes
-15,2,stop_hold_reverse,friction,11,11,0.0,5250,0.13994479425230757,12.541452551798194,100.0,1.5314556740266618,0.0029753255264807973,0.2014005941785637,0.0,forward,0.2111962520747907,forward,1.9039278607931944,forward,0.2954341102124209,recovered,True,0.0,recovered,True,0.0,0.0,0.45,0.45,5.550821699611544,False,0.0,0.0,68.62417723990211,0.0,0.0,5.760539300980955,4.560539300980956,0.0074945550301947494,0.006106314515214484,0.0,0.0,,yes,,yes
-15,2,stop_hold_reverse,online,11,11,0.0,5250,0.14372599149042195,12.541452551798194,100.0,1.0922106568479402,0.0028765773986696706,0.20687321475931558,0.0,forward,0.21951198285111498,forward,1.4116475912807755,forward,0.3046858788926185,recovered,True,0.0,recovered,True,0.0,80.34285714285714,0.45,0.5084173618603347,5.984360762996737,False,0.2804488044081399,0.0,20.00000000000042,0.0,0.0,5.747613534437073,4.547613534437073,0.011275752268309125,0.011578935095966358,0.0037811972381143755,0.005472620580751875,,yes,,yes
-15,2,modest_combined,baseline,11,11,3.0,5250,0.566033630234233,12.542417763976738,100.0,10.728927074578985,0.014608669909449668,0.20543322031400654,0.0,combined_post,0.7754914902539006,combined_post,13.97375655477512,pre_change,0.34020725998133916,recovered,True,1.17,not_recovered,False,,0.0,0.0,0.0,0.0,False,0.0,0.0,0.0,0.0,0.0,5.682236605117064,4.482236605117064,0.0,0.0,-0.002218169040975715,-0.006165572910287437,,yes,,yes
-15,2,modest_combined,friction,11,11,3.0,5250,0.5682517992752087,12.536857414440563,100.0,3.2922578976839834,0.004444388382097113,0.21159879322429398,0.0,combined_post,0.7560079547326443,combined_post,4.426956008674572,pre_change,0.35709958784526996,recovered,True,1.0440000000000005,not_recovered,False,,0.0,0.45,0.45,5.569466142226791,False,0.0,0.0,68.55751297313522,0.0,0.0,5.718308920783906,4.518308920783907,0.002218169040975715,0.006165572910287437,0.0,0.0,,yes,,yes
-15,2,modest_combined,online,11,11,3.0,5250,0.5670668692029411,12.536857414445493,100.0,2.4211580179938768,0.0041940989330431794,0.2148112193241047,0.0,combined_post,0.7536196269540445,combined_post,3.3221749592510266,pre_change,0.3619004982670611,recovered,True,1.032,recovered,True,0.0,80.87619047619047,0.33693211694139935,0.5095523328307988,5.984317976910445,False,0.2865615591267634,0.0,20.0000000000004,0.0,0.0,5.719255947884832,4.519255947884833,0.0010332389687081056,0.00937799901009817,-0.0011849300722676093,0.0032124260998107335,,yes,,yes
0,2,stop_hold_reverse,baseline,11,11,0.0,5250,0.11454119278166104,12.54275511398457,100.0,10.54830576947052,0.014884591601985133,0.18558801092828056,0.0,forward,0.15991481461968265,forward,11.751726223880715,forward,0.22707825899195055,recovered,True,0.0,not_recovered,False,,0.0,0.0,0.0,0.0,False,0.0,0.0,0.0,0.0,0.0,5.707910523499316,4.507910523499317,0.0,0.0,-0.0011001561137496535,-0.0032133287101205332,,yes,,yes
0,2,stop_hold_reverse,friction,11,11,0.0,5250,0.1156413488954107,12.54275511398457,100.0,1.4721141579349535,0.0028776863785344494,0.1888013396384011,0.0,forward,0.1596246481497768,forward,1.8189984793523024,forward,0.23851078327153338,recovered,True,0.0,recovered,True,0.0,0.0,0.45,0.45,5.5484353427251305,False,0.0,0.0,69.21794035830574,0.0,0.0,5.632960092664036,4.432960092664037,0.0011001561137496535,0.0032133287101205332,0.0,0.0,,yes,,yes
0,2,stop_hold_reverse,online,11,11,0.0,5250,0.11536552466687865,12.579745879986284,100.0,1.0524326209074366,0.0027877993250025658,0.19396275439148244,0.0,forward,0.15927976461785098,forward,1.3241418381505032,forward,0.2480511609721826,recovered,True,0.0,recovered,True,0.0,80.26666666666667,0.45,0.5055932006915046,5.984360762996737,False,0.26745704060035513,0.0,20.00000000000021,0.0,0.0,5.620284758105724,4.4202847581057245,0.0008243318852176051,0.008374743463201884,-0.00027582422853204835,0.00516141475308135,,yes,,yes
0,2,modest_combined,baseline,11,11,3.0,5250,0.5603304469357953,12.547723183632819,100.0,10.701292635974028,0.014566273355998069,0.1909631133372958,0.0,combined_post,0.7957677493141461,combined_post,13.927849047186575,pre_change,0.2829403770203886,recovered,True,0.0,not_recovered,False,,0.0,0.0,0.0,0.0,False,0.0,0.0,0.0,0.0,0.0,5.646591183687599,4.4465911836876,0.0,0.0,-0.0016050886728613545,-0.003012420311850006,,yes,,yes
0,2,modest_combined,friction,11,11,3.0,5250,0.5619355356086566,12.54490359444068,100.0,3.258228840464177,0.004392604592259793,0.1939755336491458,0.0,combined_post,0.7814998224828673,combined_post,4.3761039892050135,pre_change,0.29480879157889245,recovered,True,1.290000000000001,recovered,True,0.6880000000000006,0.0,0.45,0.45,5.519196423196768,False,0.0,0.0,69.13591404585188,0.0,0.0,5.667975725419787,4.467975725419787,0.0016050886728613545,0.003012420311850006,0.0,0.0,,yes,,yes
0,2,modest_combined,online,11,11,3.0,5250,0.5596207331215616,12.544903594440678,100.0,2.3772890188301097,0.0041079746345819715,0.19756213820448212,0.0,combined_post,0.7805004421622224,combined_post,3.2549953184760527,pre_change,0.2993870480514187,recovered,True,1.274000000000001,recovered,True,0.0,80.80000000000001,0.3401404335403175,0.5091108835308411,5.984317976910444,False,0.2818827610825969,0.0,20.00000000000045,0.0,0.0,5.669332928335114,4.469332928335115,-0.0007097138142336812,0.006599024867186332,-0.0023148024870950357,0.0035866045553363257,,yes,,yes
15.0,2,stop_hold_reverse,baseline,11,11,0.0,5250,0.15385478099037958,12.610178365977276,100.0,10.594010758893614,0.014982396657939285,0.2115917787157964,0.0,forward,0.19365702672029392,forward,11.796661927594593,reverse,0.2530376303557791,recovered,True,0.0,not_recovered,False,,0.0,0.0,0.0,0.0,False,0.0,0.0,0.0,0.0,0.0,5.659405473782462,4.459405473782462,0.0,0.0,0.0082205425348289,-0.0021321057431764323,,yes,,yes
15.0,2,stop_hold_reverse,friction,11,11,0.0,5250,0.14563423845555068,12.59271787116115,100.0,1.5472538094065704,0.003043015616602816,0.21372388445897283,0.0,reverse_ramp,0.17550463143487738,forward,1.9248290532662982,reverse,0.24221675946795346,recovered,True,0.0,recovered,True,0.0,0.0,0.45,0.45,5.624935016421106,False,0.0,0.0,69.52171468863676,0.0,0.0,5.681952959454296,4.481952959454297,-0.0082205425348289,0.0021321057431764323,0.0,0.0,,yes,,yes
15.0,2,stop_hold_reverse,online,11,11,0.0,5250,0.14815719944390443,12.652065967202244,100.0,1.1202911232641306,0.0028816340168726718,0.21886950594218357,0.0,forward,0.18300240246482596,forward,1.4053053618682358,reverse,0.24363374933189366,recovered,True,0.0,recovered,True,0.0,80.22857142857143,0.45,0.5069903515440979,5.984360762996737,False,0.2707712772919424,0.0,20.00000000000034,0.0,0.0,5.6825898537643855,4.482589853764386,-0.00569758154647515,0.007277727226387171,0.0025229609883537507,0.005145621483210738,,yes,,yes
15.0,2,modest_combined,baseline,11,11,3.0,5250,0.5684856030226695,12.550989204246635,100.0,10.751778721986817,0.0146716963939849,0.21149635326954697,0.0,combined_post,0.8188830063178099,combined_post,13.981013847568622,pre_change,0.2618783431634393,recovered,True,0.0,not_recovered,False,,0.0,0.0,0.0,0.0,False,0.0,0.0,0.0,0.0,0.0,5.613856549297939,4.41385654929794,0.0,0.0,0.0017792608573734547,-0.0009505924795009668,,yes,,yes
15.0,2,modest_combined,friction,11,11,3.0,5250,0.566706342165296,12.550264155274839,100.0,3.277147799727362,0.00443857546517398,0.21244694574904793,0.0,combined_post,0.8077989939470306,combined_post,4.439310243978921,pre_change,0.26850919641702653,recovered,True,0.0,recovered,True,0.7639999999999993,0.0,0.45,0.45,5.6117495904404535,False,0.0,0.0,69.41285832025277,0.0,0.0,5.625244037604416,4.425244037604417,-0.0017792608573734547,0.0009505924795009668,0.0,0.0,,yes,,yes
15.0,2,modest_combined,online,11,11,3.0,5250,0.5652837543930187,12.550264155274839,100.0,2.4168719087071358,0.004080995117175864,0.21686690757590757,0.0,combined_post,0.8070796010845682,combined_post,3.308639070527286,pre_change,0.2752549848990579,recovered,True,0.0,recovered,True,0.09600000000000009,80.74285714285713,0.3447998887115979,0.5101763063835753,5.984317976910445,False,0.2774512876793367,0.0,20.00000000000037,0.0,0.0,5.627361165023302,4.427361165023303,-0.003201848629650783,0.005370554306360603,-0.0014225877722773284,0.004419961826859636,,yes,,yes
