surface_yaw_deg,scale,case,arm,simulation_seed,phase,sample_count,force_rmse_n,peak_force_n,contact_ratio_pct,tangent_rmse_mm,tangent_velocity_error_rms_m_s,orientation_rmse_deg,saturation_pct,projection_pct,minimum_torque_headroom_nm,minimum_reserved_torque_headroom_nm,paired_baseline_force_rmse_increase_n,paired_baseline_orientation_rmse_increase_deg,paired_friction_force_rmse_increase_n,paired_friction_orientation_rmse_increase_deg,failed_gates,all_gates_pass,supplemental_failures,all_checks_pass
-15,1,stop_hold_reverse,baseline,11,forward,1500,0.1990931449476366,12.38547053579284,100.0,11.828995061078928,0.017919060184760974,0.5321491458114681,0.0,0.0,6.230378935348997,5.030378935348998,0.0,0.0,-0.010547365135092635,-0.024617617262808977,,yes,,yes
-15,1,stop_hold_reverse,baseline,11,stopping,500,0.17651903067304722,12.1733400072315,100.0,10.295766049959017,0.008257899460244009,0.21411566119847916,0.0,0.0,5.993902101940241,4.793902101940242,0.0,0.0,-0.028658502069778713,-0.03177541544699433,,yes,,yes
-15,1,stop_hold_reverse,baseline,11,hold,750,0.05369329598759201,12.155188612577644,100.0,5.936088856358057,0.0039238135731343516,0.2878686619033486,0.0,0.0,6.08029422581731,4.880294225817311,0.0,0.0,-0.013241143858337454,0.10293030509994416,,yes,,yes
-15,1,stop_hold_reverse,baseline,11,reverse_ramp,500,0.1188198624697186,12.123922198362633,100.0,7.085849922680757,0.02132915222670386,0.19683827112683416,0.0,0.0,6.391470067587786,5.191470067587787,0.0,0.0,0.03595955884850413,0.008161206719869085,,yes,,yes
-15,1,stop_hold_reverse,baseline,11,reverse,2000,0.07707445887224594,12.19733841249881,100.0,11.68127285271805,0.014241318470239796,0.28946570672414107,0.0,0.0,5.7320821919327045,4.532082191932705,0.0,0.0,-0.002203134649849392,-0.02543546162146154,,yes,,yes
-15,1,stop_hold_reverse,friction,11,forward,1500,0.20964051008272924,12.416675754732386,100.0,1.8855354126456911,0.003714436990405125,0.5567667630742771,0.0,0.0,6.248179248887389,5.04817924888739,0.010547365135092635,0.024617617262808977,0.0,0.0,,yes,,yes
-15,1,stop_hold_reverse,friction,11,stopping,500,0.20517753274282594,12.301062983437982,100.0,0.7476826798288999,0.002739653657394312,0.2458910766454735,0.0,0.0,5.805095761908429,4.60509576190843,0.028658502069778713,0.03177541544699433,0.0,0.0,,yes,,yes
-15,1,stop_hold_reverse,friction,11,hold,750,0.06693443984592946,12.257488413431508,100.0,0.2658185867828674,0.000264557744707024,0.18493835680340442,0.0,0.0,6.477366428643842,5.277366428643843,0.013241143858337454,-0.10293030509994416,0.0,0.0,,yes,,yes
-15,1,stop_hold_reverse,friction,11,reverse_ramp,500,0.08286030362121447,12.152537043361587,100.0,1.6808698408377996,0.004023881268133613,0.18867706440696508,0.0,0.0,6.555051747175373,5.355051747175374,-0.03595955884850413,-0.008161206719869085,0.0,0.0,,yes,,yes
-15,1,stop_hold_reverse,friction,11,reverse,2000,0.07927759352209533,12.179594065365626,100.0,1.5875203534223805,0.002290576767446708,0.3149011683456026,0.0,0.0,5.761221852188465,4.561221852188465,0.002203134649849392,0.02543546162146154,0.0,0.0,,yes,,yes
-15,1,stop_hold_reverse,online,11,forward,1500,0.2155270171262941,12.42853616578195,100.0,1.3691854242791603,0.004222703798262101,0.5696777495200783,0.0,0.0,6.2378821508053335,5.037882150805334,0.016433872178657494,0.03752860370861022,0.005886507043564859,0.012910986445801242,,yes,,yes
-15,1,stop_hold_reverse,online,11,stopping,500,0.2058563594120015,12.268121027704753,100.0,1.145987442588806,0.0024551156628910193,0.25271636904771905,0.0,0.0,5.778991215704666,4.578991215704667,0.029337328738954283,0.038600707849239885,0.0006788266691755696,0.006825292402245553,,yes,,yes
-15,1,stop_hold_reverse,online,11,hold,750,0.07007046720985267,12.27769822510119,100.0,0.7304008560726305,0.0004920458874849385,0.18539028437974966,0.0,0.0,6.487601000137726,5.287601000137727,0.016377171222260664,-0.10247837752359892,0.0031360273639232106,0.00045192757634524017,,yes,,yes
-15,1,stop_hold_reverse,online,11,reverse_ramp,500,0.07517396882113475,12.149933323848677,100.0,1.0498299055588136,0.0026739758968006336,0.20166432953792843,0.0,0.0,6.56442264478369,5.364422644783691,-0.043645893648583844,0.004826058411094264,-0.007686334800079714,0.012987265130963349,,yes,,yes
-15,1,stop_hold_reverse,online,11,reverse,2000,0.08027772120164886,12.180826761445676,100.0,0.8618601471104747,0.001370557129759448,0.32064416513007366,0.0,0.0,5.760474712932158,4.560474712932159,0.00320326232940292,0.031178458405932585,0.001000127679553528,0.005742996784471044,,yes,,yes
-15,1,modest_combined,baseline,11,pre_change,1250,0.2896168044752569,12.493563778832065,100.0,8.811952234825577,0.013723417555223206,0.6226698938908359,0.0,0.0,6.364187328879601,5.164187328879602,0.0,0.0,-0.014408034937145375,-0.0454075000539943,,yes,,yes
-15,1,modest_combined,baseline,11,combined_transition,2000,0.4419892993143237,12.321172651321174,100.0,7.617304473425793,0.012445046512484287,0.27437846302935354,0.0,0.0,5.997878762152695,4.7978787621526955,0.0,0.0,-0.036175666042325805,0.04197490946200377,,yes,,yes
-15,1,modest_combined,baseline,11,combined_post,2000,0.7741556772421748,11.817749439401101,100.0,13.98006060251651,0.016818674611110623,0.26133851087279025,0.0,0.0,5.68308059118749,4.483080591187491,0.0,0.0,0.01973034273894736,-0.017658487331863815,,yes,,yes
-15,1,modest_combined,friction,11,pre_change,1250,0.30402483941240227,12.50386275967905,100.0,3.000449892734623,0.0038106523322984386,0.6680773939448302,0.0,0.0,6.436850584447418,5.236850584447419,0.014408034937145375,0.0454075000539943,0.0,0.0,,yes,,yes
-15,1,modest_combined,friction,11,combined_transition,2000,0.4781649653566495,12.327467257583258,100.0,1.750084039674383,0.0035509502475383824,0.23240355356734976,0.0,0.0,5.860023307416942,4.660023307416942,0.036175666042325805,-0.04197490946200377,0.0,0.0,,yes,,yes
-15,1,modest_combined,friction,11,combined_post,2000,0.7544253345032275,11.79153059327574,100.0,4.437505797520181,0.0054182053751384894,0.27899699820465407,0.0,0.0,5.71999889492241,4.519998894922411,-0.01973034273894736,0.017658487331863815,0.0,0.0,,yes,,yes
-15,1,modest_combined,online,11,pre_change,1250,0.30448697043844714,12.494949269156686,100.0,1.8318041958831626,0.00423096209962963,0.6691737824115513,0.0,0.0,6.446732261773698,5.2467322617736984,0.01487016596319024,0.04650388852071541,0.0004621310260448652,0.00109638846672111,,yes,,yes
-15,1,modest_combined,online,11,combined_transition,2000,0.47610769572101863,12.316739279703095,100.0,1.4307021292073765,0.003927880391973515,0.2387300460600033,0.0,0.0,5.861594146393723,4.661594146393724,0.03411839640669495,-0.03564841696935023,-0.002057269635630854,0.006326492492653546,,yes,,yes
-15,1,modest_combined,online,11,combined_post,2000,0.7519492993052123,11.79598567413369,100.0,3.3325586657033037,0.0040810759282191526,0.28362245763336885,0.0,0.0,5.721009991027678,4.521009991027679,-0.022206377936962562,0.0222839467605786,-0.002476035198015203,0.004625459428714784,,yes,,yes
0,1,stop_hold_reverse,baseline,11,forward,1500,0.16170201121175692,12.499576317076627,100.0,11.753903808698805,0.017916212245592845,0.4253331943743333,0.0,0.0,6.228813320417821,5.028813320417822,0.0,0.0,-0.000580432756356497,-0.024821402222027722,,yes,,yes
0,1,stop_hold_reverse,baseline,11,stopping,500,0.1164482744346103,12.218781112183109,100.0,10.449875528458596,0.008151273865938835,0.2297898414499562,0.0,0.0,5.728757750018284,4.5287577500182845,0.0,0.0,-0.03373535775057261,-0.022859296707373994,,yes,,yes
0,1,stop_hold_reverse,baseline,11,hold,750,0.043953794373959076,12.139404533834961,100.0,5.999863448393006,0.003958338313044137,0.27785457604738856,0.0,0.0,5.878382404802523,4.678382404802524,0.0,0.0,-0.016158283478274554,0.10078238616630425,,yes,,yes
0,1,stop_hold_reverse,baseline,11,reverse_ramp,500,0.0905768903665431,12.280652331747108,100.0,7.056789272183311,0.021260428895607645,0.21068070410128348,0.0,0.0,6.296651695143849,5.09665169514385,0.0,0.0,-0.00983499296632745,-0.05548960521374058,,yes,,yes
0,1,stop_hold_reverse,baseline,11,reverse,2000,0.10000378077241912,12.3360291873435,100.0,11.624127469732915,0.014126309731149093,0.35345966177165117,0.0,0.0,5.7079666730511125,4.507966673051113,0.0,0.0,0.011034526437865122,-0.0037221363714765587,,yes,,yes
0,1,stop_hold_reverse,friction,11,forward,1500,0.16228244396811342,12.360117222472537,100.0,1.8043320344220601,0.0035576618504564745,0.45015459659636103,0.0,0.0,6.1034263503519135,4.903426350351914,0.000580432756356497,0.024821402222027722,0.0,0.0,,yes,,yes
0,1,stop_hold_reverse,friction,11,stopping,500,0.1501836321851829,12.309706038208967,100.0,0.7798187823008504,0.0025990620017485025,0.2526491381573302,0.0,0.0,5.658486269055166,4.458486269055166,0.03373535775057261,0.022859296707373994,0.0,0.0,,yes,,yes
0,1,stop_hold_reverse,friction,11,hold,750,0.06011207785223363,12.248339466739324,100.0,0.23377925363626492,0.00021593185952137976,0.1770721898810843,0.0,0.0,6.464152067526658,5.264152067526659,0.016158283478274554,-0.10078238616630425,0.0,0.0,,yes,,yes
0,1,stop_hold_reverse,friction,11,reverse_ramp,500,0.10041188333287054,12.194275917684383,100.0,1.641977883961917,0.003939411149261453,0.26617030931502406,0.0,0.0,6.531132693935064,5.331132693935064,0.00983499296632745,0.05548960521374058,0.0,0.0,,yes,,yes
0,1,stop_hold_reverse,friction,11,reverse,2000,0.088969254334554,12.228912898631748,100.0,1.5113328564625184,0.0022062946470571376,0.3571817981431277,0.0,0.0,5.722823619189248,4.522823619189249,-0.011034526437865122,0.0037221363714765587,0.0,0.0,,yes,,yes
0,1,stop_hold_reverse,online,11,forward,1500,0.1618314716815358,12.359868146426821,100.0,1.282849763494329,0.004047786920887525,0.46385543769146115,0.0,0.0,6.087754601031271,4.887754601031272,0.00012946046977888037,0.038522243317127836,-0.0004509722865776167,0.013700841095100114,,yes,,yes
0,1,stop_hold_reverse,online,11,stopping,500,0.14999350380043106,12.299867549499659,100.0,1.1286228531645923,0.0024105603484432924,0.2580073536301067,0.0,0.0,5.646844352786589,4.44684435278659,0.03354522936582076,0.028217512180150478,-0.00019012838475185312,0.005358215472776484,,yes,,yes
0,1,stop_hold_reverse,online,11,hold,750,0.0634313318526373,12.259962254800483,100.0,0.7647445751428525,0.0004883676533830812,0.1766721203734502,0.0,0.0,6.485843452927218,5.285843452927219,0.019477537478678225,-0.10118245567393835,0.003319254000403671,-0.0004000695076341043,,yes,,yes
0,1,stop_hold_reverse,online,11,reverse_ramp,500,0.0973627699214049,12.20905366665108,100.0,1.0198670785695008,0.0023982020317117668,0.28280768419041025,0.0,0.0,6.549631046201064,5.349631046201065,0.006785879554861804,0.07212698008912677,-0.0030491134114656454,0.01663737487538619,,yes,,yes
0,1,stop_hold_reverse,online,11,reverse,2000,0.08871326228848234,12.22982868147232,100.0,0.815390826516842,0.001382684142859151,0.36154159145474696,0.0,0.0,5.725589495087754,4.525589495087755,-0.011290518483936779,0.00808192968309579,-0.00025599204607165693,0.004359793311619231,,yes,,yes
0,1,modest_combined,baseline,11,pre_change,1250,0.18927409904885023,12.382827682561656,100.0,8.744833216202707,0.013716155765345883,0.5245346935979345,0.0,0.0,6.514212378157004,5.314212378157005,0.0,0.0,-0.019144325795731804,-0.03419003739090276,,yes,,yes
0,1,modest_combined,baseline,11,combined_transition,2000,0.42155895972655577,12.35354062997815,100.0,7.661856451218898,0.012423821316074491,0.2527271374339259,0.0,0.0,5.770320290536295,4.570320290536296,0.0,0.0,-0.026610022329847216,0.013766885456185513,,yes,,yes
0,1,modest_combined,baseline,11,combined_post,2000,0.7922130285826997,11.84944458267639,100.0,13.929899156306526,0.016709933973640963,0.31230690093786156,0.0,0.0,5.643863092277261,4.443863092277262,0.0,0.0,0.01433272659721141,0.003967479505911309,,yes,,yes
0,1,modest_combined,friction,11,pre_change,1250,0.20841842484458203,12.368184724004548,100.0,2.9621990200022283,0.003768954368710887,0.5587247309888372,0.0,0.0,6.434122172063205,5.234122172063206,0.019144325795731804,0.03419003739090276,0.0,0.0,,yes,,yes
0,1,modest_combined,friction,11,combined_transition,2000,0.448168982056403,12.370305234786008,100.0,1.7372940547924558,0.0035157984342104945,0.23896025197774037,0.0,0.0,5.752698297925008,4.552698297925009,0.026610022329847216,-0.013766885456185513,0.0,0.0,,yes,,yes
0,1,modest_combined,friction,11,combined_post,2000,0.7778803019854883,11.817371678286879,100.0,4.383790067441268,0.005336405937956186,0.30833942143195026,0.0,0.0,5.668720355690789,4.46872035569079,-0.01433272659721141,-0.003967479505911309,0.0,0.0,,yes,,yes
0,1,modest_combined,online,11,pre_change,1250,0.2039202375307344,12.367568589023554,100.0,1.7913973979883537,0.004275979679350299,0.5592049799791391,0.0,0.0,6.444371500490147,5.244371500490148,0.014646138481884174,0.03467028638120462,-0.004498187313847629,0.00048024899030185697,,yes,,yes
0,1,modest_combined,online,11,combined_transition,2000,0.44378771805504263,12.3608376838957,100.0,1.416326940211192,0.003762300063992059,0.2458043660621281,0.0,0.0,5.747709049583487,4.547709049583488,0.022228758328486864,-0.006922771371797781,-0.004381264001360352,0.006844114084387731,,yes,,yes
0,1,modest_combined,online,11,combined_post,2000,0.7766313298039496,11.804754020550963,100.0,3.2627450602066217,0.003970305738081095,0.3132481134901148,0.0,0.0,5.669874138200312,4.469874138200312,-0.015581698778750153,0.0009412125522532122,-0.0012489721815387433,0.004908692058164521,,yes,,yes
15.0,1,stop_hold_reverse,baseline,11,forward,1500,0.18405042298810237,12.606747066028133,100.0,11.801780095865698,0.01811649927016314,0.3952674794558066,0.0,0.0,6.013376297504484,4.813376297504485,0.0,0.0,0.01322301931974565,-0.028352057779062467,,yes,,yes
15.0,1,stop_hold_reverse,baseline,11,stopping,500,0.1161767750889199,12.2534705247211,100.0,10.571421349395912,0.008202356899292971,0.27058035777920736,0.0,0.0,5.675288847610409,4.475288847610409,0.0,0.0,-0.023459389302992753,-0.015384737535782123,,yes,,yes
15.0,1,stop_hold_reverse,baseline,11,hold,750,0.035518752873291114,12.120784920256392,100.0,6.025338770114624,0.003957266109875681,0.270162280072804,0.0,0.0,5.874687200025013,4.674687200025014,0.0,0.0,-0.01639649693921741,0.09886848115544472,,yes,,yes
15.0,1,stop_hold_reverse,baseline,11,reverse_ramp,500,0.11760212160051838,12.433036613789406,100.0,7.053310820307321,0.021302737769676977,0.23181545936605635,0.0,0.0,6.390251126956972,5.190251126956973,0.0,0.0,-0.04014698626565959,-0.11830003558653956,,yes,,yes
15.0,1,stop_hold_reverse,baseline,11,reverse,2000,0.16013362936910225,12.4692089615187,100.0,11.675552886500386,0.014116525204220524,0.47808025235344154,0.0,0.0,5.718354799774831,4.518354799774832,0.0,0.0,0.014043330179065866,0.008301372575939492,,yes,,yes
15.0,1,stop_hold_reverse,friction,11,forward,1500,0.17082740366835672,12.554738611470729,100.0,1.911920923514814,0.0037951026355943634,0.42361953723486906,0.0,0.0,5.9244355668116215,4.724435566811622,-0.01322301931974565,0.028352057779062467,0.0,0.0,,yes,,yes
15.0,1,stop_hold_reverse,friction,11,stopping,500,0.13963616439191265,12.331185004453909,100.0,0.8487615661543301,0.0026944853555603107,0.2859650953149895,0.0,0.0,5.703643317734096,4.503643317734097,0.023459389302992753,0.015384737535782123,0.0,0.0,,yes,,yes
15.0,1,stop_hold_reverse,friction,11,hold,750,0.05191524981250852,12.224904909022026,100.0,0.24209471272389463,0.00021027712478302105,0.1712937989173593,0.0,0.0,6.637994364143263,5.437994364143264,0.01639649693921741,-0.09886848115544472,0.0,0.0,,yes,,yes
15.0,1,stop_hold_reverse,friction,11,reverse_ramp,500,0.15774910786617796,12.318716488789892,100.0,1.6684719505452745,0.004009245005392013,0.3501154949525959,0.0,0.0,6.691579247336996,5.491579247336997,0.04014698626565959,0.11830003558653956,0.0,0.0,paired_orientation_rmse,no,,no
15.0,1,stop_hold_reverse,friction,11,reverse,2000,0.14609029919003638,12.3044281645969,100.0,1.583099212856304,0.0022778793091781696,0.46977887977750205,0.0,0.0,5.751491763641283,4.551491763641284,-0.014043330179065866,-0.008301372575939492,0.0,0.0,,yes,,yes
15.0,1,stop_hold_reverse,online,11,forward,1500,0.17440956421271447,12.58283205918575,100.0,1.351559821203211,0.004069872893288623,0.4392309140031739,0.0,0.0,5.912788519307474,4.712788519307475,-0.009640858775387895,0.043963434547367286,0.0035821605443577542,0.015611376768304819,,yes,,yes
15.0,1,stop_hold_reverse,online,11,stopping,500,0.14000323173452509,12.329497230479213,100.0,1.1894911096799934,0.002693832188985681,0.2913018148933385,0.0,0.0,5.70574531060141,4.5057453106014105,0.02382645664560519,0.020721457114131148,0.0003670673426124371,0.005336719578349025,,yes,,yes
15.0,1,stop_hold_reverse,online,11,hold,750,0.055147096030637104,12.228591819415598,100.0,0.8462316527105515,0.0005362336633069936,0.1703761806169924,0.0,0.0,6.680859539788443,5.480859539788444,0.01962834315734599,-0.09978609945581163,0.003231846218128581,-0.000917618300366907,,yes,,yes
15.0,1,stop_hold_reverse,online,11,reverse_ramp,500,0.15585884772618513,12.302954424222708,100.0,1.0586137722017652,0.0023098601410064677,0.3686682849190459,0.0,0.0,6.72048758602298,5.5204875860229805,0.03825672612566676,0.13685282555298955,-0.0018902601399928276,0.01855278996644999,paired_orientation_rmse,no,,no
15.0,1,stop_hold_reverse,online,11,reverse,2000,0.14626987413056397,12.283282332368358,100.0,0.855617291403184,0.0015394695293934686,0.4732875429367571,0.0,0.0,5.7574764056301415,4.557476405630142,-0.013863755238538278,-0.004792709416684415,0.00017957494052758816,0.0035086631592550765,,yes,,yes
15.0,1,modest_combined,baseline,11,pre_change,1250,0.1271370498270961,12.308808462967445,100.0,8.812702638503469,0.01403481652623844,0.4831520183943405,0.0,0.0,6.350980247252517,5.150980247252518,0.0,0.0,0.00218282494602616,-0.026051886429642068,,yes,,yes
15.0,1,modest_combined,baseline,11,combined_transition,2000,0.4147434058773951,12.392898146490294,100.0,7.715838232134265,0.012461208550778409,0.2568975146637832,0.0,0.0,5.755424657003813,4.5554246570038135,0.0,0.0,-0.018578550548897288,-0.015698321988383,,yes,,yes
15.0,1,modest_combined,baseline,11,combined_post,2000,0.8140061263451771,11.867968899501996,100.0,13.981278406896026,0.01670016377722885,0.44039132556388355,0.0,0.0,5.604047721230359,4.40404772123036,0.0,0.0,0.010975876182923727,0.014121851103029937,,yes,,yes
15.0,1,modest_combined,friction,11,pre_change,1250,0.12495422488106993,12.284762282972377,100.0,2.8662219085755813,0.0037309921813129705,0.5092039048239826,0.0,0.0,6.2837025469802725,5.083702546980273,-0.00218282494602616,0.026051886429642068,0.0,0.0,,yes,,yes
15.0,1,modest_combined,friction,11,combined_transition,2000,0.4333219564262924,12.384755290501424,100.0,1.737987498184541,0.0035776930314569974,0.2725958366521662,0.0,0.0,5.846468704451315,4.6464687044513155,0.018578550548897288,0.015698321988383,0.0,0.0,,yes,,yes
15.0,1,modest_combined,friction,11,combined_post,2000,0.8030302501622534,11.838467880187357,100.0,4.44838912227347,0.005365208257081134,0.4262694744608536,0.0,0.0,5.620280125695685,4.420280125695686,-0.010975876182923727,-0.014121851103029937,0.0,0.0,,yes,,yes
15.0,1,modest_combined,online,11,pre_change,1250,0.12659154270213682,12.326054470739377,100.0,1.7972329659155355,0.004182959647638352,0.5104415093305257,0.0,0.0,6.291427883136855,5.091427883136856,-0.0005455071249592658,0.027289490936185157,0.0016373178210668943,0.0012376045065430885,,yes,,yes
15.0,1,modest_combined,online,11,combined_transition,2000,0.42851827240624685,12.374976260816783,100.0,1.4350661970578291,0.003685117537607361,0.27962162136623897,0.0,0.0,5.834372110118734,4.6343721101187345,0.013774866528851737,0.022724106702455782,-0.004803684020045551,0.00702578471407278,,yes,,yes
15.0,1,modest_combined,online,11,combined_post,2000,0.8020661430764406,11.828149804524852,100.0,3.3183299809868836,0.003994381526470877,0.4311951404836097,0.0,0.0,5.622490524736863,4.4224905247368635,-0.011939983268736465,-0.009196185080273866,-0.0009641070858127376,0.00492566602275607,,yes,,yes
-15,2,stop_hold_reverse,baseline,11,forward,1500,0.20153024592373694,12.421797769933947,100.0,11.827716922875771,0.01806441629113514,0.28363582982885865,0.0,0.0,6.2316422393661615,5.031642239366162,0.0,0.0,-0.009666006151053758,-0.011798280383562232,,yes,,yes
-15,2,stop_hold_reverse,baseline,11,stopping,500,0.15478420764766274,12.203582876748774,100.0,10.318215656648727,0.008175618142568284,0.14109099684277662,0.0,0.0,5.966625683629485,4.766625683629486,0.0,0.0,-0.02945711622197797,-0.021043302072381587,,yes,,yes
-15,2,stop_hold_reverse,baseline,11,hold,750,0.038203875257376604,12.122069047953905,100.0,5.968999103409647,0.003941742502578696,0.14602158359415882,0.0,0.0,6.075108808190129,4.87510880819013,0.0,0.0,-0.008175355707480368,0.05346389333993719,,yes,,yes
-15,2,stop_hold_reverse,baseline,11,reverse_ramp,500,0.09713945381736462,12.110658337554709,100.0,7.111989113513593,0.021398967676987478,0.1058303215070071,0.0,0.0,6.390095096875434,5.190095096875435,0.0,0.0,0.02390669388224434,-0.007666651345933889,,yes,,yes
-15,2,stop_hold_reverse,baseline,11,reverse,2000,0.08181586492946898,12.194409884500926,100.0,11.67840174248354,0.014251577479347553,0.15494390274013556,0.0,0.0,5.732529140348788,4.532529140348789,0.0,0.0,-0.0037582320344511783,-0.012417734009616599,,yes,,yes
-15,2,stop_hold_reverse,friction,11,forward,1500,0.2111962520747907,12.452246012460124,100.0,1.9039278607931944,0.003987431757055224,0.2954341102124209,0.0,0.0,6.263858102451678,5.063858102451679,0.009666006151053758,0.011798280383562232,0.0,0.0,,yes,,yes
-15,2,stop_hold_reverse,friction,11,stopping,500,0.1842413238696407,12.329765069059341,100.0,0.7709500624768274,0.002775690744214075,0.1621342989151582,0.0,0.0,5.77448073974779,4.5744807397477905,0.02945711622197797,0.021043302072381587,0.0,0.0,,yes,,yes
-15,2,stop_hold_reverse,friction,11,hold,750,0.04637923096485697,12.199457987030783,100.0,0.28820228406278514,0.0002454423111567302,0.09255769025422163,0.0,0.0,6.484829214535582,5.284829214535582,0.008175355707480368,-0.05346389333993719,0.0,0.0,,yes,,yes
-15,2,stop_hold_reverse,friction,11,reverse_ramp,500,0.07323275993512028,12.14071572133423,100.0,1.7091996014959572,0.004016271167180802,0.11349697285294098,0.0,0.0,6.555435897394112,5.355435897394113,-0.02390669388224434,0.007666651345933889,0.0,0.0,,yes,,yes
-15,2,stop_hold_reverse,friction,11,reverse,2000,0.08557409696392015,12.178841961012925,100.0,1.5898978777841108,0.002309102030012233,0.16736163674975216,0.0,0.0,5.760539300980955,4.560539300980956,0.0037582320344511783,0.012417734009616599,0.0,0.0,,yes,,yes
-15,2,stop_hold_reverse,online,11,forward,1500,0.21951198285111498,12.466836423333243,100.0,1.4116475912807755,0.004661938251512879,0.3046858788926185,0.0,0.0,6.2570565945616075,5.057056594561608,0.017981736927378034,0.021050049063759846,0.008315730776324276,0.009251768680197614,,yes,,yes
-15,2,stop_hold_reverse,online,11,stopping,500,0.18463484010427428,12.323942406419333,100.0,1.1821539641236434,0.0024980803703601143,0.1664591373738905,0.0,0.0,5.747613534437073,4.547613534437073,0.029850632456611542,0.025368140531113886,0.000393516234633573,0.0043248384587323,,yes,,yes
-15,2,stop_hold_reverse,online,11,hold,750,0.048892356901738626,12.212799418311565,100.0,0.7596828619259937,0.0004864558634718246,0.09241850415278999,0.0,0.0,6.4933873532763595,5.29338735327636,0.010688481644362022,-0.05360307944136883,0.0025131259368816536,-0.00013918610143164034,,yes,,yes
-15,2,stop_hold_reverse,online,11,reverse_ramp,500,0.06896796278050407,12.136835134807223,100.0,1.0850858175336107,0.0026602540294609596,0.12038952883105189,0.0,0.0,6.564957622115948,5.3649576221159485,-0.02817149103686055,0.014559207324044796,-0.0042647971546162095,0.006892555978110906,,yes,,yes
-15,2,stop_hold_reverse,online,11,reverse,2000,0.08647450036395393,12.18355892062104,100.0,0.8813172216233801,0.0014151857907340646,0.17018300886037552,0.0,0.0,5.760257914901324,4.5602579149013245,0.004658635434484956,0.01523910612023996,0.0009004034000337779,0.0028213721106233602,,yes,,yes
-15,2,modest_combined,baseline,11,pre_change,1250,0.281920964835679,12.47425852413562,100.0,8.828571419356582,0.013961831402997976,0.34020725998133916,0.0,0.0,6.371816370049007,5.171816370049008,0.0,0.0,-0.008572338579494354,-0.0168923278639308,,yes,,yes
-15,2,modest_combined,baseline,11,combined_transition,2000,0.43585862357533817,12.34808101810714,100.0,7.627762246015769,0.012470124146278926,0.13696336282018312,0.0,0.0,5.968982629208656,4.768982629208657,0.0,0.0,-0.036740074763454256,0.011182487051728807,,yes,,yes
-15,2,modest_combined,baseline,11,combined_post,2000,0.7754914902539006,11.817197696982566,100.0,13.97375655477512,0.016818822478739746,0.14030429760884414,0.0,0.0,5.682236605117064,4.482236605117064,0.0,0.0,0.019483535521256368,-0.00805667574019095,,yes,,yes
-15,2,modest_combined,friction,11,pre_change,1250,0.2904933034151734,12.475118862681903,100.0,3.0152943792581315,0.003963967001406781,0.35709958784526996,0.0,0.0,6.45492338666023,5.254923386660231,0.008572338579494354,0.0168923278639308,0.0,0.0,,yes,,yes
-15,2,modest_combined,friction,11,combined_transition,2000,0.4725986983387924,12.399144608189337,100.0,1.780964849887073,0.003573700656938443,0.12578087576845431,0.0,0.0,5.830119003193405,4.630119003193406,0.036740074763454256,-0.011182487051728807,0.0,0.0,,yes,,yes
-15,2,modest_combined,friction,11,combined_post,2000,0.7560079547326443,11.796513859700111,100.0,4.426956008674572,0.005409118307137591,0.14836097334903509,0.0,0.0,5.718308920783906,4.518308920783907,-0.019483535521256368,0.00805667574019095,0.0,0.0,,yes,,yes
-15,2,modest_combined,online,11,pre_change,1250,0.2969143682259701,12.471992859719574,100.0,1.8863186706907318,0.004705289382155547,0.3619004982670611,0.0,0.0,6.47438325335305,5.274383253353051,0.014993403390291093,0.02169323828572195,0.006421064810796739,0.004800910421791149,,yes,,yes
-15,2,modest_combined,online,11,combined_transition,2000,0.470176890882859,12.386062569762492,100.0,1.4584395254019813,0.003957014548466395,0.1289891164321426,0.0,0.0,5.830993515969886,4.6309935159698865,0.034318267307520856,-0.007974246388040535,-0.0024218074559334,0.003208240663688272,,yes,,yes
-15,2,modest_combined,online,11,combined_post,2000,0.7536196269540445,11.80068802853364,100.0,3.3221749592510266,0.004084074698140117,0.15043921879133895,0.0,0.0,5.719255947884832,4.519255947884833,-0.02187186329985613,0.010134921182494816,-0.0023883277785997636,0.0020782454423038665,,yes,,yes
0,2,stop_hold_reverse,baseline,11,forward,1500,0.15991481461968265,12.49198392576548,100.0,11.751726223880715,0.018074124347754728,0.22707825899195055,0.0,0.0,6.229073102857605,5.0290731028576054,0.0,0.0,0.0002901664699058448,-0.011432524279582829,,yes,,yes
0,2,stop_hold_reverse,baseline,11,stopping,500,0.10813599134238326,12.236167136114048,100.0,10.440877487386734,0.008101437544466432,0.14838724870586018,0.0,0.0,5.707910523499316,4.507910523499317,0.0,0.0,-0.03165418617353295,-0.011889819353528924,,yes,,yes
0,2,stop_hold_reverse,baseline,11,hold,750,0.030097916308364805,12.093655619910455,100.0,6.0004044804134296,0.003957053828224279,0.13702222336943326,0.0,0.0,5.880734962036425,4.680734962036426,0.0,0.0,-0.010876697901441894,0.05212522295043984,,yes,,yes
0,2,stop_hold_reverse,baseline,11,reverse_ramp,500,0.09643698692636671,12.334095604202332,100.0,7.103521419544163,0.021365949866810563,0.12484014416052275,0.0,0.0,6.296815532773293,5.096815532773293,0.0,0.0,-0.009965351208744436,-0.04361521257650269,,yes,,yes
0,2,stop_hold_reverse,baseline,11,reverse,2000,0.09834395651950685,12.342184627625503,100.0,11.624462304608388,0.014147789366596792,0.1878766044939459,0.0,0.0,5.70998416449188,4.509984164491881,0.0,0.0,0.010887593350720898,0.0016354614646405252,,yes,,yes
0,2,stop_hold_reverse,friction,11,forward,1500,0.1596246481497768,12.35859988156468,100.0,1.8189984793523024,0.0038249399908079017,0.23851078327153338,0.0,0.0,6.1049429083029665,4.904942908302967,-0.0002901664699058448,0.011432524279582829,0.0,0.0,,yes,,yes
0,2,stop_hold_reverse,friction,11,stopping,500,0.13979017751591621,12.355324799364462,100.0,0.8000462549664961,0.002714183978537558,0.1602770680593891,0.0,0.0,5.632960092664036,4.432960092664037,0.03165418617353295,0.011889819353528924,0.0,0.0,,yes,,yes
0,2,stop_hold_reverse,friction,11,hold,750,0.0409746142098067,12.182393755343005,100.0,0.2835944321571548,0.00022026368336883185,0.08489700041899342,0.0,0.0,6.4800410819005165,5.280041081900517,0.010876697901441894,-0.05212522295043984,0.0,0.0,,yes,,yes
0,2,stop_hold_reverse,friction,11,reverse_ramp,500,0.10640233813511114,12.225590315956538,100.0,1.6986926666545896,0.003941320693672236,0.16845535673702544,0.0,0.0,6.533139339504922,5.333139339504923,0.009965351208744436,0.04361521257650269,0.0,0.0,,yes,,yes
0,2,stop_hold_reverse,friction,11,reverse,2000,0.08745636316878595,12.218385848224885,100.0,1.5151093272851526,0.0022409402582257787,0.18624114302930536,0.0,0.0,5.722559375693157,4.522559375693158,-0.010887593350720898,-0.0016354614646405252,0.0,0.0,,yes,,yes
0,2,stop_hold_reverse,online,11,forward,1500,0.15927976461785098,12.364392224158127,100.0,1.3241418381505032,0.004500353554568261,0.2480511609721826,0.0,0.0,6.089131293055949,4.88913129305595,-0.0006350500018316718,0.02097290198023205,-0.000344883531925827,0.009540377700649222,,yes,,yes
0,2,stop_hold_reverse,online,11,stopping,500,0.1397266857430489,12.350075383527402,100.0,1.1831256489901483,0.0025156699015568534,0.16375829318007248,0.0,0.0,5.620284758105724,4.4202847581057245,0.03159069440066563,0.015371044474212309,-6.349177286732455e-05,0.0034812251206833844,,yes,,yes
0,2,stop_hold_reverse,online,11,hold,750,0.04347352034935661,12.190047456257604,100.0,0.8044017834110492,0.0004983717629294146,0.08448471529658333,0.0,0.0,6.498772517247247,5.298772517247247,0.013375604040991803,-0.05253750807284993,0.0024989061395499085,-0.0004122851224100943,,yes,,yes
0,2,stop_hold_reverse,online,11,reverse_ramp,500,0.10268177170956903,12.24929747964708,100.0,1.095584501014511,0.002412456591989527,0.17690106717208842,0.0,0.0,6.550988711913243,5.350988711913244,0.006244784783202326,0.052060923011565674,-0.00372056642554211,0.00844571043506298,,yes,,yes
0,2,stop_hold_reverse,online,11,reverse,2000,0.0876562908464336,12.22069043425431,100.0,0.8365422224491035,0.0014425249973383104,0.18816274455105098,0.0,0.0,5.72590536065557,4.525905360655571,-0.010687665673073249,0.0002861400571050887,0.00019992767764764885,0.001921601521745614,,yes,,yes
0,2,modest_combined,baseline,11,pre_change,1250,0.1754212567971142,12.360295292156255,100.0,8.75587212434396,0.01396965218563541,0.2829403770203886,0.0,0.0,6.521179267360154,5.321179267360154,0.0,0.0,-0.01847437019420381,-0.011868414558503848,,yes,,yes
0,2,modest_combined,baseline,11,combined_transition,2000,0.41435806248328544,12.385338990702694,100.0,7.662119727568417,0.012465735215558903,0.13327583827492473,0.0,0.0,5.748839973855798,4.548839973855799,0.0,0.0,-0.026846130410681956,-0.002738476896745501,,yes,,yes
0,2,modest_combined,baseline,11,combined_post,2000,0.7957677493141461,11.84692222112697,100.0,13.927849047186575,0.01672120795001553,0.16711868779390787,0.0,0.0,5.646591183687599,4.4465911836876,0.0,0.0,0.014267926831278754,0.006030050962384681,,yes,,yes
0,2,modest_combined,friction,11,pre_change,1250,0.19389562699131802,12.341165284955313,100.0,2.9737565728036865,0.0038863575796749413,0.29480879157889245,0.0,0.0,6.440006422072182,5.240006422072183,0.01847437019420381,0.011868414558503848,0.0,0.0,,yes,,yes
0,2,modest_combined,friction,11,combined_transition,2000,0.4412041928939674,12.420589136769458,100.0,1.7860126310908784,0.003562320918547006,0.13601431517167023,0.0,0.0,5.727203352739332,4.527203352739333,0.026846130410681956,0.002738476896745501,0.0,0.0,,yes,,yes
0,2,modest_combined,friction,11,combined_post,2000,0.7814998224828673,11.814936729661548,100.0,4.3761039892050135,0.0053403482843297915,0.1610886368315232,0.0,0.0,5.667975725419787,4.467975725419787,-0.014267926831278754,-0.006030050962384681,0.0,0.0,,yes,,yes
0,2,modest_combined,online,11,pre_change,1250,0.18983106200878663,12.342721984263845,100.0,1.8323268774983965,0.004694701617914419,0.2993870480514187,0.0,0.0,6.450466020734535,5.250466020734535,0.014409805211672427,0.01644667103103009,-0.004064564982531382,0.004578256472526243,,yes,,yes
0,2,modest_combined,online,11,combined_transition,2000,0.43632785573028093,12.411260684464514,100.0,1.4634932329716923,0.0038206437335482017,0.14097955480336855,0.0,0.0,5.720920252844889,4.520920252844889,0.021969793246995495,0.007703716528443816,-0.004876337163686462,0.004965239631698315,,yes,,yes
0,2,modest_combined,online,11,combined_post,2000,0.7805004421622224,11.803593748796484,100.0,3.2549953184760527,0.00399069077431928,0.1629731058354814,0.0,0.0,5.669332928335114,4.469332928335115,-0.015267307151923704,-0.004145581958426459,-0.0009993803206449492,0.0018844690039582224,,yes,,yes
15.0,2,stop_hold_reverse,baseline,11,forward,1500,0.19365702672029392,12.610178365977276,100.0,11.796661927594593,0.01830682856291726,0.21600297575322608,0.0,0.0,6.012409038024163,4.812409038024164,0.0,0.0,0.018271586355308345,-0.011870810388361908,,yes,,yes
15.0,2,stop_hold_reverse,baseline,11,stopping,500,0.12697777072781524,12.283299785320384,100.0,10.529845044458474,0.008177227510681105,0.16456603136420847,0.0,0.0,5.659405473782462,4.459405473782462,0.0,0.0,-0.017534055428291034,-0.0054093190369142174,,yes,,yes
15.0,2,stop_hold_reverse,baseline,11,hold,750,0.024195501629709206,12.073000550723386,100.0,6.002542895557642,0.003942851494307811,0.12962390497465318,0.0,0.0,5.8854048893596485,4.685404889359649,0.0,0.0,-0.010950627176191465,0.050608673877960544,,yes,,yes
15.0,2,stop_hold_reverse,baseline,11,reverse_ramp,500,0.15078979839255316,12.504636200080961,100.0,7.122295673309217,0.0214695029260707,0.14740016524380917,0.0,0.0,6.392417071170185,5.192417071170186,0.0,0.0,-0.02471483304232422,-0.07822338386937147,,yes,,yes
15.0,2,stop_hold_reverse,baseline,11,reverse,2000,0.15516152885895979,12.516265734792759,100.0,11.675968477342403,0.014145781724217663,0.2530376303557791,0.0,0.0,5.725861862637885,4.5258618626378855,0.0,0.0,0.016525852872076696,0.010820870887825629,,yes,,yes
15.0,2,stop_hold_reverse,friction,11,forward,1500,0.17538544036498557,12.59271787116115,100.0,1.9248290532662982,0.004122500386278317,0.227873786141588,0.0,0.0,5.9248626491129945,4.724862649112995,-0.018271586355308345,0.011870810388361908,0.0,0.0,,yes,,yes
15.0,2,stop_hold_reverse,friction,11,stopping,500,0.14451182615610628,12.362478757199094,100.0,0.8653440011548447,0.0028652250509194196,0.1699753504011227,0.0,0.0,5.681952959454296,4.481952959454297,0.017534055428291034,0.0054093190369142174,0.0,0.0,,yes,,yes
15.0,2,stop_hold_reverse,friction,11,hold,750,0.03514612880590067,12.157343415274124,100.0,0.31562923985545444,0.00023801916012593146,0.07901523109669263,0.0,0.0,6.661282126499477,5.461282126499477,0.010950627176191465,-0.050608673877960544,0.0,0.0,,yes,,yes
15.0,2,stop_hold_reverse,friction,11,reverse_ramp,500,0.17550463143487738,12.342182741127962,100.0,1.7611690132918285,0.004051804820105234,0.22562354911318064,0.0,0.0,6.695477748224305,5.495477748224306,0.02471483304232422,0.07822338386937147,0.0,0.0,,yes,,yes
15.0,2,stop_hold_reverse,friction,11,reverse,2000,0.1386356759868831,12.283829916021649,100.0,1.5828827159969339,0.0023201706603292716,0.24221675946795346,0.0,0.0,5.755089436127969,4.55508943612797,-0.016525852872076696,-0.010820870887825629,0.0,0.0,,yes,,yes
15.0,2,stop_hold_reverse,online,11,forward,1500,0.18300240246482596,12.645922649901271,100.0,1.4053053618682358,0.00457190710272814,0.23884480324160753,0.0,0.0,5.913465941177357,4.713465941177358,-0.010654624255467954,0.022841827488381455,0.007616962099840391,0.010971017100019548,,yes,,yes
15.0,2,stop_hold_reverse,online,11,stopping,500,0.14530470705840798,12.362112867883878,100.0,1.2643472224206442,0.0028606515029820164,0.17360173717208957,0.0,0.0,5.6825898537643855,4.482589853764386,0.018326936330592736,0.0090357058078811,0.0007928809023017014,0.003626386770966883,,yes,,yes
15.0,2,stop_hold_reverse,online,11,hold,750,0.03730294537555566,12.159256158333902,100.0,0.9026514262925702,0.0005611288179092006,0.07844357248638957,0.0,0.0,6.702634855712356,5.5026348557123566,0.013107443745846454,-0.051180332488263605,0.0021568165696549887,-0.0005716586103030608,,yes,,yes
15.0,2,stop_hold_reverse,online,11,reverse_ramp,500,0.1708760982988982,12.328823254403844,100.0,1.1762729422282598,0.002343104566301082,0.23463321807238627,0.0,0.0,6.723199018514851,5.523199018514852,0.02008629990634503,0.0872330528285771,-0.00462853313597919,0.00900966895920563,,yes,,yes
15.0,2,stop_hold_reverse,online,11,reverse,2000,0.13929450272419466,12.277069054928832,100.0,0.8730746387403394,0.0016075824513910313,0.24363374933189366,0.0,0.0,5.7611409082714555,4.561140908271456,-0.015867026134765122,-0.009403881023885424,0.0006588267373115742,0.0014169898639402045,,yes,,yes
15.0,2,modest_combined,baseline,11,pre_change,1250,0.13255612133545483,12.362397227943525,100.0,8.819965091370358,0.014336207234004954,0.2618783431634393,0.0,0.0,6.357255190696571,5.157255190696572,0.0,0.0,0.013928785746103026,-0.006630853253587254,,yes,,yes
15.0,2,modest_combined,baseline,11,combined_transition,2000,0.40839362858012945,12.416361898505057,100.0,7.704761131158896,0.012529080585381608,0.14006820440415338,0.0,0.0,5.73942717119084,4.539427171190841,0.0,0.0,-0.01786945077022012,-0.01776573999962633,,yes,,yes
15.0,2,modest_combined,baseline,11,combined_post,2000,0.8188830063178099,11.867823075275703,100.0,13.981013847568622,0.01672189845988296,0.23438502197305808,0.0,0.0,5.613856549297939,4.41385654929794,0.0,0.0,0.011084012370779273,0.014149515903689486,,yes,,yes
15.0,2,modest_combined,friction,11,pre_change,1250,0.1186273355893518,12.311859742775027,100.0,2.8881910032849825,0.0038836883208843887,0.26850919641702653,0.0,0.0,6.289491024747447,5.089491024747447,-0.013928785746103026,0.006630853253587254,0.0,0.0,,yes,,yes
15.0,2,modest_combined,friction,11,combined_transition,2000,0.42626307935034957,12.419569447241052,100.0,1.8085080809456093,0.003658811483049097,0.1578339444037797,0.0,0.0,5.823681262857267,4.623681262857268,0.01786945077022012,0.01776573999962633,0.0,0.0,,yes,,yes
15.0,2,modest_combined,friction,11,combined_post,2000,0.8077989939470306,11.840271114062555,100.0,4.439310243978921,0.005375983732584767,0.2202355060693686,0.0,0.0,5.625244037604416,4.425244037604417,-0.011084012370779273,-0.014149515903689486,0.0,0.0,,yes,,yes
15.0,2,modest_combined,online,11,pre_change,1250,0.1269813956594235,12.392822501454319,100.0,1.842969399870054,0.004601884439730565,0.2752549848990579,0.0,0.0,6.296985238953306,5.096985238953307,-0.005574725676031317,0.013376641735618644,0.008354060070071709,0.00674578848203139,,yes,,yes
15.0,2,modest_combined,online,11,combined_transition,2000,0.42113224592776627,12.40980254439753,100.0,1.5044619157944348,0.0037815485036240787,0.16371063704022176,0.0,0.0,5.8125816874236875,4.612581687423688,0.012738617347636816,0.023642432636068383,-0.005130833422583303,0.005876692636442055,,yes,,yes
15.0,2,modest_combined,online,11,combined_post,2000,0.8070796010845682,11.83050539832796,100.0,3.308639070527286,0.00402270694634556,0.2220417901636022,0.0,0.0,5.627361165023302,4.427361165023303,-0.011803405233241637,-0.012343231809455874,-0.0007193928624623647,0.0018062840942336122,,yes,,yes
