case,simulation_seed,arm,phase,sample_count,force_rmse_n,peak_force_n,contact_ratio_pct,tangent_rmse_mm,tangent_velocity_error_rms_m_s,orientation_rmse_deg,saturation_pct,paired_baseline_force_rmse_increase_n,paired_baseline_orientation_rmse_increase_deg,paired_friction_force_rmse_increase_n,paired_friction_orientation_rmse_increase_deg,failed_gates,all_gates_pass
static_nominal,11,baseline,steady,5250,0.11525211652977149,12.606747066028133,100.0,11.715392263612149,0.01596870114529809,0.32444385607655957,0.0,0.0,0.0,0.0047841108879879135,-0.029810406704665338,,yes
static_nominal,11,integral,steady,5250,0.12338791258932834,12.606469062135506,100.0,8.10797632155431,0.012864087706653204,0.42150404215539994,0.0,0.008135796059556846,0.09706018607884037,0.01291990694754476,0.06724977937417503,,yes
static_nominal,11,friction,steady,5250,0.11046800564178358,12.554738611468027,100.0,1.705174222854305,0.002721998859302423,0.3542542627812249,0.0,-0.0047841108879879135,0.029810406704665338,0.0,0.0,,yes
static_nominal,11,online,steady,5250,0.11212204460088371,12.582832059185753,100.0,1.0620231601766827,0.00241161142571995,0.3635338925833311,0.0,-0.0031300719288877843,0.03909003650677151,0.0016540389591001292,0.00927962980210617,,yes
static_nominal,29,baseline,steady,5250,0.10996301091194309,12.556044620520087,100.0,11.705739374078753,0.015966644518958,0.324667340718148,0.0,0.0,0.0,0.004735977904786595,-0.02982388235989386,,yes
static_nominal,29,integral,steady,5250,0.11889465779661966,12.620883356673472,100.0,8.096124394850802,0.012876055194038383,0.4217069731430992,0.0,0.00893164688467657,0.09703963242495117,0.013667624789463165,0.06721575006505731,,yes
static_nominal,29,friction,steady,5250,0.1052270330071565,12.525623217192832,100.0,1.6911089825465193,0.00273874665017497,0.3544912230780419,0.0,-0.004735977904786595,0.02982388235989386,0.0,0.0,,yes
static_nominal,29,online,steady,5250,0.10703474407338961,12.56064454447647,100.0,1.055169398211605,0.0024379360506181294,0.36378316803405053,0.0,-0.0029282668385534755,0.03911582731590252,0.0018077110662331197,0.009291944956008658,,yes
static_low_friction,11,baseline,steady,5250,0.11193447972816334,12.561014019466914,100.0,7.503573691169135,0.010282293758643925,0.43264147721256446,0.0,0.0,0.0,0.011730472071279946,-0.035405278579013544,,yes
static_low_friction,11,integral,steady,5250,0.11658407857064527,12.593103702175455,100.0,5.044188963164194,0.008260496344228156,0.49601658841421986,0.0,0.004649598842481936,0.0633751112016554,0.016380070913761882,0.027969832622641855,,yes
static_low_friction,11,friction,steady,5250,0.10020400765688339,12.503555354506942,100.0,3.8752664477222543,0.0050448784056052595,0.468046755791578,0.0,-0.011730472071279946,0.035405278579013544,0.0,0.0,,yes
static_low_friction,11,online,steady,5250,0.10208889334096878,12.58739635940197,100.0,1.1320457249447955,0.0024281440446469733,0.4541587133067125,0.0,-0.009845586387194558,0.021517236094148018,0.0018848856840853884,-0.013888042484865526,,yes
static_low_friction,29,baseline,steady,5250,0.10697253185593084,12.544634626686316,100.0,7.499377563881965,0.010298740858550353,0.4328324208684761,0.0,0.0,0.0,0.011616576449739971,-0.03536495389555072,,yes
static_low_friction,29,integral,steady,5250,0.11215960430196127,12.57812807926011,100.0,5.037050984618232,0.008298542209799477,0.496183835396793,0.0,0.005187072446030436,0.06335141452831689,0.016803648895770407,0.027986460632766164,,yes
static_low_friction,29,friction,steady,5250,0.09535595540619086,12.45450921953062,100.0,3.8775976123874862,0.005052489996680365,0.46819737476402684,0.0,-0.011616576449739971,0.03536495389555072,0.0,0.0,,yes
static_low_friction,29,online,steady,5250,0.0974372311908678,12.551482201511284,100.0,1.1282545240195412,0.0024196170445944564,0.454263396502179,0.0,-0.009535300665063029,0.021430975633702887,0.002081275784676942,-0.013933978261847835,,yes
static_high_friction,11,baseline,steady,5250,0.118258210506352,12.60724237149394,100.0,15.590050262703471,0.020987754031491224,0.285700465453699,0.0,0.0,0.0,-0.0007473035532810646,-0.017312925281642355,,yes
static_high_friction,11,integral,steady,5250,0.12720085981952406,12.66254482001022,100.0,10.052197834598214,0.01582877709715842,0.359369486762632,0.0,0.008942649313172055,0.07366902130893299,0.00819534575989099,0.056356096027290636,,yes
static_high_friction,11,friction,steady,5250,0.11900551405963307,12.606594834922012,100.0,6.484078284705312,0.00904412719605032,0.30301339073534134,0.0,0.0007473035532810646,0.017312925281642355,0.0,0.0,,yes
static_high_friction,11,online,steady,5250,0.11945993406492281,12.609620655211177,100.0,5.363460222774136,0.007636633575442594,0.30750664763559016,0.0,0.0012017235585708025,0.021806182181891176,0.0004544200052897379,0.004493256900248821,,yes
static_high_friction,29,baseline,steady,5250,0.11281363256449169,12.58515513317033,100.0,15.576061445729918,0.020977128443969182,0.28561515133631044,0.0,0.0,0.0,-0.00046265653006780094,-0.017375935615287275,,yes
static_high_friction,29,integral,steady,5250,0.12254609111795255,12.656102273900007,100.0,10.045394078383787,0.015838357995430572,0.3596014180950098,0.0,0.00973245855346086,0.07398626675869935,0.009269802023393059,0.056610331143412074,,yes
static_high_friction,29,friction,steady,5250,0.11327628909455949,12.554624486266821,100.0,6.4655146889934665,0.00903706619506495,0.3029910869515977,0.0,0.00046265653006780094,0.017375935615287275,0.0,0.0,,yes
static_high_friction,29,online,steady,5250,0.11402257822949877,12.568099478370858,100.0,5.343779684113037,0.007630694693171419,0.30748629989503456,0.0,0.0012089456650070801,0.02187114855872413,0.0007462891349392792,0.004495212943436855,,yes
friction_step_up,11,baseline,pre_step,2250,0.15252241877519598,12.561014019466914,100.0,7.583444849922786,0.0113897680653883,0.462353946712296,0.0,0.0,0.0,0.02274376182043611,-0.03539526594405723,,yes
friction_step_up,11,baseline,post_step,3000,0.1537352013165376,12.473830563429766,100.0,15.542826901674374,0.02051085221607708,0.2716260621757301,0.0,0.0,0.0,0.009100236130770128,-0.01755893153439292,,yes
friction_step_up,11,integral,pre_step,2250,0.15718620505686362,12.593103702175455,100.0,5.169042567708924,0.010170895555106186,0.5302162721075029,0.0,0.004663786281667637,0.06786232539520687,0.027407548102103746,0.03246705945114964,,yes
friction_step_up,11,integral,post_step,3000,0.15680769626029165,12.58963471975792,100.0,9.79389038759563,0.01493731326271465,0.333725582798595,0.0,0.003072494943754056,0.06209952062286489,0.012172731074524185,0.04454058908847197,,yes
friction_step_up,11,friction,pre_step,2250,0.12977865695475987,12.503555354506942,100.0,3.82402457420576,0.005300899036029571,0.49774921265635325,0.0,-0.02274376182043611,0.03539526594405723,0.0,0.0,,yes
friction_step_up,11,friction,post_step,3000,0.14463496518576746,12.400989260827943,100.0,6.38823938840725,0.011301536868398798,0.289184993710123,0.0,-0.009100236130770128,0.01755893153439292,0.0,0.0,,yes
friction_step_up,11,online,pre_step,2250,0.13479611697915564,12.58739635940197,100.0,1.3845117135531146,0.00343255840752577,0.4854078405788599,0.0,-0.017726301796040345,0.023053893866563868,0.0050174600243957646,-0.012341372077493362,,yes
friction_step_up,11,online,post_step,3000,0.15059234123425305,12.42403261618315,100.0,5.551224527880217,0.010561208593140782,0.29357800134095774,0.0,-0.0031428600822845376,0.02195193916522764,0.005957376048485591,0.004393007630834722,,yes
friction_step_up,29,baseline,pre_step,2250,0.1445843475189367,12.544634626686316,100.0,7.582850956633418,0.011435981435120935,0.46253073920149673,0.0,0.0,0.0,0.022567393975186048,-0.03525748143955948,,yes
friction_step_up,29,baseline,post_step,3000,0.15320547304195503,12.505128252261324,100.0,15.527961495625487,0.02048826111327922,0.27156457082172364,0.0,0.0,0.0,0.009888993061987733,-0.017578702091799292,,yes
friction_step_up,29,integral,pre_step,2250,0.1502500879411716,12.57812807926011,100.0,5.164645080537163,0.01024368059092359,0.5303964723013478,0.0,0.005665740422234888,0.06786573309985106,0.028233134397420936,0.032608251660291576,,yes
friction_step_up,29,integral,post_step,3000,0.15618185392950318,12.633873429656266,100.0,9.784438516300305,0.014941214980672007,0.3339811965932342,0.0,0.0029763808875481468,0.06241662577151058,0.01286537394953588,0.04483792367971129,,yes
friction_step_up,29,friction,pre_step,2250,0.12201695354375065,12.45450921953062,100.0,3.8230593552891414,0.005305358227990441,0.4977882206410562,0.0,-0.022567393975186048,0.03525748143955948,0.0,0.0,,yes
friction_step_up,29,friction,post_step,3000,0.1433164799799673,12.449741763125159,100.0,6.367722114783573,0.011264769760604476,0.28914327291352293,0.0,-0.009888993061987733,0.017578702091799292,0.0,0.0,,yes
friction_step_up,29,online,pre_step,2250,0.12745580110591367,12.551482201511284,100.0,1.3821931765544744,0.003419196860637164,0.4853891459516333,0.0,-0.017128546413023027,0.022858406750136562,0.005438847562163021,-0.012399074689422918,,yes
friction_step_up,29,online,post_step,3000,0.1486008476157697,12.43872100350597,100.0,5.501181678142632,0.010391478727806689,0.2930198996957055,0.0,-0.004604625426185338,0.021455328873981883,0.005284367635802395,0.0038766267821825906,,yes
friction_step_down,11,baseline,pre_step,2250,0.15855622962166044,12.60724237149394,100.0,15.539762727019674,0.02261327020209479,0.31174059860277,0.0,0.0,0.0,-0.0005153304503760225,-0.017913501166328116,,yes
friction_step_down,11,baseline,post_step,3000,0.1716666727424634,14.475732473913023,100.0,7.637996201481078,0.012775504815622597,0.41017614060483587,0.0,0.0,0.0,0.0066893691373496045,-0.03738298450942046,,yes
friction_step_down,11,integral,pre_step,2250,0.16820613523119843,12.66254482001022,100.0,10.181181445310733,0.018997434368293976,0.39832799300726957,0.0,0.00964990560953799,0.08658739440449958,0.009134575159161967,0.06867389323817147,,yes
friction_step_down,11,integral,post_step,3000,0.17189889276015385,14.497953884757125,100.0,5.666023656860291,0.012415448052160124,0.47646089048620455,0.0,0.0002322200176904654,0.06628474988136868,0.00692158915504007,0.028901765371948218,,yes
friction_step_down,11,friction,pre_step,2250,0.15907156007203646,12.606594834922012,100.0,6.558198493911401,0.010059154583333776,0.3296540997690981,0.0,0.0005153304503760225,0.017913501166328116,0.0,0.0,,yes
friction_step_down,11,friction,post_step,3000,0.16497730360511378,14.37774908299421,100.0,3.9528511398471333,0.009816617158848413,0.44755912511425633,0.0,-0.0066893691373496045,0.03738298450942046,0.0,0.0,,yes
friction_step_down,11,online,pre_step,2250,0.16037137664915704,12.609620655211177,100.0,5.497982921072556,0.008690611292531427,0.3356754349141253,0.0,0.0018151470274966053,0.023934836311355345,0.0012998165771205827,0.006021335145027229,,yes
friction_step_down,11,online,post_step,3000,0.15845738202780646,14.268757732198477,100.0,1.7205673778543251,0.008722406108226131,0.43001056014795197,0.0,-0.01320929071465693,0.0198344195431161,-0.006519921577307325,-0.01754856496630436,,yes
friction_step_down,29,baseline,pre_step,2250,0.14933484360759056,12.58515513317033,100.0,15.525713320357333,0.022616088248366327,0.3115873213442336,0.0,0.0,0.0,-0.0007291038967245367,-0.017975329225257686,,yes
friction_step_down,29,baseline,post_step,3000,0.17148535442883747,14.462511809794375,100.0,7.632817212185842,0.012776313041010746,0.4104004535686808,0.0,0.0,0.0,0.006911652416257991,-0.03742839455904079,,yes
friction_step_down,29,integral,pre_step,2250,0.16080168119387162,12.656102273900007,100.0,10.176631919269978,0.01901956926600831,0.3985748530862577,0.0,0.011466837586281059,0.08698753174202406,0.010737733689556522,0.06901220251676637,,yes
friction_step_down,29,integral,post_step,3000,0.17101202708728,14.495512400142333,100.0,5.6597155833941475,0.012415552498957535,0.4766106671611354,0.0,-0.00047332734155747236,0.0662102135924546,0.006438325074700518,0.028781819033413814,,yes
friction_step_down,29,friction,pre_step,2250,0.1500639475043151,12.554624486266821,100.0,6.53880677758295,0.010075257161343507,0.3295626505694913,0.0,0.0007291038967245367,0.017975329225257686,0.0,0.0,,yes
friction_step_down,29,friction,post_step,3000,0.16457370201257948,14.380337518751345,100.0,3.960752753025208,0.00983906143142788,0.4478288481277216,0.0,-0.006911652416257991,0.03742839455904079,0.0,0.0,,yes
friction_step_down,29,online,pre_step,2250,0.15180151744952308,12.568099478370858,100.0,5.477374195028472,0.008707939030749672,0.33563097321896995,0.0,0.0024666738419325263,0.024043651874736338,0.0017375699452079896,0.006068322649478652,,yes
friction_step_down,29,online,post_step,3000,0.15773904157599786,14.251045910426502,100.0,1.7227619273077985,0.008712705169120255,0.43018694048773437,0.0,-0.013746312852839615,0.019786486919053548,-0.006834660436581624,-0.017641907639987242,,yes
friction_ramp_up,11,baseline,pre_ramp,1250,0.1948284330481832,12.561014019466914,100.0,7.758957186656988,0.01250584675013329,0.5129156447939904,0.0,0.0,0.0,0.03319317075236572,-0.027404646723412474,,yes
friction_ramp_up,11,baseline,ramp,2000,0.06501464466837664,12.175590041548286,100.0,11.656146854896004,0.014365130135013318,0.29151430999567934,0.0,0.0,0.0,-0.0005575555696313156,-0.03594644267551245,,yes
friction_ramp_up,11,baseline,post_ramp,2000,0.08037954882306667,12.209227110700136,100.0,15.641085815982937,0.0199825653884018,0.25613270770412744,0.0,0.0,0.0,-0.0026360213504551533,-0.015192940111425135,,yes
friction_ramp_up,11,integral,pre_ramp,1250,0.20109201096729665,12.593103702175455,100.0,5.338115725332809,0.012308548716575536,0.5794454423929033,0.0,0.006263577919113444,0.06652979759891287,0.039456748671479164,0.03912515087550039,,yes
friction_ramp_up,11,integral,ramp,2000,0.06616273598221256,12.172441474887371,100.0,7.3228543767997545,0.009185918831657477,0.37031080298271757,0.0,0.0011480913138359194,0.07879649298703822,0.0005905357442046039,0.04285005031152578,,yes
friction_ramp_up,11,integral,post_ramp,2000,0.09169844100086903,12.177101413073823,100.0,10.092899942888844,0.013263639188167194,0.32916197703303374,0.0,0.011318892177802367,0.0730292693289063,0.008682870827347214,0.057836329217481164,,yes
friction_ramp_up,11,friction,pre_ramp,1250,0.16163526229581748,12.503555354506942,100.0,3.6632435028460395,0.00518849338671325,0.5403202915174029,0.0,-0.03319317075236572,0.027404646723412474,0.0,0.0,,yes
friction_ramp_up,11,friction,ramp,2000,0.06557220023800796,12.171123173727079,100.0,3.3328774085168926,0.003969768008807997,0.3274607526711918,0.0,0.0005575555696313156,0.03594644267551245,0.0,0.0,,yes
friction_ramp_up,11,friction,post_ramp,2000,0.08301557017352182,12.18750834948022,100.0,6.443117446566391,0.008216811210039412,0.2713256478155526,0.0,0.0026360213504551533,0.015192940111425135,0.0,0.0,,yes
friction_ramp_up,11,online,pre_ramp,1250,0.16984567496251884,12.58739635940197,100.0,1.6632183568536563,0.00447311978325873,0.5338908399891751,0.0,-0.02498275808566436,0.020975195195184648,0.008210412666701361,-0.006429451528227825,,yes
friction_ramp_up,11,online,ramp,2000,0.06390484115265165,12.171537560176493,100.0,2.3602443789807985,0.003054799082445365,0.3285234936128954,0.0,-0.001109803515724997,0.03700918361721606,-0.0016673590853563125,0.0010627409417036104,,yes
friction_ramp_up,11,online,post_ramp,2000,0.08273977417917683,12.18347889050115,100.0,5.259125335169468,0.006708768365345625,0.27438089022376844,0.0,0.0023602253561101627,0.018248182519641,-0.0002757959943449906,0.0030552424082158636,,yes
friction_ramp_up,29,baseline,pre_ramp,1250,0.18399352257333382,12.544634626686316,100.0,7.753422440511518,0.012567515953461788,0.5130455443827491,0.0,0.0,0.0,0.03168803385317445,-0.027276865834086395,,yes
friction_ramp_up,29,baseline,ramp,2000,0.05884924931487173,12.158707939717917,100.0,11.653711375542,0.014371587763679113,0.29168804376760027,0.0,0.0,0.0,0.0018124953024357196,-0.035912664570479036,,yes
friction_ramp_up,29,baseline,post_ramp,2000,0.08376696635073086,12.17643075789777,100.0,15.623823325687196,0.019953333838901223,0.2562311272275286,0.0,0.0,0.0,-0.0010333046885693115,-0.015252012403538795,,yes
friction_ramp_up,29,integral,pre_ramp,1250,0.1921542322254253,12.57812807926011,100.0,5.337853089177182,0.01241983022223117,0.5796567358799708,0.0,0.00816070965209148,0.06661119149722172,0.03984874350526593,0.03933432566313533,,yes
friction_ramp_up,29,integral,ramp,2000,0.05871345240839197,12.147467163197405,100.0,7.316262181686115,0.009200766858338703,0.37045006659616725,0.0,-0.00013579690647975984,0.07876202282856698,0.0016766983959559598,0.042849358258087944,,yes
friction_ramp_up,29,integral,post_ramp,2000,0.09434126356074798,12.17763685568848,100.0,10.081570074454367,0.013243405805993013,0.3295228818440137,0.0,0.010574297210017125,0.07329175461648507,0.009540992521447814,0.05803974221294628,,yes
friction_ramp_up,29,friction,pre_ramp,1250,0.15230548872015937,12.45450921953062,100.0,3.6732297783922787,0.005218632581502759,0.5403224102168355,0.0,-0.03168803385317445,0.027276865834086395,0.0,0.0,,yes
friction_ramp_up,29,friction,ramp,2000,0.05703675401243601,12.154535328749468,100.0,3.323086793434569,0.003960618367147287,0.3276007083380793,0.0,-0.0018124953024357196,0.035912664570479036,0.0,0.0,,yes
friction_ramp_up,29,friction,post_ramp,2000,0.08480027103930017,12.181246479511294,100.0,6.420979793434792,0.008183347843073369,0.2714831396310674,0.0,0.0010333046885693115,0.015252012403538795,0.0,0.0,,yes
friction_ramp_up,29,online,pre_ramp,1250,0.16070848766252532,12.551482201511284,100.0,1.6681858751815908,0.0044581222140059025,0.5337562520684332,0.0,-0.023285034910808494,0.02071070768568417,0.008402998942365958,-0.0065661581484022236,,yes
friction_ramp_up,29,online,ramp,2000,0.05647377151351217,12.15366344626761,100.0,2.356828027386599,0.0030636676785389593,0.328681275759129,0.0,-0.002375477801359563,0.03699323199152871,-0.0005629824989238433,0.0010805674210496719,,yes
friction_ramp_up,29,online,post_ramp,2000,0.0842855645719128,12.178186140496429,100.0,5.236191129557067,0.00667434093813156,0.27449958890968984,0.0,0.0005185982211819429,0.01826846168216123,-0.0005147064673873686,0.003016449278622435,,yes
stop_hold_reverse,11,baseline,forward,1500,0.18405042298810237,12.606747066028133,100.0,11.801780095865698,0.01811649927016314,0.3952674794558066,0.0,0.0,0.0,0.01322301931974565,-0.028352057779062467,,yes
stop_hold_reverse,11,baseline,stopping,500,0.1161767750889199,12.2534705247211,100.0,10.571421349395912,0.008202356899292971,0.27058035777920736,0.0,0.0,0.0,-0.023459389302992753,-0.015384737535782123,,yes
stop_hold_reverse,11,baseline,hold,750,0.035518752873291114,12.120784920256392,100.0,6.025338770114624,0.003957266109875681,0.270162280072804,0.0,0.0,0.0,-0.01639649693921741,0.09886848115544472,,yes
stop_hold_reverse,11,baseline,reverse_ramp,500,0.11760212160051838,12.433036613789406,100.0,7.053310820307321,0.021302737769676977,0.23181545936605635,0.0,0.0,0.0,-0.04014698626565959,-0.11830003558653956,,yes
stop_hold_reverse,11,baseline,reverse,2000,0.16013362936910225,12.4692089615187,100.0,11.675552886500386,0.014116525204220524,0.47808025235344154,0.0,0.0,0.0,0.014043330179065866,0.008301372575939492,,yes
stop_hold_reverse,11,integral,forward,1500,0.19369471748361097,12.606469062135474,100.0,8.148348516701637,0.017209781019532036,0.4958646226108299,0.0,0.009644294495508604,0.10059714315502333,0.022867313815254253,0.07224508537596086,paired_orientation_rmse,no
stop_hold_reverse,11,integral,stopping,500,0.12092128291166315,12.274786456950116,100.0,6.289635827881572,0.007776110222647359,0.30444442600593835,0.0,0.0047445078227432574,0.03386406822673099,-0.018714881480249496,0.01847933069094887,,yes
stop_hold_reverse,11,integral,hold,750,0.05383251125201919,12.162325701655002,100.0,4.408787382031241,0.005065461428112773,0.30742570164463856,0.0,0.018313758378728076,0.03726342157183454,0.0019172614395106674,0.13613190272727926,,yes
stop_hold_reverse,11,integral,reverse_ramp,500,0.1787176276607734,12.413350444042411,100.0,7.196515251629532,0.01302081494602697,0.4127016511844607,0.0,0.06111550606025502,0.18088619181840437,0.020968519794595436,0.06258615623186481,paired_orientation_rmse,no
stop_hold_reverse,11,integral,reverse,2000,0.16576304051619623,12.37056656818862,100.0,7.325223299355527,0.01109211293461461,0.5675449618470505,0.0,0.005629411147093977,0.08946470949360896,0.019672741326159843,0.09776608206954845,,yes
stop_hold_reverse,11,friction,forward,1500,0.17082740366835672,12.554738611470729,100.0,1.911920923514814,0.0037951026355943634,0.42361953723486906,0.0,-0.01322301931974565,0.028352057779062467,0.0,0.0,,yes
stop_hold_reverse,11,friction,stopping,500,0.13963616439191265,12.331185004453909,100.0,0.8487615661543301,0.0026944853555603107,0.2859650953149895,0.0,0.023459389302992753,0.015384737535782123,0.0,0.0,,yes
stop_hold_reverse,11,friction,hold,750,0.05191524981250852,12.224904909022026,100.0,0.24209471272389463,0.00021027712478302105,0.1712937989173593,0.0,0.01639649693921741,-0.09886848115544472,0.0,0.0,,yes
stop_hold_reverse,11,friction,reverse_ramp,500,0.15774910786617796,12.318716488789892,100.0,1.6684719505452745,0.004009245005392013,0.3501154949525959,0.0,0.04014698626565959,0.11830003558653956,0.0,0.0,paired_orientation_rmse,no
stop_hold_reverse,11,friction,reverse,2000,0.14609029919003638,12.3044281645969,100.0,1.583099212856304,0.0022778793091781696,0.46977887977750205,0.0,-0.014043330179065866,-0.008301372575939492,0.0,0.0,,yes
stop_hold_reverse,11,online,forward,1500,0.17440956421271447,12.58283205918575,100.0,1.351559821203211,0.004069872893288623,0.4392309140031739,0.0,-0.009640858775387895,0.043963434547367286,0.0035821605443577542,0.015611376768304819,,yes
stop_hold_reverse,11,online,stopping,500,0.14000323173452509,12.329497230479213,100.0,1.1894911096799934,0.002693832188985681,0.2913018148933385,0.0,0.02382645664560519,0.020721457114131148,0.0003670673426124371,0.005336719578349025,,yes
stop_hold_reverse,11,online,hold,750,0.055147096030637104,12.228591819415598,100.0,0.8462316527105515,0.0005362336633069936,0.1703761806169924,0.0,0.01962834315734599,-0.09978609945581163,0.003231846218128581,-0.000917618300366907,,yes
stop_hold_reverse,11,online,reverse_ramp,500,0.15585884772618513,12.302954424222708,100.0,1.0586137722017652,0.0023098601410064677,0.3686682849190459,0.0,0.03825672612566676,0.13685282555298955,-0.0018902601399928276,0.01855278996644999,paired_orientation_rmse,no
stop_hold_reverse,11,online,reverse,2000,0.14626987413056397,12.283282332368358,100.0,0.855617291403184,0.0015394695293934686,0.4732875429367571,0.0,-0.013863755238538278,-0.004792709416684415,0.00017957494052758816,0.0035086631592550765,,yes
stop_hold_reverse,29,baseline,forward,1500,0.17551414175157976,12.55604462051538,100.0,11.791575884976588,0.018132706926430788,0.39560751842152275,0.0,0.0,0.0,0.011934745053198886,-0.028274806454046342,,yes
stop_hold_reverse,29,baseline,stopping,500,0.10488220668717126,12.26851738861537,100.0,10.566159441880053,0.00819597085988156,0.27049067552453215,0.0,0.0,0.0,-0.02415968635073827,-0.015279340212593362,,yes
stop_hold_reverse,29,baseline,hold,750,0.025906879875731863,12.114024662742231,100.0,6.037451889367979,0.003967192783934455,0.27016120553452927,0.0,0.0,0.0,-0.019015568984604977,0.09946214255158661,,yes
stop_hold_reverse,29,baseline,reverse_ramp,500,0.11649042666559598,12.415923210955452,100.0,7.049985690819625,0.021312883532072967,0.23264139015201207,0.0,0.0,0.0,-0.029619840279200754,-0.11819026641296299,,yes
stop_hold_reverse,29,baseline,reverse,2000,0.16495230806934247,12.470416122702511,100.0,11.659389257691743,0.014097877026576036,0.4783525222793674,0.0,0.0,0.0,0.013492438289264663,0.008253153151098813,,yes
stop_hold_reverse,29,integral,forward,1500,0.18752769620079132,12.620883356679165,100.0,8.136406670557896,0.01726183853629718,0.49625330629471875,0.0,0.012013554449211566,0.100645787873196,0.023948299502410453,0.07237098141914966,paired_orientation_rmse,no
stop_hold_reverse,29,integral,stopping,500,0.10750978075797969,12.258751801245529,100.0,6.277716232036434,0.007694244945668916,0.3045432399001064,0.0,0.002627574070808436,0.034052564375574246,-0.021532112279929835,0.018773224162980884,,yes
stop_hold_reverse,29,integral,hold,750,0.03961350382246751,12.154544921673665,100.0,4.394222335752459,0.00508077990198672,0.3076690489657428,0.0,0.01370662394673565,0.03750784343121355,-0.005308945037869328,0.13696998598280016,,yes
stop_hold_reverse,29,integral,reverse_ramp,500,0.17176271685931851,12.43370015645335,100.0,7.21872884155346,0.013102850101308353,0.41328552964991705,0.0,0.05527229019372254,0.18064413949790498,0.025652449914521785,0.06245387308494199,paired_orientation_rmse,no
stop_hold_reverse,29,integral,reverse,2000,0.1714477223300563,12.399364929240278,100.0,7.319385551722589,0.011101165118555344,0.567950886894081,0.0,0.006495414260713844,0.0895983646147136,0.019987852549978508,0.09785151776581241,,yes
stop_hold_reverse,29,friction,forward,1500,0.16357939669838087,12.525623217192832,100.0,1.895573179516409,0.0038591974206047476,0.4238823248755691,0.0,-0.011934745053198886,0.028274806454046342,0.0,0.0,,yes
stop_hold_reverse,29,friction,stopping,500,0.12904189303790953,12.32560523471929,100.0,0.8317170140714596,0.002649284641275459,0.2857700157371255,0.0,0.02415968635073827,0.015279340212593362,0.0,0.0,,yes
stop_hold_reverse,29,friction,hold,750,0.04492244886033684,12.218048902627645,100.0,0.24706448505258125,0.00020941532657366567,0.17069906298294266,0.0,0.019015568984604977,-0.09946214255158661,0.0,0.0,,yes
stop_hold_reverse,29,friction,reverse_ramp,500,0.14611026694479673,12.33178690479337,100.0,1.6674882711693715,0.003989925530453032,0.35083165656497506,0.0,0.029619840279200754,0.11819026641296299,0.0,0.0,paired_orientation_rmse,no
stop_hold_reverse,29,friction,reverse,2000,0.1514598697800778,12.325260554146142,100.0,1.569778899773573,0.0022730180173140004,0.4700993691282686,0.0,-0.013492438289264663,-0.008253153151098813,0.0,0.0,,yes
stop_hold_reverse,29,online,forward,1500,0.16757599684996388,12.56064454447478,100.0,1.3423406440601962,0.004133434358639477,0.43963105136573055,0.0,-0.007938144901615873,0.0440235329442078,0.003996600151583013,0.015748726490161458,,yes
stop_hold_reverse,29,online,stopping,500,0.12889445341718686,12.32075916173622,100.0,1.1767789293893616,0.0025616307027572244,0.2908564096946851,0.0,0.024012246730015605,0.02036573417015297,-0.00014743962072266692,0.0050863939575596095,,yes
stop_hold_reverse,29,online,hold,750,0.04775532014775018,12.2046707921549,100.0,0.8339839386800494,0.0005293885617785354,0.16979498285705474,0.0,0.021848440272018314,-0.10036622267747453,0.002832871287413337,-0.0009040801258879128,,yes
stop_hold_reverse,29,online,reverse_ramp,500,0.14490412953966259,12.304660457089692,100.0,1.0705383349668722,0.0023008250206737204,0.36956660696917476,0.0,0.02841370287406661,0.1369252168171627,-0.0012061374051341445,0.0187349504041997,paired_orientation_rmse,no
stop_hold_reverse,29,online,reverse,2000,0.15163789376626105,12.29594737188496,100.0,0.8578587420324839,0.0015501798946799226,0.47367404837670474,0.0,-0.013314414303081418,-0.004678473902662683,0.00017802398618324555,0.00357467924843613,,yes
wrench_bias_step,11,baseline,pre_step,2250,0.15598853933240595,12.606747066028133,100.0,11.741221209877155,0.01751326618427296,0.35646595752124816,0.0,0.0,0.0,0.00933064864939298,-0.030068983725021925,,yes
wrench_bias_step,11,baseline,post_step,3000,1.3635379208184168,12.047090510992016,100.0,10.674086276371673,0.01347517114648763,0.321851806790919,0.0,0.0,0.0,0.0001366295683036256,-0.032607165057025544,,yes
wrench_bias_step,11,integral,pre_step,2250,0.16434745118793834,12.606469062135506,100.0,8.16371348873628,0.015471885534098869,0.459443974403244,0.0,0.008358911855532392,0.10297801688199587,0.017689560504925372,0.07290903315697395,paired_orientation_rmse,no
wrench_bias_step,11,integral,post_step,3000,1.36243206966347,12.043091024351986,100.0,7.37108268515841,0.00966323127110535,0.40867774951154817,0.0,-0.0011058511549468797,0.08682594272062916,-0.0009692215866432541,0.05421877766360361,,yes
wrench_bias_step,11,friction,pre_step,2250,0.14665789068301296,12.554738611468027,100.0,1.8010545920724064,0.003317227834714057,0.3865349412462701,0.0,-0.00933064864939298,0.030068983725021925,0.0,0.0,,yes
wrench_bias_step,11,friction,post_step,3000,1.3634012912501132,12.063218754187652,100.0,0.9357411001253383,0.0018788046931258386,0.35445897184794456,0.0,-0.0001366295683036256,0.032607165057025544,0.0,0.0,,yes
wrench_bias_step,11,online,pre_step,2250,0.14959918939879654,12.582832059185753,100.0,1.2347098719720087,0.0033946076051531477,0.3996047639040758,0.0,-0.006389349933609401,0.04313880638282763,0.00294129871578358,0.013069822657805708,,yes
wrench_bias_step,11,online,post_step,3000,1.3632484714902593,12.040275343463028,100.0,1.0029071499731061,0.0014491330017186964,0.3539243353363029,0.0,-0.00028944932815755386,0.032072528545383894,-0.00015281975985392826,-0.0005346365116416507,,yes
wrench_bias_step,29,baseline,pre_step,2250,0.1473334283123833,12.556044620520087,100.0,11.732903114888401,0.01752774762460324,0.3566484579186437,0.0,0.0,0.0,0.008882075265877698,-0.030034525035584847,,yes
wrench_bias_step,29,baseline,post_step,3000,1.378387738023775,12.090740903391241,100.0,10.66323224135811,0.013459315554627664,0.3221580572577017,0.0,0.0,0.0,0.00015979172030089472,-0.03266099092595848,,yes
wrench_bias_step,29,integral,pre_step,2250,0.15724874684945947,12.620883356673472,100.0,8.152728613598036,0.01550017003293779,0.45962586060550065,0.0,0.009915318537076168,0.10297740268685696,0.018797393802953866,0.07294287765127211,paired_orientation_rmse,no
wrench_bias_step,29,integral,post_step,3000,1.3772591332137845,12.079061684573126,100.0,7.358582603967613,0.009659881202019978,0.4089201778608408,0.0,-0.0011286048099905521,0.08676212060313909,-0.0009688130896896574,0.054101129677180615,,yes
wrench_bias_step,29,friction,pre_step,2250,0.1384513530465056,12.525623217192832,100.0,1.787333485748905,0.0033653007023113734,0.38668298295422854,0.0,-0.008882075265877698,0.030034525035584847,0.0,0.0,,yes
wrench_bias_step,29,friction,post_step,3000,1.3782279463034741,12.088077727462442,100.0,0.9340463268167057,0.001890995385022045,0.35481904818366017,0.0,-0.00015979172030089472,0.03266099092595848,0.0,0.0,,yes
wrench_bias_step,29,online,pre_step,2250,0.14167939220175332,12.56064454447647,100.0,1.2263944932708688,0.0034404111362092743,0.39983941175618676,0.0,-0.005654036110629979,0.04319095383754307,0.0032280391552477194,0.01315642880195822,,yes
wrench_bias_step,29,online,post_step,3000,1.378073604156706,12.070248085790897,100.0,0.998865354151773,0.0014608757827843382,0.3542143911036199,0.0,-0.0003141338670689109,0.03205633384591822,-0.00015434214676801616,-0.0006046570800402606,,yes
normal_calibration_error,11,baseline,steady,5250,0.33122471984697394,12.60527945186163,100.0,11.789884645224054,0.015904712860421555,0.32338353817528576,0.0,0.0,0.0,-0.0024078364158462984,-0.028675434942541322,,yes
normal_calibration_error,11,integral,steady,5250,0.32561143973911244,12.570747719396621,100.0,8.106987709273373,0.012834645238990096,0.4194900987287006,0.0,-0.005613280107861496,0.09610656055341482,-0.008021116523707794,0.0674311256108735,,yes
normal_calibration_error,11,friction,steady,5250,0.33363255626282023,12.576017178307405,100.0,2.4087990852824785,0.002618938700660389,0.3520589731178271,0.0,0.0024078364158462984,0.028675434942541322,0.0,0.0,,yes
normal_calibration_error,11,online,steady,5250,0.33326363973166023,12.568453309443239,100.0,1.7481408600251243,0.002554365416696571,0.3596654897174181,0.0,0.0020389198846862966,0.03628195154213232,-0.0003689165311600018,0.007606516599590996,,yes
normal_calibration_error,29,baseline,steady,5250,0.3264902532737345,12.628114302988825,100.0,11.779799584443095,0.015903960134890722,0.3236112830966077,0.0,0.0,0.0,-0.002634663431781592,-0.02869113977463722,,yes
normal_calibration_error,29,integral,steady,5250,0.32118503591449904,12.596217517019092,100.0,8.098997509777089,0.01284622505023473,0.41972491185199406,0.0,-0.005305217359235448,0.09611362875538637,-0.00793988079101704,0.06742248898074915,,yes
normal_calibration_error,29,friction,steady,5250,0.3291249167055161,12.609647474819988,100.0,2.395140979884312,0.0026250090032693407,0.3523024228712449,0.0,0.002634663431781592,0.02869113977463722,0.0,0.0,,yes
normal_calibration_error,29,online,steady,5250,0.3289993141427255,12.597988236223243,100.0,1.737524663683936,0.0025793117573094733,0.35989547230923674,0.0,0.0025090608689909977,0.03628418921262905,-0.00012560256279059434,0.007593049437991828,,yes
modest_combined,11,baseline,pre_change,1250,0.1271370498270961,12.308808462967445,100.0,8.812702638503469,0.01403481652623844,0.4831520183943405,0.0,0.0,0.0,0.00218282494602616,-0.026051886429642068,,yes
modest_combined,11,baseline,combined_transition,2000,0.4147434058773951,12.392898146490294,100.0,7.715838232134265,0.012461208550778409,0.2568975146637832,0.0,0.0,0.0,-0.018578550548897288,-0.015698321988383,,yes
modest_combined,11,baseline,combined_post,2000,0.8140061263451771,11.867968899501996,100.0,13.981278406896026,0.01670016377722885,0.44039132556388355,0.0,0.0,0.0,0.010975876182923727,0.014121851103029937,,yes
modest_combined,11,integral,pre_change,1250,0.13069709852424582,12.327545989085385,100.0,5.894795814187511,0.013914183784758897,0.557871028030533,0.0,0.003560048697149737,0.07471900963619249,0.005742873643175897,0.04866712320655042,,yes
modest_combined,11,integral,combined_transition,2000,0.44815526047190646,12.351996442317564,100.0,5.605922548613885,0.008514196562366764,0.3264766763809556,0.0,0.03341185459451135,0.06957916171717243,0.01483330404561406,0.05388083972878943,,yes
modest_combined,11,integral,combined_post,2000,0.8126639021955148,11.848241538459707,100.0,8.657425671791101,0.01280355952058859,0.541179849955036,0.0,-0.001342224149662341,0.10078852439115243,0.009633652033261386,0.11491037549418237,paired_orientation_rmse,no
modest_combined,11,friction,pre_change,1250,0.12495422488106993,12.284762282972377,100.0,2.8662219085755813,0.0037309921813129705,0.5092039048239826,0.0,-0.00218282494602616,0.026051886429642068,0.0,0.0,,yes
modest_combined,11,friction,combined_transition,2000,0.4333219564262924,12.384755290501424,100.0,1.737987498184541,0.0035776930314569974,0.2725958366521662,0.0,0.018578550548897288,0.015698321988383,0.0,0.0,,yes
modest_combined,11,friction,combined_post,2000,0.8030302501622534,11.838467880187357,100.0,4.44838912227347,0.005365208257081134,0.4262694744608536,0.0,-0.010975876182923727,-0.014121851103029937,0.0,0.0,,yes
modest_combined,11,online,pre_change,1250,0.12659154270213682,12.326054470739377,100.0,1.7972329659155355,0.004182959647638352,0.5104415093305257,0.0,-0.0005455071249592658,0.027289490936185157,0.0016373178210668943,0.0012376045065430885,,yes
modest_combined,11,online,combined_transition,2000,0.42851827240624685,12.374976260816783,100.0,1.4350661970578291,0.003685117537607361,0.27962162136623897,0.0,0.013774866528851737,0.022724106702455782,-0.004803684020045551,0.00702578471407278,,yes
modest_combined,11,online,combined_post,2000,0.8020661430764406,11.828149804524852,100.0,3.3183299809868836,0.003994381526470877,0.4311951404836097,0.0,-0.011939983268736465,-0.009196185080273866,-0.0009641070858127376,0.00492566602275607,,yes
modest_combined,29,baseline,pre_change,1250,0.10728634710700485,12.287910302196307,100.0,8.80511472351898,0.014087322487037554,0.4833152686347551,0.0,0.0,0.0,0.00396203961993466,-0.025946864054146535,,yes
modest_combined,29,baseline,combined_transition,2000,0.4195027411646017,12.415461325466136,100.0,7.717033357365719,0.01245238475999053,0.25732833408396416,0.0,0.0,0.0,-0.020164048842661708,-0.015604660996560882,,yes
modest_combined,29,baseline,combined_post,2000,0.8278364489215244,11.853886857938479,100.0,13.961263071992384,0.01667710043152382,0.44057744909315266,0.0,0.0,0.0,0.011197781292922482,0.014074073891341465,,yes
modest_combined,29,integral,pre_change,1250,0.11222771981730055,12.306895146800525,100.0,5.892770661950571,0.014011559801400727,0.5580972177814753,0.0,0.004941372710295697,0.07478194914672015,0.008903412330230356,0.048835085092573616,,yes
modest_combined,29,integral,combined_transition,2000,0.4544849832990762,12.329561820627267,100.0,5.604111412148455,0.008558896771212219,0.3270654379502527,0.0,0.03498224213447454,0.06973710386628856,0.014818193291812831,0.05413244286972768,,yes
modest_combined,29,integral,combined_post,2000,0.8263257710696206,11.851730007102077,100.0,8.651699367857407,0.012810423701499096,0.5416642464800198,0.0,-0.001510677851903841,0.1010867973868671,0.00968710344101864,0.11516087127820857,paired_orientation_rmse,no
modest_combined,29,friction,pre_change,1250,0.1033243074870702,12.23891223260131,100.0,2.875682540844989,0.0037730732191807253,0.5092621326889016,0.0,-0.00396203961993466,0.025946864054146535,0.0,0.0,,yes
modest_combined,29,friction,combined_transition,2000,0.4396667900072634,12.381492466799665,100.0,1.736082887653948,0.003571178233764113,0.27293299508052504,0.0,0.020164048842661708,0.015604660996560882,0.0,0.0,,yes
modest_combined,29,friction,combined_post,2000,0.8166386676286019,11.835248092881674,100.0,4.424769412695631,0.005340927518047219,0.4265033752018112,0.0,-0.011197781292922482,-0.014074073891341465,0.0,0.0,,yes
modest_combined,29,online,pre_change,1250,0.10646472606792137,12.292756960443151,100.0,1.7989996423049595,0.004167356255190591,0.5103308466671719,0.0,-0.000821621039083481,0.027015578032416776,0.0031404185808511786,0.0010687139782702415,,yes
modest_combined,29,online,combined_transition,2000,0.43469789273378423,12.370696341805186,100.0,1.4362066499094273,0.0037188051275810576,0.2800805387787025,0.0,0.015195151569182552,0.02275220469473832,-0.004968897273479156,0.007147543698177439,,yes
modest_combined,29,online,combined_post,2000,0.8156247894939177,11.82440496396699,100.0,3.2947042340912454,0.003972342406362693,0.43154473877090604,0.0,-0.012211659427606714,-0.009032710322246618,-0.0010138781346842318,0.005041363569094848,,yes
