arm,case_index,scenario,simulation_seed,controller_yaw_deg,has_raw_contact,force_rmse_n,peak_force_n,tangent_rmse_mm,contact_ratio_pct,saturation_pct,orientation_rmse_deg,measurement_rmse_n,seconds_over_35_n,first_raw_contact_time_s
world_safe_adaptive,0,surface_dev_00,11,0.0,True,12.037188075662272,32.058679552129824,13.288009164215921,54.733333333333334,0.0,0.51113044599247,12.491679833321022,0.0,0.544
world_safe_adaptive,1,surface_dev_01,29,0.0,True,12.030672839365561,31.987399921510963,13.286242774632498,54.666666666666664,0.0,0.5113251481607068,12.488227771105715,0.0,0.544
world_safe_adaptive,2,surface_dev_02,11,0.0,True,12.133983090090677,32.167396473888246,13.29041135759537,54.400000000000006,0.0,0.5111800088536869,12.586789091129186,0.0,0.544
world_safe_adaptive,3,surface_dev_03,29,0.0,True,12.11916036612783,32.21571691325779,13.293564557819103,54.333333333333336,0.0,0.511521543509054,12.574111379699662,0.0,0.544
world_safe_adaptive,4,surface_dev_04,11,0.0,True,10.324104446559707,26.803676829264077,13.290125602257204,61.86666666666667,0.0,0.5115431825253686,10.7025872868262,0.0,0.544
world_safe_adaptive,5,surface_dev_05,29,0.0,True,10.321376078486667,26.400609830344337,13.288832918176878,61.93333333333333,0.0,0.5116863175384738,10.695099528066326,0.0,0.544
world_safe_adaptive,6,surface_dev_06,11,0.0,True,10.40380963674892,26.73550541818795,13.297076083567884,61.6,0.0,0.5115406699190441,10.778238566656025,0.0,0.544
world_safe_adaptive,7,surface_dev_07,29,0.0,True,10.398164292169222,26.932967742128806,13.291483668854791,61.53333333333333,0.0,0.5118370725018853,10.772367025682648,0.0,0.544
world_safe_adaptive,8,surface_dev_08,11,0.0,True,11.83853319696042,32.29268033899436,11.771366271236149,52.800000000000004,0.0,0.41021949673490665,12.354135805668042,0.0,0.5740000000000001
world_safe_adaptive,9,surface_dev_09,29,0.0,True,11.822669140322876,32.34074138278787,11.766735222458541,52.800000000000004,0.0,0.4105927024007872,12.33882202783909,0.0,0.5740000000000001
world_safe_adaptive,10,surface_dev_10,11,0.0,True,11.921838699755298,32.32360841135715,11.77414011978834,52.46666666666666,0.0,0.41033081008754746,12.436723445989875,0.0,0.5740000000000001
world_safe_adaptive,11,surface_dev_11,29,0.0,True,11.912453260696454,32.33579894157944,11.769714103487576,52.400000000000006,0.0,0.41067327370170736,12.426993226214627,0.0,0.5740000000000001
world_safe_adaptive,12,surface_dev_12,11,0.0,True,10.13358051677812,25.863289856510402,11.771349928704952,60.0,0.0,0.410366393581942,10.571038536541998,0.0,0.5740000000000001
world_safe_adaptive,13,surface_dev_13,29,0.0,True,10.124337041260533,26.53225059797655,11.767357332808535,59.93333333333334,0.0,0.41077979690181804,10.564246866510427,0.0,0.5740000000000001
world_safe_adaptive,14,surface_dev_14,11,0.0,True,10.211992021729465,27.27775192711746,11.77413612432791,59.66666666666667,0.0,0.4105006823765623,10.648051271457273,0.0,0.5740000000000001
world_safe_adaptive,15,surface_dev_15,29,0.0,True,10.210098789283377,26.147381031463173,11.77036409337089,59.53333333333334,0.0,0.4107936307445165,10.645902915152263,0.0,0.5740000000000001
world_safe_adaptive,16,surface_dev_16,11,0.0,True,11.79187342776676,31.78886130600438,12.469626967095758,54.333333333333336,0.0,0.38013034871162155,12.250441474341939,0.0,0.542
world_safe_adaptive,17,surface_dev_17,29,0.0,True,11.773854394919942,32.2523928726523,12.462047055510986,54.266666666666666,0.0,0.3804513419095109,12.23382700045045,0.0,0.544
world_safe_adaptive,18,surface_dev_18,11,0.0,True,11.860272285956817,31.46724723048749,12.472568634262982,54.0,0.0,0.38023135394146806,12.32118866234636,0.0,0.544
world_safe_adaptive,19,surface_dev_19,29,0.0,True,11.859016153254538,33.96071452197767,12.46492649503327,53.93333333333333,0.0,0.3806405829519897,12.317024891061333,0.0,0.544
world_safe_adaptive,20,surface_dev_20,11,0.0,True,10.11402022467621,27.031275078327553,12.473954152625318,61.199999999999996,0.0,0.38021822439208286,10.496162334512343,0.0,0.542
world_safe_adaptive,21,surface_dev_21,29,0.0,True,10.113093636963836,27.19619903380213,12.462283896687818,61.199999999999996,0.0,0.38060982029565754,10.48982746867281,0.0,0.544
world_safe_adaptive,22,surface_dev_22,11,0.0,True,10.19498828230885,27.306373859978148,12.472532937311966,60.93333333333333,0.0,0.3804018457502506,10.571815494607634,0.0,0.544
world_safe_adaptive,23,surface_dev_23,29,0.0,True,10.17767973703948,27.182930412551524,12.460226332251597,60.86666666666667,0.0,0.38076287502482137,10.556303046596502,0.0,0.544
surface_exact,0,surface_dev_00,11,-15.0,True,11.631217740215455,31.605351521206384,11.840455375113603,53.800000000000004,0.0,0.5222033272637061,12.137144852730708,0.0,0.544
surface_exact,1,surface_dev_01,29,-15.0,True,11.62074362629664,31.653860836718334,11.83933379508109,53.733333333333334,0.0,0.5224380884698104,12.125094506697932,0.0,0.546
surface_exact,2,surface_dev_02,11,-15.0,True,11.723427356264766,31.768917648590527,11.843293235458619,53.400000000000006,0.0,0.5222635496451455,12.227395502017771,0.0,0.544
surface_exact,3,surface_dev_03,29,-15.0,True,11.716068591565874,33.68591127179185,11.842338239134897,53.400000000000006,0.0,0.5225798311341736,12.219658999281217,0.0,0.546
surface_exact,4,surface_dev_04,11,-15.0,True,9.965973029313698,26.78949194980627,11.841533478357675,60.86666666666667,0.0,0.5225531004641526,10.396509520706234,0.0,0.544
surface_exact,5,surface_dev_05,29,-15.0,True,9.972172010391416,26.981698857658984,11.838475432714953,60.93333333333333,0.0,0.5227477506171543,10.395767154183414,0.0,0.546
surface_exact,6,surface_dev_06,11,-15.0,True,10.04455588437039,27.146448868170314,11.843628157345485,60.6,0.0,0.5225055845491501,10.469774126065664,0.0,0.544
surface_exact,7,surface_dev_07,29,-15.0,True,10.037664107634265,26.81687376183079,11.842746412543933,60.53333333333333,0.0,0.5227597407384004,10.462905103969849,0.0,0.546
surface_exact,8,surface_dev_08,11,0.0,True,11.83853319696042,32.29268033899436,11.771366271236149,52.800000000000004,0.0,0.41021949673490665,12.354135805668042,0.0,0.5740000000000001
surface_exact,9,surface_dev_09,29,0.0,True,11.822669140322876,32.34074138278787,11.766735222458541,52.800000000000004,0.0,0.4105927024007872,12.33882202783909,0.0,0.5740000000000001
surface_exact,10,surface_dev_10,11,0.0,True,11.921838699755298,32.32360841135715,11.77414011978834,52.46666666666666,0.0,0.41033081008754746,12.436723445989875,0.0,0.5740000000000001
surface_exact,11,surface_dev_11,29,0.0,True,11.912453260696454,32.33579894157944,11.769714103487576,52.400000000000006,0.0,0.41067327370170736,12.426993226214627,0.0,0.5740000000000001
surface_exact,12,surface_dev_12,11,0.0,True,10.13358051677812,25.863289856510402,11.771349928704952,60.0,0.0,0.410366393581942,10.571038536541998,0.0,0.5740000000000001
surface_exact,13,surface_dev_13,29,0.0,True,10.124337041260533,26.53225059797655,11.767357332808535,59.93333333333334,0.0,0.41077979690181804,10.564246866510427,0.0,0.5740000000000001
surface_exact,14,surface_dev_14,11,0.0,True,10.211992021729465,27.27775192711746,11.77413612432791,59.66666666666667,0.0,0.4105006823765623,10.648051271457273,0.0,0.5740000000000001
surface_exact,15,surface_dev_15,29,0.0,True,10.210098789283377,26.147381031463173,11.77036409337089,59.53333333333334,0.0,0.4107936307445165,10.645902915152263,0.0,0.5740000000000001
surface_exact,16,surface_dev_16,11,15.0,True,11.73565361354483,34.05502822172508,11.812969143187049,53.06666666666666,0.0,0.3812284319153614,12.246248129239158,0.0,0.544
surface_exact,17,surface_dev_17,29,15.0,True,11.716988337676431,33.99562142452323,11.805989241091234,53.06666666666666,0.0,0.3816562935148594,12.22769768265482,0.0,0.544
surface_exact,18,surface_dev_18,11,15.0,True,11.813198447135276,32.311241781221796,11.815381484793658,52.733333333333334,0.0,0.3814285596605731,12.323198235623805,0.0,0.544
surface_exact,19,surface_dev_19,29,15.0,True,11.798593538919597,33.8504362186138,11.808825040599507,52.666666666666664,0.0,0.3818169507359665,12.308658916563129,0.0,0.544
surface_exact,20,surface_dev_20,11,15.0,True,10.05067172354229,27.336458573743723,11.812489384849092,60.266666666666666,0.0,0.3812991190566452,10.482231137906023,0.0,0.544
surface_exact,21,surface_dev_21,29,15.0,True,10.04332189491421,27.46656569437938,11.805305030924092,60.13333333333334,0.0,0.38179271590522645,10.476125319184547,0.0,0.544
surface_exact,22,surface_dev_22,11,15.0,True,10.125050663775141,27.385313254377568,11.815781997551005,59.86666666666667,0.0,0.38138825838997636,10.557328152911888,0.0,0.544
surface_exact,23,surface_dev_23,29,15.0,True,10.11769542321723,27.520909073240155,11.808253028174413,59.86666666666667,0.0,0.38183769182169797,10.548188138968246,0.0,0.544
surface_minus5,0,surface_dev_00,11,-20.0,True,11.618638626371613,31.539742327331133,11.84543677692463,53.86666666666666,0.0,0.5220897248853331,12.123405653767223,0.0,0.544
surface_minus5,1,surface_dev_01,29,-20.0,True,11.607425473381898,32.668502986272664,11.844278285745009,53.93333333333333,0.0,0.5222968471578957,12.110329192050347,0.0,0.546
surface_minus5,2,surface_dev_02,11,-20.0,True,11.693097784164804,32.61492406603988,11.84776428593689,53.6,0.0,0.5221845030747506,12.195353048377811,0.0,0.544
surface_minus5,3,surface_dev_03,29,-20.0,True,11.696612893809414,31.750734808058432,11.847127910825808,53.6,0.0,0.5222570717771094,12.196426425777032,0.0,0.546
surface_minus5,4,surface_dev_04,11,-20.0,True,9.964983352614357,27.128709356770717,11.844290639845342,61.133333333333326,0.0,0.5222256751544844,10.384999314057001,0.0,0.544
surface_minus5,5,surface_dev_05,29,-20.0,True,9.959078583809955,27.176643414357784,11.843636135105335,61.06666666666667,0.0,0.5225287295736176,10.379920049781873,0.0,0.546
surface_minus5,6,surface_dev_06,11,-20.0,True,10.04005025089012,27.75634866638629,11.847651237695123,60.73333333333333,0.0,0.522416167067496,10.462963599070235,0.0,0.544
surface_minus5,7,surface_dev_07,29,-20.0,True,10.028502977406664,27.196594899482506,11.845862086257858,60.73333333333333,0.0,0.5227329445706742,10.450205403487228,0.0,0.546
surface_minus5,8,surface_dev_08,11,-5.0,True,11.812712511091261,31.622696323123616,11.75832972525093,52.93333333333333,0.0,0.4105107072746711,12.32343966269411,0.0,0.5740000000000001
surface_minus5,9,surface_dev_09,29,-5.0,True,11.805169806770312,32.070652008753655,11.753321245673442,52.93333333333333,0.0,0.41091312079733633,12.312397166767548,0.0,0.5740000000000001
surface_minus5,10,surface_dev_10,11,-5.0,True,11.895941675163668,32.46443411746727,11.760963416120171,52.6,0.0,0.41069230130222406,12.404359216464057,0.0,0.5740000000000001
surface_minus5,11,surface_dev_11,29,-5.0,True,11.888034718813461,32.352455850140196,11.756155474304817,52.666666666666664,0.0,0.4109648656572936,12.394185467507974,0.0,0.5740000000000001
surface_minus5,12,surface_dev_12,11,-5.0,True,10.1212903069136,26.926263993485104,11.758031901604808,60.06666666666667,0.0,0.41077408255689596,10.55336247426395,0.0,0.5740000000000001
surface_minus5,13,surface_dev_13,29,-5.0,True,10.108126809427576,26.8838144305941,11.753322873502274,60.06666666666667,0.0,0.4110462474309812,10.539609730009314,0.0,0.5740000000000001
surface_minus5,14,surface_dev_14,11,-5.0,True,10.190829227322075,27.3245120266504,11.76064044127133,59.8,0.0,0.41083165488544116,10.620443543985516,0.0,0.5740000000000001
surface_minus5,15,surface_dev_15,29,-5.0,True,10.183803026670404,26.948122815286613,11.756199644458908,59.66666666666667,0.0,0.41115221772098426,10.617121318228538,0.0,0.5740000000000001
surface_minus5,16,surface_dev_16,11,10.0,True,11.688389783463656,33.620048709666435,11.778964448734955,53.266666666666666,0.0,0.3818000534182001,12.190656105710355,0.0,0.544
surface_minus5,17,surface_dev_17,29,10.0,True,11.686221833463463,32.43756798369514,11.771121953583096,53.266666666666666,0.0,0.38208058083865815,12.185131427661593,0.0,0.544
surface_minus5,18,surface_dev_18,11,10.0,True,11.790525072634363,32.602571458160995,11.781560385629884,52.86666666666666,0.0,0.381805229475124,12.292169523017739,0.0,0.544
surface_minus5,19,surface_dev_19,29,10.0,True,11.765084802263727,32.5321613516825,11.773686940854606,52.86666666666666,0.0,0.3822881503377577,12.267858888791991,0.0,0.544
surface_minus5,20,surface_dev_20,11,10.0,True,10.020398217427672,26.826285936756907,11.779167524362208,60.333333333333336,0.0,0.38185539408343094,10.44395408208921,0.0,0.544
surface_minus5,21,surface_dev_21,29,10.0,True,10.014347422950857,27.201189784880572,11.769927207974522,60.266666666666666,0.0,0.38223243427053755,10.437518584772286,0.0,0.544
surface_minus5,22,surface_dev_22,11,10.0,True,10.097374470485754,27.32957340033967,11.781159936013731,60.0,0.0,0.3819165341193673,10.51847556138409,0.0,0.544
surface_minus5,23,surface_dev_23,29,10.0,True,10.091532977791198,27.16825654088201,11.772642024094091,59.86666666666667,0.0,0.38237252725272675,10.514958723162598,0.0,0.544
surface_plus5,0,surface_dev_00,11,-10.0,True,11.702240799985411,32.26265866049548,12.063735829397123,53.800000000000004,0.0,0.520407736384171,12.204432781133542,0.0,0.544
surface_plus5,1,surface_dev_01,29,-10.0,True,11.703688235764863,31.15156943609115,12.062883154152985,53.86666666666666,0.0,0.5206847399845382,12.201912338712729,0.0,0.546
surface_plus5,2,surface_dev_02,11,-10.0,True,11.80067225897231,31.59534025365139,12.06678387438827,53.53333333333333,0.0,0.5204009224653682,12.29700400462882,0.0,0.544
surface_plus5,3,surface_dev_03,29,-10.0,True,11.792901441075353,32.782254407547825,12.065631671618178,53.46666666666666,0.0,0.5207155968669114,12.290725633051073,0.0,0.546
surface_plus5,4,surface_dev_04,11,-10.0,True,10.02275079918834,26.04850388415234,12.06561133055501,61.06666666666667,0.0,0.5207268140459779,10.444237280529954,0.0,0.544
surface_plus5,5,surface_dev_05,29,-10.0,True,10.015720600450766,26.377171339799315,12.064363201513993,61.0,0.0,0.5210105960269862,10.440086133040568,0.0,0.546
surface_plus5,6,surface_dev_06,11,-10.0,True,10.109618342167504,26.90331865047797,12.06645772949993,60.66666666666667,0.0,0.5208023753902461,10.528987957708758,0.0,0.544
surface_plus5,7,surface_dev_07,29,-10.0,True,10.09524939894304,26.780422316442575,12.067710140364216,60.66666666666667,0.0,0.5210376069440874,10.51635221311187,0.0,0.546
surface_plus5,8,surface_dev_08,11,5.0,True,11.927960627556953,31.02041065066942,12.013277414735578,52.86666666666666,0.0,0.4080803222265322,12.438287768748545,0.0,0.5740000000000001
surface_plus5,9,surface_dev_09,29,5.0,True,11.90481509620491,31.622544519864054,12.008655675333054,52.800000000000004,0.0,0.408497675169677,12.418540683633008,0.0,0.5740000000000001
surface_plus5,10,surface_dev_10,11,5.0,True,11.999540060542268,32.55174648443777,12.014718744291159,52.53333333333333,0.0,0.4082479398282207,12.512386066709785,0.0,0.5740000000000001
surface_plus5,11,surface_dev_11,29,5.0,True,11.984808785770358,32.29061659066582,12.010071602308392,52.46666666666666,0.0,0.40855206538185507,12.49849034551239,0.0,0.5740000000000001
surface_plus5,12,surface_dev_12,11,5.0,True,10.206211686866217,26.99892810476341,12.013944722973504,60.06666666666667,0.0,0.40829782584447954,10.642357080677781,0.0,0.5740000000000001
surface_plus5,13,surface_dev_13,29,5.0,True,10.199259825693142,27.26233394394021,12.009402978902793,60.06666666666667,0.0,0.40858741263636805,10.631541346277471,0.0,0.5740000000000001
surface_plus5,14,surface_dev_14,11,5.0,True,10.288050683003243,26.69547567854953,12.016246264432827,59.73333333333334,0.0,0.40832611063420976,10.72177902098049,0.0,0.5740000000000001
surface_plus5,15,surface_dev_15,29,5.0,True,10.269732325972955,26.17157060207803,12.012304855533483,59.73333333333334,0.0,0.40869993061709786,10.704342433545786,0.0,0.5740000000000001
surface_plus5,16,surface_dev_16,11,20.0,True,11.825319604926559,32.64140586009984,12.074704783581693,53.266666666666666,0.0,0.3797289674315932,12.331788721405086,0.0,0.544
surface_plus5,17,surface_dev_17,29,20.0,True,11.816177513048315,32.66978072045399,12.068689059318897,53.2,0.0,0.3800041350847436,12.32383810582446,0.0,0.544
surface_plus5,18,surface_dev_18,11,20.0,True,11.909848875320469,32.98272216709158,12.07813713746538,52.86666666666666,0.0,0.3797135965570262,12.418773440112561,0.0,0.544
surface_plus5,19,surface_dev_19,29,20.0,True,11.8988440264787,32.3495888048998,12.072472740624818,52.800000000000004,0.0,0.38010874669887496,12.407930971179805,0.0,0.544
surface_plus5,20,surface_dev_20,11,20.0,True,10.125288957332302,26.42468472512483,12.076894353674916,60.4,0.0,0.3795876989879763,10.55895362179497,0.0,0.544
surface_plus5,21,surface_dev_21,29,20.0,True,10.114226707012351,26.522820571018798,12.069350103235578,60.333333333333336,0.0,0.38005411966589353,10.547966543373473,0.0,0.544
surface_plus5,22,surface_dev_22,11,20.0,True,10.202603671650262,26.63653571610187,12.079444944140837,60.0,0.0,0.3797382255021682,10.634390020809432,0.0,0.544
surface_plus5,23,surface_dev_23,29,20.0,True,10.196904979375532,26.762533791252253,12.072515847417925,59.93333333333334,0.0,0.3801593668272938,10.62940952060592,0.0,0.544
