arm,case_index,contact_in_both_arms,force_rmse_n,peak_force_n,tangent_rmse_mm,contact_ratio_pct,saturation_pct,orientation_rmse_deg,measurement_rmse_n,seconds_over_35_n,first_raw_contact_time_s
surface_exact,0,True,-0.40597033544681693,-0.45332803092344065,-1.4475537891023187,-0.93333333333333,0.0,0.011072881271236068,-0.35453498059031396,0.0,0.0
surface_exact,1,True,-0.4099292130689207,-0.33353908479262984,-1.4469089795514076,-0.93333333333333,0.0,0.011112940309103592,-0.36313326440778226,0.0,0.0020000000000000018
surface_exact,2,True,-0.4105557338259107,-0.39847882529771894,-1.447118122136752,-1.0,0.0,0.01108354079145868,-0.3593935891114146,0.0,0.0
surface_exact,3,True,-0.4030917745619558,1.4701943585340587,-1.4512263186842063,-0.93333333333333,0.0,0.011058287625119623,-0.3544523804184454,0.0,0.0020000000000000018
surface_exact,4,True,-0.3581314172460086,-0.014184879457808108,-1.4485921238995285,-1.0,0.0,0.01100991793878403,-0.30607776611996584,0.0,0.0
surface_exact,5,True,-0.3492040680952506,0.581089027314647,-1.4503574854619252,-1.0,0.0,0.01106143307868046,-0.2993323738829119,0.0,0.0020000000000000018
surface_exact,6,True,-0.35925375237852997,0.4109434499823621,-1.453447926222399,-1.0,0.0,0.01096491463010596,-0.3084644405903614,0.0,0.0
surface_exact,7,True,-0.36050018453495625,-0.11609398029801454,-1.4487372563108583,-1.0,0.0,0.01092266823651511,-0.3094619217127992,0.0,0.0020000000000000018
surface_exact,8,True,0.0,0.0,0.0,0.0,0.0,0.0,0.0,0.0,0.0
surface_exact,9,True,0.0,0.0,0.0,0.0,0.0,0.0,0.0,0.0,0.0
surface_exact,10,True,0.0,0.0,0.0,0.0,0.0,0.0,0.0,0.0,0.0
surface_exact,11,True,0.0,0.0,0.0,0.0,0.0,0.0,0.0,0.0,0.0
surface_exact,12,True,0.0,0.0,0.0,0.0,0.0,0.0,0.0,0.0,0.0
surface_exact,13,True,0.0,0.0,0.0,0.0,0.0,0.0,0.0,0.0,0.0
surface_exact,14,True,0.0,0.0,0.0,0.0,0.0,0.0,0.0,0.0,0.0
surface_exact,15,True,0.0,0.0,0.0,0.0,0.0,0.0,0.0,0.0,0.0
surface_exact,16,True,-0.056219814221929454,2.2661669157206994,-0.6566578239087093,-1.2666666666666728,0.0,0.0010980832037398303,-0.00419334510278091,0.0,0.0020000000000000018
surface_exact,17,True,-0.05686605724351068,1.7432285518709278,-0.6560578144197518,-1.2000000000000028,0.0,0.0012049516053485032,-0.006129317795629419,0.0,0.0
surface_exact,18,True,-0.04707383882154126,0.8439945507343047,-0.6571871494693244,-1.2666666666666657,0.0,0.0011972057191050323,0.002009573277444332,0.0,0.0
surface_exact,19,True,-0.060422614334941116,-0.11027830336387012,-0.6561014544337631,-1.2666666666666657,0.0,0.0011763677839767839,-0.00836597449820431,0.0,0.0
surface_exact,20,True,-0.06334850113391965,0.30518349541616985,-0.6614647677762253,-0.93333333333333,0.0,0.0010808946645623485,-0.013931196606320029,0.0,0.0020000000000000018
surface_exact,21,True,-0.06977174204962644,0.270366660577249,-0.6569788657637261,-1.0666666666666558,0.0,0.0011828956095689125,-0.01370214948826387,0.0,0.0
surface_exact,22,True,-0.06993761853370906,0.07893939439941988,-0.6567509397609612,-1.0666666666666629,0.0,0.0009864126397257644,-0.01448734169574628,0.0,0.0
surface_exact,23,True,-0.05998431382225,0.3379786606886306,-0.6519733040771847,-1.0,0.0,0.0010748167968765987,-0.008114907628256063,0.0,0.0
surface_minus5,0,True,-0.4185494492906585,-0.518937224798691,-1.4425723872912908,-0.8666666666666742,0.0,0.010959278892863078,-0.36827417955379893,0.0,0.0
surface_minus5,1,True,-0.42324736598366286,0.6811030647617002,-1.4419644888874892,-0.7333333333333343,0.0,0.010971698997188861,-0.3778985790553673,0.0,0.0020000000000000018
surface_minus5,2,True,-0.44088530592587283,0.44752759215163707,-1.442647071658481,-0.8000000000000043,0.0,0.011004494221063754,-0.39143604275137456,0.0,0.0
surface_minus5,3,True,-0.4225474723184153,-0.46498210519936123,-1.4464366469932948,-0.7333333333333343,0.0,0.010735528268055461,-0.37768495392263013,0.0,0.0020000000000000018
surface_minus5,4,True,-0.3591210939453493,0.32503252750663947,-1.4458349624118618,-0.7333333333333414,0.0,0.010682492629115803,-0.31758797276919815,0.0,0.0
surface_minus5,5,True,-0.3622974946767119,0.7760335840134474,-1.4451967830715429,-0.86666666666666,0.0,0.0108424120351438,-0.3151794782844526,0.0,0.0020000000000000018
surface_minus5,6,True,-0.3637593858587991,1.0208432481983394,-1.4494248458727608,-0.8666666666666742,0.0,0.01087549714845193,-0.31527496758578977,0.0,0.0
surface_minus5,7,True,-0.36966131476255804,0.26362715735369946,-1.4456215825969334,-0.8000000000000043,0.0,0.010895872068788948,-0.32216162219542,0.0,0.0020000000000000018
surface_minus5,8,True,-0.02582068586915831,-0.6699840158707424,-0.013036545985219306,0.13333333333332575,0.0,0.00029121053976444156,-0.030696142973932083,0.0,0.0
surface_minus5,9,True,-0.017499333552564167,-0.27008937403421385,-0.013413976785098924,0.13333333333332575,0.0,0.00032041839654911586,-0.026424861071541628,0.0,0.0
surface_minus5,10,True,-0.02589702459163057,0.14082570611012102,-0.013176703668168699,0.13333333333333997,0.0,0.0003614912146766014,-0.03236422952581819,0.0,0.0
surface_minus5,11,True,-0.024418541882992528,0.016656908560754857,-0.013558629182758963,0.2666666666666586,0.0,0.0002915919555862567,-0.03280775870665309,0.0,0.0
surface_minus5,12,True,-0.012290209864518786,1.0629741369747023,-0.013318027100144292,0.06666666666666998,0.0,0.00040768897495396805,-0.01767606227804741,0.0,0.0
surface_minus5,13,True,-0.016210231832957334,0.35156383261755053,-0.014034459306261127,0.13333333333333286,0.0,0.0002664505291631869,-0.024637136501112877,0.0,0.0
surface_minus5,14,True,-0.021162794407389995,0.04676009953293914,-0.013495683056580887,0.13333333333332575,0.0,0.0003309725088788684,-0.027607727471757215,0.0,0.0
surface_minus5,15,True,-0.02629576261297295,0.8007417838234403,-0.01416444891198232,0.13333333333333286,0.0,0.0003585869764677341,-0.02878159692372506,0.0,0.0
surface_minus5,16,True,-0.10348364430310397,1.831187403662053,-0.6906625183608028,-1.06666666666667,0.0,0.0016697047065785675,-0.05978536863158368,0.0,0.0020000000000000018
surface_minus5,17,True,-0.0876325614564788,0.18517511104283813,-0.6909251019278901,-1.0,0.0,0.0016292389291472364,-0.04869557278885672,0.0,0.0
surface_minus5,18,True,-0.06974721332245437,1.1353242276735038,-0.6910082486330982,-1.13333333333334,0.0,0.0015738755336559551,-0.029019139328621435,0.0,0.0
surface_minus5,19,True,-0.09393135099081107,-1.4285531702951744,-0.6912395541786633,-1.06666666666667,0.0,0.0016475673857679896,-0.049166002269341647,0.0,0.0
surface_minus5,20,True,-0.09362200724853764,-0.20498914157064618,-0.6947866282631097,-0.86666666666666,0.0,0.0016371696913480838,-0.05220825242313332,0.0,0.0020000000000000018
surface_minus5,21,True,-0.09874621401297823,0.004990751078441491,-0.6923566887132964,-0.93333333333333,0.0,0.001622613974880005,-0.05230888390052435,0.0,0.0
surface_minus5,22,True,-0.0976138118230967,0.023199540361520832,-0.6913730012982349,-0.93333333333333,0.0,0.0015146883691167234,-0.05333993322354402,0.0,0.0
surface_minus5,23,True,-0.08614675924828141,-0.014673871669515393,-0.6875843081575059,-1.0,0.0,0.0016096522279053782,-0.04134432343390415,0.0,0.0
surface_plus5,0,True,-0.33494727567686056,0.20397910836565813,-1.2242733348187986,-0.93333333333333,0.0,0.009277290391700999,-0.2872470521874799,0.0,0.0
surface_plus5,1,True,-0.3269846036006978,-0.8358304854198124,-1.2233596204795134,-0.8000000000000043,0.0,0.009359591823831392,-0.2863154323929855,0.0,0.0020000000000000018
surface_plus5,2,True,-0.3333108311183661,-0.5720562202368562,-1.2236274832071015,-0.8666666666666742,0.0,0.009220913611681314,-0.28978508650036616,0.0,0.0
surface_plus5,3,True,-0.32625892505247656,0.5665374942900314,-1.2279328862009251,-0.8666666666666742,0.0,0.00919405335785739,-0.2833857466485892,0.0,0.0020000000000000018
surface_plus5,4,True,-0.30135364737136605,-0.7551729451117382,-1.2245142717021942,-0.7999999999999972,0.0,0.009183631520609303,-0.2583500062962454,0.0,0.0
surface_plus5,5,True,-0.30565547803590043,-0.023438490545022006,-1.2244697166628846,-0.93333333333333,0.0,0.00932427848851236,-0.2550133950257578,0.0,0.0020000000000000018
surface_plus5,6,True,-0.2941912945814149,0.167813232290019,-1.2306183540679534,-0.93333333333333,0.0,0.009261705471201975,-0.2492506089472677,0.0,0.0
surface_plus5,7,True,-0.30291489322618226,-0.15254542568623108,-1.2237735284905753,-0.86666666666666,0.0,0.009200534442202146,-0.2560148125707773,0.0,0.0020000000000000018
surface_plus5,8,True,0.08942743059653324,-1.2722696883249398,0.24191114349942922,0.06666666666665577,0.0,-0.002139174508374475,0.08415196308050277,0.0,0.0
surface_plus5,9,True,0.08214595588203366,-0.7181968629238149,0.24192045287451336,0.0,0.0,-0.0020950272311102136,0.07971865579391846,0.0,0.0
surface_plus5,10,True,0.07770136078696943,0.22813807308062195,0.24057862450281853,0.06666666666666998,0.0,-0.002082870259326741,0.07566262071991048,0.0,0.0
surface_plus5,11,True,0.0723555250739043,-0.04518235091362044,0.24035749882081525,0.06666666666665577,0.0,-0.002121208319852297,0.07149711929776359,0.0,0.0
surface_plus5,12,True,0.07263117008809772,1.1356382482530094,0.2425947942685518,0.06666666666666998,0.0,-0.0020685677374624456,0.07131854413578331,0.0,0.0
surface_plus5,13,True,0.07492278443260858,0.73008334596366,0.24204564609425816,0.13333333333333286,0.0,-0.002192384265449987,0.06729447976704428,0.0,0.0
surface_plus5,14,True,0.07605866127377858,-0.5822762485679291,0.24211014010491638,0.06666666666666998,0.0,-0.002174571742352527,0.0737277495232167,0.0,0.0
surface_plus5,15,True,0.05963353668957794,0.02418957061485827,0.2419407621625922,0.20000000000000284,0.0,-0.002093700127418663,0.05843951839352357,0.0,0.0
surface_plus5,16,True,0.03344617715979936,0.8525445540954557,-0.3949221835140655,-1.06666666666667,0.0,-0.0004013812800283678,0.08134724706314778,0.0,0.0020000000000000018
surface_plus5,17,True,0.04232311812837253,0.4173878478016917,-0.3933579961920888,-1.0666666666666629,0.0,-0.0004472068247672878,0.09001110537401047,0.0,0.0
surface_plus5,18,True,0.04957658936365128,1.5154749366040896,-0.39443149679760303,-1.13333333333334,0.0,-0.0005177573844418748,0.09758477776620111,0.0,0.0
surface_plus5,19,True,0.03982787322416215,-1.6111257170778686,-0.39245375440845187,-1.1333333333333258,0.0,-0.0005318362531147591,0.09090608011847223,0.0,0.0
surface_plus5,20,True,0.011268732656091629,-0.6065903532027228,-0.39705979895040144,-0.7999999999999972,0.0,-0.0006305254041065744,0.06279128728262684,0.0,0.0020000000000000018
surface_plus5,21,True,0.0011330700485157053,-0.673378462783333,-0.3929337934522401,-0.86666666666666,0.0,-0.000555700629764011,0.05813907470066226,0.0,0.0
surface_plus5,22,True,0.007615389341411927,-0.6698381438762766,-0.39308799317112886,-0.93333333333333,0.0,-0.0006636202480824194,0.06257452620179826,0.0,0.0
surface_plus5,23,True,0.019225242336052162,-0.4203966212992718,-0.3877104848336721,-0.93333333333333,0.0,-0.0006035081975275802,0.07310647400941761,0.0,0.0
