category,method,case_index,scenario,simulation_seed,duration_s,controller_yaw_deg,wall_yaw_deg,wall_time_constant_s,tool_mass_kg,true_sliding_friction,has_raw_contact,force_rmse_n,peak_force_n,tangent_rmse_mm,contact_ratio_pct,saturation_pct,orientation_rmse_deg,measurement_rmse_n,seconds_over_35_n,first_raw_contact_time_s,max_penetration_mm,evaluation_median_penetration_mm,projection_pct,max_compensation_force_n,baseline_metric_max_abs_error,case_checks_pass,failed_case_checks
main,baseline,0,surface_dev_00,11,4.5,-15.0,-15.0,0.005,0.1,0.45,True,0.19909314494761735,12.624059704727843,11.828995061078933,100.0,0.0,0.5321491458114765,0.20346831454496242,0.0,0.544,0.7896720654738676,0.6686854250247398,0.0,0.0,0.0,yes,
main,baseline,1,surface_dev_01,29,4.5,-15.0,-15.0,0.005,0.1,0.45,True,0.18742090590158067,12.60758484833638,11.824237757705346,100.0,0.0,0.5323462539043617,0.20836082311656898,0.0,0.546,0.7894230923833692,0.6694703003648287,0.0,0.0,0.0,yes,
main,baseline,2,surface_dev_02,11,4.5,-15.0,-15.0,0.005,0.13,0.45,True,0.2004422915916335,12.625197196463471,11.832130793854938,100.0,0.0,0.5322140854259954,0.2034156836243347,0.0,0.544,0.7881085839672869,0.6665312084473598,0.0,0.0,0.0,yes,
main,baseline,3,surface_dev_03,29,4.5,-15.0,-15.0,0.005,0.13,0.45,True,0.18860887664851844,12.60869351098147,11.8273375893493,100.0,0.0,0.5324117006694147,0.20829941456395382,0.0,0.546,0.7878612005228978,0.6673315573163495,0.0,0.0,0.0,yes,
main,baseline,4,surface_dev_04,11,4.5,-15.0,-15.0,0.012,0.1,0.45,True,0.20124124066885243,12.632031461236583,11.833606709840982,100.0,0.0,0.5326632540128239,0.20394837985274816,0.0,0.544,0.8509739222300126,0.7197517747128072,0.0,0.0,0.0,yes,
main,baseline,5,surface_dev_05,29,4.5,-15.0,-15.0,0.012,0.1,0.45,True,0.19008541644562968,12.609429748505596,11.829326904838029,100.0,0.0,0.5328533754141205,0.20887716141110477,0.0,0.546,0.8507582365731882,0.7210406091351911,0.0,0.0,0.0,yes,
main,baseline,6,surface_dev_06,11,4.5,-15.0,-15.0,0.012,0.13,0.45,True,0.20258380534104312,12.63314377380475,11.836724473723915,100.0,0.0,0.5327276525351355,0.2038927315891159,0.0,0.544,0.8492537704862836,0.7176037084693412,0.0,0.0,0.0,yes,
main,baseline,7,surface_dev_07,29,4.5,-15.0,-15.0,0.012,0.13,0.45,True,0.19127370516293615,12.610598257024302,11.83241264897406,100.0,0.0,0.5329185066541505,0.20881462807842757,0.0,0.546,0.8490392960182891,0.7189091329300249,0.0,0.0,0.0,yes,
main,baseline,8,surface_dev_08,11,4.5,0.0,0.0,0.005,0.1,0.45,True,0.16170201121178762,12.636585788580819,11.753903808698784,100.0,0.0,0.4253331943743285,0.20978947361642725,0.0,0.5740000000000001,0.7897611603013623,0.6670746607498681,0.0,0.0,0.0,yes,
main,baseline,9,surface_dev_09,29,4.5,0.0,0.0,0.005,0.1,0.45,True,0.14908972181948435,12.622467681460728,11.74659028787708,100.0,0.0,0.42563810305943456,0.21510836712317738,0.0,0.5740000000000001,0.7896273381316279,0.6679270435484899,0.0,0.0,0.0,yes,
main,baseline,10,surface_dev_10,11,4.5,0.0,0.0,0.005,0.13,0.45,True,0.16286691517462268,12.6377605415699,11.757046641556816,100.0,0.0,0.42538487445594936,0.2097291953820913,0.0,0.5740000000000001,0.7881989087508492,0.6649000564944509,0.0,0.0,0.0,yes,
main,baseline,11,surface_dev_11,29,4.5,0.0,0.0,0.005,0.13,0.45,True,0.15001951999270155,12.623602954725857,11.749715569514013,100.0,0.0,0.4256905435815614,0.21505012380788294,0.0,0.5740000000000001,0.7880648169046114,0.6657692279870078,0.0,0.0,0.0,yes,
main,baseline,12,surface_dev_12,11,4.5,0.0,0.0,0.012,0.1,0.45,True,0.16537254088790307,12.65162317449773,11.758882210107409,100.0,0.0,0.4257173808377085,0.21032247000802543,0.0,0.5740000000000001,0.8511013179661533,0.7182488017960855,0.0,0.0,0.0,yes,
main,baseline,13,surface_dev_13,29,4.5,0.0,0.0,0.012,0.1,0.45,True,0.15182404096136187,12.628783970392217,11.75104979759688,100.0,0.0,0.4260317742637943,0.21562932954572872,0.0,0.5740000000000001,0.8509045513209537,0.7191005776823813,0.0,0.0,0.0,yes,
main,baseline,14,surface_dev_14,11,4.5,0.0,0.0,0.012,0.13,0.45,True,0.16652624730416576,12.652757751384899,11.762009620501663,100.0,0.0,0.4257683977995422,0.21025784146342982,0.0,0.5740000000000001,0.8493817337996492,0.7160796325664589,0.0,0.0,0.0,yes,
main,baseline,15,surface_dev_15,29,4.5,0.0,0.0,0.012,0.13,0.45,True,0.15274642273897132,12.629880561091165,11.754160363296775,100.0,0.0,0.4260835867213191,0.21556875722487723,0.0,0.5740000000000001,0.8491850282756688,0.7169387185049849,0.0,0.0,0.0,yes,
main,baseline,16,surface_dev_16,11,4.5,15.0,15.0,0.005,0.1,0.45,True,0.18405042298814628,12.620729988248337,11.801780095865656,100.0,0.0,0.39526747945583535,0.20297444646518253,0.0,0.544,0.7896328860047055,0.6661088829709017,0.0,0.0,0.0,yes,
main,baseline,17,surface_dev_17,29,4.5,15.0,15.0,0.005,0.1,0.45,True,0.1755141417515295,12.599041467799319,11.791575884976647,100.0,0.0,0.3956075184214987,0.20840370283625953,0.0,0.544,0.7894180896112213,0.6654468236411173,0.0,0.0,0.0,yes,
main,baseline,18,surface_dev_18,11,4.5,15.0,15.0,0.005,0.13,0.45,True,0.18454114668449664,12.621832743060997,11.804806536138866,100.0,0.0,0.39533431409863123,0.2029121527964673,0.0,0.544,0.7880697485673077,0.6639139648033279,0.0,0.0,0.0,yes,
main,baseline,19,surface_dev_19,29,4.5,15.0,15.0,0.005,0.13,0.45,True,0.17574927680732128,12.600152578081135,11.794599380739623,100.0,0.0,0.39567485328350627,0.20835061681572747,0.0,0.544,0.787856630716819,0.6632715792482258,0.0,0.0,0.0,yes,
main,baseline,20,surface_dev_20,11,4.5,15.0,15.0,0.012,0.1,0.45,True,0.1867531272752267,12.638381981456387,11.80636688446089,100.0,0.0,0.39549305165019344,0.2035108768963834,0.0,0.544,0.8509454786976567,0.717143443467707,0.0,0.0,0.0,yes,
main,baseline,21,surface_dev_21,29,4.5,15.0,15.0,0.012,0.1,0.45,True,0.17809677188060943,12.612488486894364,11.796179743873726,100.0,0.0,0.3958359637624002,0.20892205897273183,0.0,0.544,0.8507462602938554,0.7169387464854693,0.0,0.0,0.0,yes,
main,baseline,22,surface_dev_22,11,4.5,15.0,15.0,0.012,0.13,0.45,True,0.187239038673398,12.639359469003512,11.809377992572083,100.0,0.0,0.3955585105362572,0.2034441232754864,0.0,0.544,0.8492252600052451,0.7149654249689799,0.0,0.0,0.0,yes,
main,baseline,23,surface_dev_23,29,4.5,15.0,15.0,0.012,0.13,0.45,True,0.17833229261383077,12.613569433329904,11.799185139238112,100.0,0.0,0.39590173062981854,0.20886598282764365,0.0,0.544,0.8490273225311915,0.7147519530949498,0.0,0.0,0.0,yes,
main,integral,0,surface_dev_00,11,4.5,-15.0,-15.0,0.005,0.1,0.45,True,0.2331118900731635,12.62263433960153,8.08945118948322,100.0,0.0,0.6526200436942701,0.20379048880067802,0.0,0.544,0.7896588487992899,0.6439744861609173,0.0,5.269030526563039,,yes,
main,integral,1,surface_dev_01,29,4.5,-15.0,-15.0,0.005,0.1,0.45,True,0.22533728582239673,12.606161093285678,8.086222919688705,100.0,0.0,0.6527717894754275,0.20866235186731047,0.0,0.546,0.7894098932713436,0.6439674440827138,0.0,5.256625418794672,,yes,
main,integral,2,surface_dev_02,11,4.5,-15.0,-15.0,0.005,0.13,0.45,True,0.23430326945813282,12.62378227380151,8.092652812804124,100.0,0.0,0.652734525994885,0.20374659981179113,0.0,0.544,0.7880954998905377,0.6417416861162137,0.0,5.270339968538392,,yes,
main,integral,3,surface_dev_03,29,4.5,-15.0,-15.0,0.005,0.13,0.45,True,0.22637463378225214,12.607278534552512,8.089410062598384,100.0,0.0,0.65288725735191,0.20861083139150094,0.0,0.546,0.787847905296759,0.6417051553098685,0.0,5.257892732654334,,yes,
main,integral,4,surface_dev_04,11,4.5,-15.0,-15.0,0.012,0.1,0.45,True,0.23506590687980605,12.63062638726578,8.095594795342988,100.0,0.0,0.6531629559430496,0.204267922069692,0.0,0.544,0.8509596367108664,0.6952706941491422,0.0,5.269722854221326,,yes,
main,integral,5,surface_dev_05,29,4.5,-15.0,-15.0,0.012,0.1,0.45,True,0.22767714123836083,12.60787224889725,8.093115557222566,100.0,0.0,0.653314555523352,0.2091986736499939,0.0,0.546,0.8507430599181687,0.6951138802715889,0.0,5.257358955833242,,yes,
main,integral,6,surface_dev_06,11,4.5,-15.0,-15.0,0.012,0.13,0.45,True,0.23625378875545314,12.631748427136072,8.098784985753014,100.0,0.0,0.6532765393719618,0.2042226078531297,0.0,0.544,0.8492396149747151,0.6930473446635048,0.0,5.271010056218588,,yes,
main,integral,7,surface_dev_07,29,4.5,-15.0,-15.0,0.012,0.13,0.45,True,0.22871512418718828,12.60905086500153,8.096289614665185,100.0,0.0,0.6534290465752436,0.20914615184239851,0.0,0.546,0.8490242517118045,0.6928519170248809,0.0,5.258628751778007,,yes,
main,integral,8,surface_dev_08,11,4.5,0.0,0.0,0.005,0.1,0.45,True,0.16912540577874743,12.63497916865367,8.064794206390555,100.0,0.0,0.5315056866750656,0.2095572054070994,0.0,0.5740000000000001,0.7897473216626829,0.6440100684896379,0.0,5.178515123116944,,yes,
main,integral,9,surface_dev_09,29,4.5,0.0,0.0,0.005,0.1,0.45,True,0.15992512848877524,12.620963992757861,8.057680981787987,100.0,0.0,0.5318108847105415,0.2151052176660843,0.0,0.5740000000000001,0.789613538486257,0.6433012998848311,0.0,5.175174205659595,,yes,
main,integral,10,surface_dev_10,11,4.5,0.0,0.0,0.005,0.13,0.45,True,0.170153136972098,12.636163268229701,8.068201220098882,100.0,0.0,0.5316034186039602,0.20950741062499306,0.0,0.5740000000000001,0.7881851881425885,0.6417514665312887,0.0,5.179219806362696,,yes,
main,integral,11,surface_dev_11,29,4.5,0.0,0.0,0.005,0.13,0.45,True,0.16070420906841712,12.622106564812883,8.061084591349957,100.0,0.0,0.5319093848907905,0.21505375434123716,0.0,0.5740000000000001,0.788051126432411,0.641075632809053,0.0,5.175931108143631,,yes,
main,integral,12,surface_dev_12,11,4.5,0.0,0.0,0.012,0.1,0.45,True,0.17266313741804085,12.650074162213052,8.071892622735874,100.0,0.0,0.5319100660899577,0.21010682852557713,0.0,0.5740000000000001,0.851086451815454,0.6952004367138456,0.0,5.178413005029007,,yes,
main,integral,13,surface_dev_13,29,4.5,0.0,0.0,0.012,0.1,0.45,True,0.16253419763284338,12.627296366084218,8.064425187796402,100.0,0.0,0.5322206410155667,0.21562429288452814,0.0,0.5740000000000001,0.8508893935353159,0.6946281800008571,0.0,5.174688344124555,,yes,
main,integral,14,surface_dev_14,11,4.5,0.0,0.0,0.012,0.13,0.45,True,0.17368607319107107,12.651216972833824,8.075286129522269,100.0,0.0,0.5320070623703077,0.21005639939401496,0.0,0.5740000000000001,0.8493669777266191,0.6929518061252817,0.0,5.179122202913909,,yes,
main,integral,15,surface_dev_15,29,4.5,0.0,0.0,0.012,0.13,0.45,True,0.16330756295342935,12.628399420773137,8.067812610936208,100.0,0.0,0.5323182399068939,0.21557032722369418,0.0,0.5740000000000001,0.8491699744381034,0.6923974487728981,0.0,5.175449872022858,,yes,
main,integral,16,surface_dev_16,11,4.5,15.0,15.0,0.005,0.1,0.45,True,0.19369471748362885,12.619214966154765,8.148348516701624,100.0,0.0,0.4958646226108295,0.20252906049472072,0.0,0.544,0.7896192975543719,0.6432972908443462,0.0,5.1933895936561845,,yes,
main,integral,17,surface_dev_17,29,4.5,15.0,15.0,0.005,0.1,0.45,True,0.1875276962007695,12.620883356673472,8.13640667055791,100.0,0.0,0.49625330629470604,0.20824097749569695,0.0,0.544,0.7894029418209005,0.6429136251184728,0.0,5.18517652863461,,yes,
main,integral,18,surface_dev_18,11,4.5,15.0,15.0,0.005,0.13,0.45,True,0.19404813227282047,12.620328087275254,8.15183372398107,100.0,0.0,0.4959762591799387,0.2024766214148065,0.0,0.544,0.7880562928667921,0.6410499894928361,0.0,5.19383311572058,,yes,
main,integral,19,surface_dev_19,29,4.5,15.0,15.0,0.005,0.13,0.45,True,0.18763190447496547,12.621853557575934,8.139890735401226,100.0,0.0,0.49636539379394895,0.20819398855696544,0.0,0.544,0.7878416219125294,0.6406653867166364,0.0,5.185696843440886,,yes,
main,integral,20,surface_dev_20,11,4.5,15.0,15.0,0.012,0.1,0.45,True,0.19621493089045938,12.636075926790975,8.155559549204456,100.0,0.0,0.4960914496790851,0.2030513046918205,0.0,0.544,0.8509307812148564,0.6946339183061395,0.0,5.192877134502756,,yes,
main,integral,21,surface_dev_21,29,4.5,15.0,15.0,0.012,0.1,0.45,True,0.18991277027073936,12.65838340970395,8.143862677132459,100.0,0.0,0.49648988317727466,0.20874159074906934,0.0,0.544,0.850729321629766,0.6942031772787862,0.0,5.184586539446722,,yes,
main,integral,22,surface_dev_22,11,4.5,15.0,15.0,0.012,0.13,0.45,True,0.1965665918873731,12.637313391606307,8.159025413094591,100.0,0.0,0.49620177001213117,0.20299565592198934,0.0,0.544,0.8492106924136815,0.6923581382914049,0.0,5.193325247744426,,yes,
main,integral,23,surface_dev_23,29,4.5,15.0,15.0,0.012,0.13,0.45,True,0.19001851467098352,12.659353742562168,8.147326593380022,100.0,0.0,0.4966006122808855,0.20869084328934376,0.0,0.544,0.8490105266915835,0.6919460241823008,0.0,5.185111419238585,,yes,
main,friction,0,surface_dev_00,11,4.5,-15.0,-15.0,0.005,0.1,0.45,True,0.20964051008268803,12.624059704727921,1.8855354126455788,100.0,0.0,0.5567667630742675,0.20127911832104775,0.0,0.544,0.7896720654738676,0.6602403226087742,0.0,5.555088706099216,,yes,
main,friction,1,surface_dev_01,29,4.5,-15.0,-15.0,0.005,0.1,0.45,True,0.19961834691019498,12.607584848336476,1.8743814466511093,100.0,0.0,0.556980579008517,0.2061409339163776,0.0,0.546,0.7894230923833692,0.66121117263096,0.0,5.543367645278306,,yes,
main,friction,2,surface_dev_02,11,4.5,-15.0,-15.0,0.005,0.13,0.45,True,0.2108514954925669,12.625197196463274,1.8906523983223076,100.0,0.0,0.5568326809820323,0.20123881657600096,0.0,0.544,0.7881085839671585,0.6580716279418684,0.0,5.555036651401211,,yes,
main,friction,3,surface_dev_03,29,4.5,-15.0,-15.0,0.005,0.13,0.45,True,0.2006640024278618,12.608693510981468,1.8794677621737879,100.0,0.0,0.5570471190018768,0.2061007309157999,0.0,0.546,0.7878612005228978,0.6590059867729765,0.0,5.543459656967724,,yes,
main,friction,4,surface_dev_04,11,4.5,-15.0,-15.0,0.012,0.1,0.45,True,0.21123546798702691,12.632031461236583,1.8913835295442922,100.0,0.0,0.5572624063259562,0.20155136681296756,0.0,0.544,0.8509739222300126,0.711263522454408,0.0,5.555913425289675,,yes,
main,friction,5,surface_dev_05,29,4.5,-15.0,-15.0,0.012,0.1,0.45,True,0.2017006114397428,12.609429748505596,1.8801641261462694,100.0,0.0,0.5574646396567383,0.20643908371762595,0.0,0.546,0.8507582365731882,0.7125911289324987,0.0,5.546061648030318,,yes,
main,friction,6,surface_dev_06,11,4.5,-15.0,-15.0,0.012,0.13,0.45,True,0.21244308970302012,12.633143773804454,1.8965284995826177,100.0,0.0,0.5573282195971642,0.20150836263315663,0.0,0.544,0.8492537704864294,0.7091122111327846,0.0,5.555835437714571,,yes,
main,friction,7,surface_dev_07,29,4.5,-15.0,-15.0,0.012,0.13,0.45,True,0.20274744886615237,12.610598257013178,1.8852778837180189,100.0,0.0,0.557531032668114,0.20639620585976842,0.0,0.546,0.8490392960182682,0.7104225585413629,0.0,5.546138571318563,,yes,
main,friction,8,surface_dev_08,11,4.5,0.0,0.0,0.005,0.1,0.45,True,0.16228244396804478,12.636585788580819,1.8043320344220493,100.0,0.0,0.4501545965963686,0.20904664300235376,0.0,0.5740000000000001,0.7897611603013623,0.6596471088251357,0.0,5.5560059220670315,,yes,
main,friction,9,surface_dev_09,29,4.5,0.0,0.0,0.005,0.1,0.45,True,0.15140821247154526,12.622467681460728,1.7905495901465214,100.0,0.0,0.45046217683428263,0.21439443305154782,0.0,0.5740000000000001,0.7896273381316279,0.6598423743902695,0.0,5.54443122430275,,yes,
main,friction,10,surface_dev_10,11,4.5,0.0,0.0,0.005,0.13,0.45,True,0.16331823867593018,12.6377605415699,1.809448659329925,100.0,0.0,0.45020753374671896,0.20900151793362476,0.0,0.5740000000000001,0.7881989087508492,0.6574178348033102,0.0,5.555899583976282,,yes,
main,friction,11,surface_dev_11,29,4.5,0.0,0.0,0.005,0.13,0.45,True,0.1521894891314334,12.623602954725857,1.7956536408297876,100.0,0.0,0.45051567192305825,0.21435308838842285,0.0,0.5740000000000001,0.7880648169046114,0.6576476903975073,0.0,5.544215662554637,,yes,
main,friction,12,surface_dev_12,11,4.5,0.0,0.0,0.012,0.1,0.45,True,0.1651684546838027,12.65162317449773,1.8101725288276476,100.0,0.0,0.45049006423043486,0.20940232070594322,0.0,0.5740000000000001,0.8511013179661533,0.7109998804384412,0.0,5.560666478603819,,yes,
main,friction,13,surface_dev_13,29,4.5,0.0,0.0,0.012,0.1,0.45,True,0.15329732434359394,12.628783970392217,1.7963844656072254,100.0,0.0,0.45080755562637753,0.21470216161518194,0.0,0.5740000000000001,0.8509045513209537,0.711085799844642,0.0,5.5473366433331925,,yes,
main,friction,14,surface_dev_14,11,4.5,0.0,0.0,0.012,0.13,0.45,True,0.1662040968506829,12.652757751384899,1.8153215844496242,100.0,0.0,0.450542875305343,0.20935358538112853,0.0,0.5740000000000001,0.8493817337996492,0.7088064766061011,0.0,5.560422017628878,,yes,
main,friction,15,surface_dev_15,29,4.5,0.0,0.0,0.012,0.13,0.45,True,0.15408088833892966,12.629880561091165,1.8015191629480347,100.0,0.0,0.4508607805254612,0.21465836888842624,0.0,0.5740000000000001,0.8491850282756688,0.7089058020291819,0.0,5.547028618615569,,yes,
main,friction,16,surface_dev_16,11,4.5,15.0,15.0,0.005,0.1,0.45,True,0.1708274036684484,12.620729988248337,1.9119209235147776,100.0,0.0,0.42361953723487517,0.2031633553334102,0.0,0.544,0.7896328860047055,0.6586684932522076,0.0,5.615892952936453,,yes,
main,friction,17,surface_dev_17,29,4.5,15.0,15.0,0.005,0.1,0.45,True,0.16357939669828833,12.599041467801147,1.895573179516424,100.0,0.0,0.4238823248755746,0.20873244322641293,0.0,0.544,0.7894180896112282,0.6586521629898152,0.0,5.621213330064391,,yes,
main,friction,18,surface_dev_18,11,4.5,15.0,15.0,0.005,0.13,0.45,True,0.17123940131884324,12.621832743060999,1.9169175393222149,100.0,0.0,0.423691183515696,0.2031160072372517,0.0,0.544,0.7880697485673077,0.6564394899125012,0.0,5.61564578941863,,yes,
main,friction,19,surface_dev_19,29,4.5,15.0,15.0,0.005,0.13,0.45,True,0.16370752384810117,12.60015257809223,1.9005662218855874,100.0,0.0,0.4239537989918888,0.20869307310918223,0.0,0.544,0.7878566307167254,0.6564817889965733,0.0,5.620996841637284,,yes,
main,friction,20,surface_dev_20,11,4.5,15.0,15.0,0.012,0.1,0.45,True,0.17278808485609837,12.628721905310462,1.9181234828999645,100.0,0.0,0.4237785011938424,0.20355828477857887,0.0,0.544,0.8509454786976567,0.7101962338320975,0.0,5.619949493705211,,yes,
main,friction,21,surface_dev_21,29,4.5,15.0,15.0,0.012,0.1,0.45,True,0.16537428964500206,12.61248848689036,1.9017705317566953,100.0,0.0,0.42404262938620324,0.20907800078041278,0.0,0.544,0.8507462602938622,0.7097962768925856,0.0,5.623807687573647,,yes,
main,friction,22,surface_dev_22,11,4.5,15.0,15.0,0.012,0.13,0.45,True,0.1732059200335102,12.629794323374925,1.9231453361686073,100.0,0.0,0.42384893785275524,0.20350668322951246,0.0,0.544,0.8492252600052451,0.7079802222364588,0.0,5.619614736156516,,yes,
main,friction,23,surface_dev_23,29,4.5,15.0,15.0,0.012,0.13,0.45,True,0.1655141020379737,12.613569433329905,1.9067934327438807,100.0,0.0,0.4241132349699289,0.20903586290526577,0.0,0.544,0.8490273225311915,0.70763247147612,0.0,5.623616024550901,,yes,
