rotation_gain_scale,max_force_n,row_origin,trace_path,surface_yaw_deg,variant,case,simulation_seed,arm,window,window_start_s,window_end_s,dt_s,sample_count,moving_sample_count,undefined_direction_sample_count,controller_yaw_error_deg,tangent_rmse_mm,tangent_velocity_error_rms_m_s,tangent_p95_error_mm,window_peak_tangent_error_mm,tangent_error_above_threshold_fraction,tangent_error_above_threshold_pct,tangent_threshold_mm,moving_tangent_rmse_mm,along_track_rmse_mm,cross_track_rmse_mm,along_track_mean_mm,rolling_window_s,rolling_window_samples,rolling_window_count,rolling_window_pass_pct,first_qualifying_window_start_s,longest_qualifying_run_window_count,longest_qualifying_run_start_span_s,update_ready_after_compute_pct,coefficient_before_compute_min,coefficient_before_compute_max,coefficient_after_compute_min,coefficient_after_compute_max,coefficient_rate_max_abs_per_s,coefficient_rate_mean_per_s,coefficient_rate_nonzero_pct,window_peak_requested_tangential_force_n,requested_tangential_force_mean_n,window_peak_requested_force_true_normal_component_n,requested_force_true_normal_component_mean_abs_n,window_peak_true_normal_force_n,normal_force_error_rms_n,normal_force_error_mean_n,measured_minus_true_normal_force_mean_n,contact_ratio_pct,contact_force_floor_n,contact_blend_min,contact_blend_full_pct,orientation_error_rms_deg,window_peak_orientation_error_deg,torque_projection_scale_min,torque_projection_pct,actuator_clipped_pct,minimum_torque_headroom_nm,minimum_reserved_torque_headroom_nm,torque_reserve_fraction_each_side,compensation_active_pct,amplitude_capped_pct,slew_limited_pct,window_peak_corrected_force_n,corrected_force_mean_n
1.0,6.0,pinned_reference,results/franka_compensation_budget/traces/yaw_-15__modest_combined__combined__seed_11__online__s1__f6n__diagnostic.npz,-15.0,combined,modest_combined,11,online,post,8.0,12.0,0.002,2000,2000,0,3.0,3.3325586657033037,0.0040810759282191526,4.260284927268399,4.272779828936591,0.554,55.400000000000006,3.0,3.3325586657033037,3.2863814347433578,0.5528510882040224,-3.1289104088385207,0.25,125,1876,44.18976545842217,0.0,829,1.6560000000000001,100.0,0.500499715606112,0.5092328306930824,0.500499715606112,0.5092328306930824,0.14681163533225572,0.002183278771742625,2.0,5.984317976910445,5.9794747696505866,0.313195003783447,0.241098488743563,11.79598567413369,0.7519492993052123,-0.6641754390583069,0.9046185797133133,100.0,0.5,1.0,100.0,0.28362245763336885,0.38280430363211354,1.0,0.0,0.0,5.721009991027678,4.521009991027679,0.05,100.0,98.0,0.0,12.205032888318776,12.027891674055848
1.0,6.0,pinned_reference,results/franka_compensation_budget/traces/yaw_-15__modest_combined__combined__seed_11__online__s1__f6n__diagnostic.npz,-15.0,combined,modest_combined,11,online,early_post,8.0,8.5,0.002,250,250,0,3.0,2.337786181161644,0.004209903922325594,2.8411249941557797,2.9357572589115715,0.0,0.0,3.0,2.337786181161644,2.1385519561448,0.9443726805131503,-2.1303622959078234,0.25,125,126,100.0,0.0,126,0.25,100.0,0.500499715606112,0.5081487412483627,0.500499715606112,0.5081487412483627,0.14681163533225572,0.015298051284501568,13.600000000000001,5.984286635324408,5.981690795599938,0.3128383104121796,0.2972937320228134,11.045116387715614,1.133694206761023,-1.131952037066838,1.2549934750635783,100.0,0.5,1.0,100.0,0.3118227072580181,0.3379581826614199,1.0,0.0,0.0,6.568054357844398,5.368054357844398,0.05,100.0,86.4,0.0,12.067225549934857,11.910489971397583
1.0,6.0,pinned_reference,results/franka_compensation_budget/traces/yaw_-15__modest_combined__combined__seed_11__online__s1__f6n__diagnostic.npz,-15.0,combined,modest_combined,11,online,late_post,10.0,12.0,0.002,1000,1000,0,3.0,4.103317100611353,0.00441908223531095,4.266841017156042,4.272779828936591,1.0,100.0,3.0,4.103317100611353,4.071259551766141,0.5119149248874527,-4.067689297838475,0.25,125,876,0.0,,0,0.0,100.0,0.5092328306930824,0.5092328306930824,0.5092328306930824,0.5092328306930824,0.0,0.0,0.0,5.984317976910445,5.980276415436067,0.313195003783447,0.2574466402349278,11.79598567413369,0.3514815377281283,-0.3451895571560511,0.6351472914429264,100.0,0.5,1.0,100.0,0.24970240937982838,0.38280430363211354,1.0,0.0,0.0,6.013618070610195,4.813618070610196,0.05,100.0,100.0,0.0,12.205032888318776,12.077406267687715
1.0,8.0,pinned_reference,results/franka_compensation_budget/traces/yaw_-15__modest_combined__combined__seed_11__online__s1__f8n__diagnostic.npz,-15.0,combined,modest_combined,11,online,post,8.0,12.0,0.002,2000,2000,0,3.0,1.2456755961955523,0.0026141634312033444,1.7391158951920096,2.7137591443785873,0.0,0.0,3.0,1.2456755961955523,0.8615561603749107,0.8996825403869889,-0.6890474853441921,0.25,125,1876,100.0,0.0,1876,3.75,100.0,0.5251601725319549,0.6669858417577798,0.5253313350285088,0.6669858417577798,0.14745097863200218,0.03535966843636282,77.35,7.979090635880592,7.238847543609492,0.41759333837792934,0.2926153090555105,11.787442095423348,0.7483631642584149,-0.6600430661347259,0.901796315462763,100.0,0.5,1.0,100.0,0.2988541523192875,0.41049673547318993,1.0,0.0,0.0,5.729836781044096,4.5298367810440965,0.05,100.0,24.3,0.0,12.215246965369165,12.029201782728878
1.0,8.0,pinned_reference,results/franka_compensation_budget/traces/yaw_-15__modest_combined__combined__seed_11__online__s1__f8n__diagnostic.npz,-15.0,combined,modest_combined,11,online,early_post,8.0,8.5,0.002,250,250,0,3.0,1.6238612506359136,0.004755485982307422,2.549895179269115,2.7137591443785873,0.0,0.0,3.0,1.6238612506359136,1.3999209356685332,0.8228892605896446,-1.3305809264076767,0.25,125,126,100.0,0.0,126,0.25,100.0,0.5251601725319549,0.5503157143555018,0.5253313350285088,0.5503814315727662,0.14745097863200218,0.050442518081622596,100.0,6.549704993468689,6.428401614232578,0.3423964740859849,0.3196171716063034,11.036178333448047,1.1321160853757994,-1.1302398424728934,1.254496732745885,100.0,0.5,1.0,100.0,0.3254430574146017,0.35790087403711396,1.0,0.0,0.0,6.554240442741463,5.354240442741464,0.05,100.0,0.0,0.0,12.055957203677844,11.911705423673833
1.0,8.0,pinned_reference,results/franka_compensation_budget/traces/yaw_-15__modest_combined__combined__seed_11__online__s1__f8n__diagnostic.npz,-15.0,combined,modest_combined,11,online,late_post,10.0,12.0,0.002,1000,1000,0,3.0,1.1095537607422983,0.0020699123889698547,1.6640591842126906,1.7234128597997815,0.0,0.0,3.0,1.1095537607422983,0.6575581972818697,0.8937151476643971,-0.4389665929089569,0.25,125,876,100.0,0.0,876,1.75,100.0,0.5969784540124154,0.6669858417577798,0.597131023225758,0.6669858417577798,0.1315908543350064,0.034810196132495363,54.7,7.979090635880592,7.833318310514098,0.41759333837792934,0.33861433306828054,11.787442095423348,0.35029778348607227,-0.34333294755376503,0.634507675240532,100.0,0.5,1.0,100.0,0.2681043423383259,0.41049673547318993,1.0,0.0,0.0,6.061088734626537,4.861088734626538,0.05,100.0,48.6,0.0,12.215246965369165,12.078623261087607
2.0,6.0,executed,traces/dynamic__yaw-15__combined__s2__f6n.npz,-15.0,combined,modest_combined,11,online,post,8.0,12.0,0.002,2000,2000,0,3.0,3.3221749592510266,0.004084074698140117,4.253118140192208,4.267430434506562,0.552,55.2,3.0,3.3221749592510266,3.277515267518635,0.5428997430988627,-3.1184110781744825,0.25,125,1876,44.40298507462687,0.0,833,1.6640000000000001,100.0,0.5006031330720505,0.5095523328307988,0.5006031330720505,0.5095523328307988,0.15118962365118227,0.0022372999396870767,2.0,5.984317976910445,5.979483128741011,0.313195003783447,0.24109902425351493,11.80068802853364,0.7536196269540445,-0.664852602400377,0.9044058573105611,100.0,0.5,1.0,100.0,0.15043921879133895,0.20329460298644023,1.0,0.0,0.0,5.719255947884832,4.519255947884833,0.05,100.0,98.0,0.0,12.208216610384033,12.02704576973309
2.0,6.0,executed,traces/dynamic__yaw-15__combined__s2__f6n.npz,-15.0,combined,modest_combined,11,online,early_post,8.0,8.5,0.002,250,250,0,3.0,2.2882227920116773,0.004385745422157174,2.872636867824285,2.9842692080443047,0.0,0.0,3.0,2.2882227920116773,2.0890702668728864,0.9336749787529727,-2.078040006913498,0.25,125,126,100.0,0.0,126,0.25,100.0,0.5006031330720505,0.5093273003886252,0.5006031330720505,0.5093273003886252,0.15118962365118227,0.017448334633149324,15.6,5.984286635324408,5.981638873826704,0.3128383104121796,0.2972918020316197,11.004715711768418,1.1662897989743766,-1.1649904465678633,1.2528596252845865,100.0,0.5,1.0,100.0,0.16334289509184388,0.2025972771677706,1.0,0.0,0.0,6.574222464855305,5.374222464855306,0.05,100.0,84.39999999999999,0.0,12.0277568812636,11.87536169353963
2.0,6.0,executed,traces/dynamic__yaw-15__combined__s2__f6n.npz,-15.0,combined,modest_combined,11,online,late_post,10.0,12.0,0.002,1000,1000,0,3.0,4.094653850282997,0.004404377398094035,4.259803077414909,4.267430434506562,1.0,100.0,3.0,4.094653850282997,4.065087867364698,0.4911728659460883,-4.06124314431398,0.25,125,876,0.0,,0,0.0,100.0,0.5095523328307988,0.5095523328307988,0.5095523328307988,0.5095523328307988,0.0,0.0,0.0,5.984317976910445,5.980276415436067,0.313195003783447,0.2574466402349278,11.80068802853364,0.3532393823217782,-0.3465293552317685,0.63525872134028,100.0,0.5,1.0,100.0,0.13731565193565592,0.20329460298644023,1.0,0.0,0.0,6.01273355835936,4.812733558359361,0.05,100.0,100.0,0.0,12.208216610384033,12.076221880931419
2.0,8.0,executed,traces/dynamic__yaw-15__combined__s2__f8n.npz,-15.0,combined,modest_combined,11,online,post,8.0,12.0,0.002,2000,2000,0,3.0,1.252604728339374,0.002669317300778244,1.737268313002419,2.7588526029501015,0.0,0.0,3.0,1.252604728339374,0.8549822706435183,0.915436465487043,-0.6852124904332635,0.25,125,1876,100.0,0.0,1876,3.75,100.0,0.5259727944186199,0.666988574541031,0.5261458373478903,0.666988574541031,0.1478823889126124,0.03515404891358409,77.95,7.979090635880592,7.235521210146669,0.41759333837792934,0.2924700291389951,11.7897966032622,0.7503729237579776,-0.6607750717862316,0.901602482350227,100.0,0.5,1.0,100.0,0.1587982865547731,0.21833891081896964,1.0,0.0,0.0,5.729456496850952,4.529456496850953,0.05,100.0,23.75,0.0,12.22128863695267,12.028319925386903
2.0,8.0,executed,traces/dynamic__yaw-15__combined__s2__f8n.npz,-15.0,combined,modest_combined,11,online,early_post,8.0,8.5,0.002,250,250,0,3.0,1.601894314394011,0.004988325476110962,2.581318143254819,2.7588526029501015,0.0,0.0,3.0,1.601894314394011,1.3776045637922834,0.8174784769683733,-1.3014676852624198,0.25,125,126,100.0,0.0,126,0.25,100.0,0.5259727944186199,0.5500774524812916,0.5261458373478903,0.5501437608715788,0.1478823889126124,0.04834193290591782,100.0,6.538888242128105,6.411519851580601,0.34183101082866657,0.3187755930406773,10.999274357913013,1.1668090295065765,-1.1654016278716854,1.2525453645727993,100.0,0.5,1.0,100.0,0.17101799488252778,0.214371895747385,1.0,0.0,0.0,6.560858018803032,5.360858018803032,0.05,100.0,0.0,0.0,12.020266082170007,11.874636251524022
2.0,8.0,executed,traces/dynamic__yaw-15__combined__s2__f8n.npz,-15.0,combined,modest_combined,11,online,late_post,10.0,12.0,0.002,1000,1000,0,3.0,1.126309401579701,0.0020846564039884363,1.6704971313737667,1.7257333234943402,0.0,0.0,3.0,1.126309401579701,0.6586758749953691,0.9136295528199101,-0.4420055523382374,0.25,125,876,100.0,0.0,876,1.75,100.0,0.596113353443211,0.666988574541031,0.5962643538534037,0.666988574541031,0.131324400302113,0.035237818314872604,55.900000000000006,7.979090635880592,7.828848017297172,0.41759333837792934,0.33843881035887385,11.7897966032622,0.35158249244745726,-0.3442497291021374,0.6346689788980946,100.0,0.5,1.0,100.0,0.14709624490695467,0.21833891081896964,1.0,0.0,0.0,6.059343746144787,4.859343746144788,0.05,100.0,47.5,0.0,12.22128863695267,12.077911764618863
1.0,6.0,pinned_reference,results/franka_compensation_budget/traces/yaw_-15__modest_combined__no_bias__seed_11__online__s1__f6n__diagnostic.npz,-15.0,no_bias,modest_combined,11,online,post,8.0,12.0,0.002,2000,2000,0,3.0,4.201931790380261,0.0051245186503396664,5.2482831306565645,5.261601759492987,0.7185,71.85000000000001,3.0,4.201931790380261,4.119868009140357,0.8263887452465284,-3.9792743735479794,0.25,125,1876,29.58422174840085,0.19400000000000084,555,1.108,100.0,0.506399572162442,0.510447121857562,0.506399572162442,0.510447121857562,0.188995735199593,0.0010118874237800002,0.65,5.984317976910445,5.979603894271883,0.313195003783447,0.24110487817151174,12.572894942346338,0.38878682417722216,0.07578124542597249,0.15448245074206074,100.0,0.5,1.0,100.0,0.27886349773342484,0.3738926162863709,1.0,0.0,0.0,5.462076927142343,4.262076927142344,0.05,100.0,99.35000000000001,0.0,12.200201085252973,12.017712229568874
1.0,6.0,pinned_reference,results/franka_compensation_budget/traces/yaw_-15__modest_combined__no_bias__seed_11__online__s1__f6n__diagnostic.npz,-15.0,no_bias,modest_combined,11,online,early_post,8.0,8.5,0.002,250,250,0,3.0,3.1526233798929426,0.004866718374734449,3.625093188558808,3.710263867461733,0.62,62.0,3.0,3.1526233798929426,2.895760751380982,1.246436458953705,-2.890613400953381,0.25,125,126,23.015873015873016,0.19400000000000084,29,0.056,100.0,0.506399572162442,0.5098686714866463,0.506399572162442,0.5098686714866463,0.188995735199593,0.0069381986484085,4.3999999999999995,5.984286635324408,5.982606308651533,0.3128383104121796,0.2973387019368497,11.73324344152631,0.44056232555125674,-0.43654293289613866,0.5233446787439743,100.0,0.5,1.0,100.0,0.3015657916333637,0.3233778584991177,1.0,0.0,0.0,6.3922831785191825,5.192283178519183,0.05,100.0,95.6,0.0,12.020040085588915,11.874250279248677
1.0,6.0,pinned_reference,results/franka_compensation_budget/traces/yaw_-15__modest_combined__no_bias__seed_11__online__s1__f6n__diagnostic.npz,-15.0,no_bias,modest_combined,11,online,late_post,10.0,12.0,0.002,1000,1000,0,3.0,5.074882190203659,0.005579051077957789,5.255824575023457,5.261601759492987,1.0,100.0,3.0,5.074882190203659,4.985086763669929,0.9504415832281116,-4.980827428887617,0.25,125,876,0.0,,0,0.0,100.0,0.510447121857562,0.510447121857562,0.510447121857562,0.510447121857562,0.0,0.0,0.0,5.984317976910445,5.980276415436067,0.313195003783447,0.2574466402349278,12.572894942346338,0.4280944052378351,0.4221725434590409,-0.13320257255576334,100.0,0.5,1.0,100.0,0.24838573219127158,0.3738926162863709,1.0,0.0,0.0,5.748786619827376,4.548786619827377,0.05,100.0,100.0,0.0,12.200201085252973,12.076418504304119
1.0,8.0,pinned_reference,results/franka_compensation_budget/traces/yaw_-15__modest_combined__no_bias__seed_11__online__s1__f8n__diagnostic.npz,-15.0,no_bias,modest_combined,11,online,post,8.0,12.0,0.002,2000,2000,0,3.0,1.4463590278541294,0.002708795055028982,1.9266765247454356,3.2359284534344908,0.008,0.8,3.0,1.4463590278541294,1.187090176608737,0.8262997942963436,-1.1315207732045156,0.25,125,1876,100.0,0.0,1876,3.75,98.75,0.5447574137372232,0.6686267690517468,0.5449815074840038,0.6686267690517468,0.17263409414791653,0.0309673388286309,58.9,7.979090635880592,7.469960476012217,0.41759333837792934,0.30081280474203254,12.572345512548049,0.39102121673906054,0.08328034016540616,0.14899247795066878,100.0,0.5,1.0,100.0,0.29533937659430065,0.3960507931820286,1.0,0.0,0.0,5.472998224505031,4.272998224505032,0.05,100.0,39.85,0.05,12.213248664498362,12.019721351516916
1.0,8.0,pinned_reference,results/franka_compensation_budget/traces/yaw_-15__modest_combined__no_bias__seed_11__online__s1__f8n__diagnostic.npz,-15.0,no_bias,modest_combined,11,online,early_post,8.0,8.5,0.002,250,250,0,3.0,1.9601065588580935,0.0054392234951169734,3.0414464824182317,3.2359284534344908,0.064,6.4,3.0,1.9601065588580935,1.6759530905370377,1.0164639493842704,-1.5947484250029424,0.25,125,126,100.0,0.0,126,0.25,100.0,0.5447574137372232,0.5779589458388579,0.5449815074840038,0.5780463269930312,0.17263409414791653,0.06657782651161592,100.0,6.86224833225293,6.696203969982619,0.3587351851127409,0.3329859823448079,11.728833518880814,0.43865977630471664,-0.43388572471575754,0.5235969968690176,100.0,0.5,1.0,100.0,0.32053035287677634,0.3548562371045641,1.0,0.0,0.0,6.3694179871135095,5.16941798711351,0.05,100.0,0.0,0.0,12.01817662576569,11.877159805554102
1.0,8.0,pinned_reference,results/franka_compensation_budget/traces/yaw_-15__modest_combined__no_bias__seed_11__online__s1__f8n__diagnostic.npz,-15.0,no_bias,modest_combined,11,online,late_post,10.0,12.0,0.002,1000,1000,0,3.0,1.3882639559864014,0.0016915283970761498,1.7402780496642019,1.7951854061974175,0.0,0.0,3.0,1.3882639559864014,1.2054104578934812,0.6886671470979583,-1.197405098076054,0.25,125,876,100.0,0.0,876,1.75,97.5,0.6324491654755274,0.6686267690517468,0.6326129580620841,0.6686267690517468,0.14036469085176861,0.018088801788109676,17.8,7.979090635880592,7.946336871646392,0.41759333837792934,0.34255911666482264,12.572345512548049,0.4330566347658261,0.42679438346584714,-0.13637392661812386,100.0,0.5,1.0,100.0,0.26502128060425684,0.3960507931820286,1.0,0.0,0.0,5.8201243814128105,4.620124381412811,0.05,100.0,79.7,0.1,12.213248664498362,12.077868990248565
2.0,6.0,executed,traces/dynamic__yaw-15__no_bias__s2__f6n.npz,-15.0,no_bias,modest_combined,11,online,post,8.0,12.0,0.002,2000,2000,0,3.0,4.1889568740724625,0.005120742789291201,5.239286118358169,5.257198048392166,0.706,70.6,3.0,4.1889568740724625,4.109828123232679,0.8103533120341355,-3.967889793490698,0.25,125,1876,30.863539445628994,0.14400000000000013,579,1.156,100.0,0.5055634261136653,0.5112895011426583,0.5055634261136653,0.5112895011426583,0.19181177957000584,0.001431518757248229,0.8999999999999999,5.984317976910445,5.979598315838646,0.313195003783447,0.24110464315194458,12.577648319857067,0.39054717831780245,0.0749760700287483,0.15428205043479637,100.0,0.5,1.0,100.0,0.1478126713484486,0.19778532151880426,1.0,0.0,0.0,5.459903802307455,4.259903802307456,0.05,100.0,99.1,0.0,12.202478965587904,12.016750635286451
2.0,6.0,executed,traces/dynamic__yaw-15__no_bias__s2__f6n.npz,-15.0,no_bias,modest_combined,11,online,early_post,8.0,8.5,0.002,250,250,0,3.0,3.1044895186383257,0.005015573674908225,3.662940537951428,3.76639206751531,0.516,51.6,3.0,3.1044895186383257,2.8475951640378687,1.2365504248041679,-2.840457068801496,0.25,125,126,42.857142857142854,0.14400000000000013,54,0.106,100.0,0.5055634261136653,0.5112895011426583,0.5055634261136653,0.5112895011426583,0.19181177957000584,0.011452150057985833,7.199999999999999,5.984286635324408,5.982543135346433,0.3128383104121796,0.29733585163205545,11.696118790362124,0.4712712465701502,-0.4682777728551616,0.5214098659868523,100.0,0.5,1.0,100.0,0.15850999562257942,0.19494138380453513,1.0,0.0,0.0,6.398173992689163,5.1981739926891635,0.05,100.0,92.80000000000001,0.0,11.984445070495951,11.840624607954597
2.0,6.0,executed,traces/dynamic__yaw-15__no_bias__s2__f6n.npz,-15.0,no_bias,modest_combined,11,online,late_post,10.0,12.0,0.002,1000,1000,0,3.0,5.0637210078295505,0.0055609483138835125,5.246481126326574,5.257198048392166,1.0,100.0,3.0,5.0637210078295505,4.977744080522109,0.9291578520151531,-4.973167097164575,0.25,125,876,0.0,,0,0.0,100.0,0.5112895011426583,0.5112895011426583,0.5112895011426583,0.5112895011426583,0.0,0.0,0.0,5.984317976910445,5.980276415436067,0.313195003783447,0.2574466402349278,12.577648319857067,0.4266859005946237,0.42032088752661917,-0.13309728322393896,100.0,0.5,1.0,100.0,0.1364091813574127,0.19778532151880426,1.0,0.0,0.0,5.7479733143891085,4.547973314389109,0.05,100.0,100.0,0.0,12.202478965587904,12.074716119125586
2.0,8.0,executed,traces/dynamic__yaw-15__no_bias__s2__f8n.npz,-15.0,no_bias,modest_combined,11,online,post,8.0,12.0,0.002,2000,2000,0,3.0,1.4484195471846621,0.002773410934574433,1.8794147361297324,3.2905522288549878,0.009,0.8999999999999999,3.0,1.4484195471846621,1.1794903143776354,0.8406674627675139,-1.124100627800605,0.25,125,1876,100.0,0.0,1876,3.75,98.75,0.545401346950576,0.668937353209919,0.5456285019565346,0.668937353209919,0.17357855752481166,0.030884001564835756,59.25,7.979090635880592,7.467457586176779,0.41759333837792934,0.30071009848178276,12.575124610569178,0.3934310801832273,0.08228589961321074,0.14881821937603448,100.0,0.5,1.0,100.0,0.15669308098496285,0.2151830138313891,1.0,0.0,0.0,5.472113496259528,4.272113496259529,0.05,100.0,39.5,0.05,12.218692446745065,12.018596633812152
2.0,8.0,executed,traces/dynamic__yaw-15__no_bias__s2__f8n.npz,-15.0,no_bias,modest_combined,11,online,early_post,8.0,8.5,0.002,250,250,0,3.0,1.9416795563493987,0.005692162765136077,3.0819231271266814,3.2905522288549878,0.072,7.199999999999999,3.0,1.9416795563493987,1.6566850164050542,1.0126767776364693,-1.5681366335787368,0.25,125,126,100.0,0.0,126,0.25,100.0,0.545401346950576,0.5776386423679591,0.5456285019565346,0.5777271752774608,0.17357855752481166,0.0646516566537696,100.0,6.84993868147125,6.677020848076079,0.3580916781106578,0.33202977639889925,11.694825448306393,0.4727028417332981,-0.4692190414214761,0.5217925196147106,100.0,0.5,1.0,100.0,0.169010823832866,0.2151830138313891,1.0,0.0,0.0,6.375914340046352,5.1759143400463525,0.05,100.0,0.0,0.0,11.981165339433925,11.840065993016141
2.0,8.0,executed,traces/dynamic__yaw-15__no_bias__s2__f8n.npz,-15.0,no_bias,modest_combined,11,online,late_post,10.0,12.0,0.002,1000,1000,0,3.0,1.3949317324215322,0.0017055959401211312,1.7469535408957382,1.7974466351126084,0.0,0.0,3.0,1.3949317324215322,1.200866981129884,0.7097556141014568,-1.1928540426607537,0.25,125,876,100.0,0.0,876,1.75,97.5,0.6314703681698918,0.668937353209919,0.6316326523416679,0.668937353209919,0.1405752490770129,0.01873349252001361,18.5,7.979090635880592,7.9444379573818935,0.41759333837792934,0.34250380821579085,12.575124610569178,0.4318638497565941,0.42530377707428985,-0.13619768675068583,100.0,0.5,1.0,100.0,0.1450871869883254,0.20941375970542495,1.0,0.0,0.0,5.81826947307692,4.6182694730769205,0.05,100.0,79.0,0.1,12.218692446745065,12.076598605146511
1.0,6.0,pinned_reference,results/franka_compensation_budget/traces/yaw_0__modest_combined__combined__seed_11__online__s1__f6n__diagnostic.npz,0.0,combined,modest_combined,11,online,post,8.0,12.0,0.002,2000,2000,0,3.0,3.2627450602066217,0.003970305738081095,4.1985206147442575,4.216520407448317,0.5505,55.05,3.0,3.2627450602066217,3.2057240120841217,0.6073210734446798,-3.043318564783634,0.25,125,1876,45.84221748400853,0.0,860,1.718,100.0,0.4944159591229926,0.5081804198166346,0.4944159591229926,0.5081804198166346,0.16986752261999305,0.0034411151734105166,3.1,5.984317976910444,5.979374112351023,0.3131950037834472,0.24109322921316495,11.804754020550963,0.7766313298039496,-0.6927846448873356,0.9086417742585009,100.0,0.5,1.0,100.0,0.3132481134901148,0.5449505390295637,1.0,0.0,0.0,5.669874138200312,4.469874138200312,0.05,100.0,96.89999999999999,0.0,12.210002301193347,12.002408191950975
1.0,6.0,pinned_reference,results/franka_compensation_budget/traces/yaw_0__modest_combined__combined__seed_11__online__s1__f6n__diagnostic.npz,0.0,combined,modest_combined,11,online,early_post,8.0,8.5,0.002,250,250,0,3.0,2.5452396439981047,0.004210903397866696,3.0632755161219434,3.1292344429295933,0.096,9.6,3.0,2.5452396439981047,2.3318615397798164,1.0201306801950938,-2.318559425920119,0.25,125,126,100.0,0.0,126,0.25,100.0,0.4944159591229926,0.5051976782162306,0.4944159591229926,0.5051976782162306,0.16986752261999305,0.021563438186476103,17.599999999999998,5.984286635324408,5.981456810328519,0.3128383104121796,0.29728153618356795,11.184091950090787,1.041533107542928,-1.0378572424111772,1.2661477559547156,100.0,0.5,1.0,100.0,0.5069713413247049,0.5449505390295637,1.0,0.0,0.0,6.925230944293054,5.725230944293055,0.05,100.0,82.39999999999999,0.0,12.210002301193347,12.014841576123349
1.0,6.0,pinned_reference,results/franka_compensation_budget/traces/yaw_0__modest_combined__combined__seed_11__online__s1__f6n__diagnostic.npz,0.0,combined,modest_combined,11,online,late_post,10.0,12.0,0.002,1000,1000,0,3.0,4.021692112096542,0.00423856173859657,4.206377385215966,4.216520407448317,1.0,100.0,3.0,4.021692112096542,3.9820743980466324,0.5631082781500273,-3.978222366629088,0.25,125,876,0.0,,0,0.0,100.0,0.5081804198166346,0.5081804198166346,0.5081804198166346,0.5081804198166346,0.0,0.0,0.0,5.984317976910444,5.980276415436066,0.3131950037834472,0.2574466402349281,11.804754020550963,0.3748189525717711,-0.3663405465430793,0.6371386715400958,100.0,0.5,1.0,100.0,0.25735479705763387,0.3441173341867765,1.0,0.0,0.0,5.7357605491760975,4.535760549176098,0.05,100.0,100.0,0.0,12.169997000292058,12.057349187576827
1.0,8.0,pinned_reference,results/franka_compensation_budget/traces/yaw_0__modest_combined__combined__seed_11__online__s1__f8n__diagnostic.npz,0.0,combined,modest_combined,11,online,post,8.0,12.0,0.002,2000,2000,0,3.0,1.2232721525844001,0.00257222266217392,1.7919482954203918,2.7702047055677324,0.0,0.0,3.0,1.2232721525844001,0.8808063372182395,0.8488668656536552,-0.6600540365236223,0.25,125,1876,100.0,0.0,1876,3.75,100.0,0.524452245498607,0.6657917745640765,0.5246288182453694,0.6657917745640765,0.15204048147321458,0.03501895211331308,78.05,7.979090635880593,7.204688988337369,0.4175933383779296,0.2917485193526418,11.790284377009536,0.7738456094839845,-0.6891244072535833,0.9064561029032948,100.0,0.5,1.0,100.0,0.3304369960238611,0.5765802340696243,1.0,0.0,0.0,5.677792677799835,4.477792677799836,0.05,100.0,25.75,0.0,12.222127350745668,12.00388275822952
1.0,8.0,pinned_reference,results/franka_compensation_budget/traces/yaw_0__modest_combined__combined__seed_11__online__s1__f8n__diagnostic.npz,0.0,combined,modest_combined,11,online,early_post,8.0,8.5,0.002,250,250,0,3.0,1.6905398699494458,0.004683829581038988,2.621904727585876,2.7702047055677324,0.0,0.0,3.0,1.6905398699494458,1.4556070601047206,0.8597285260255014,-1.3737573385967934,0.25,125,126,100.0,0.0,126,0.25,100.0,0.524452245498607,0.5505085314002909,0.5246288182453694,0.5505574776108669,0.15204048147321458,0.052210464224519804,100.0,6.575966580000808,6.489572765124593,0.34325707300034164,0.32262099794499266,11.200551202355685,1.0402619158864108,-1.0356001851801055,1.2674768985511113,100.0,0.5,1.0,100.0,0.5255041418405332,0.5765802340696243,1.0,0.0,0.0,6.911286990207701,5.711286990207702,0.05,100.0,0.0,0.0,12.222127350745668,12.018427775950816
1.0,8.0,pinned_reference,results/franka_compensation_budget/traces/yaw_0__modest_combined__combined__seed_11__online__s1__f8n__diagnostic.npz,0.0,combined,modest_combined,11,online,late_post,10.0,12.0,0.002,1000,1000,0,3.0,1.051898963544877,0.0020287162444871843,1.7156673379350094,1.7814981365183309,0.0,0.0,3.0,1.051898963544877,0.6920232182552372,0.7922091232133416,-0.39918435263803437,0.25,125,876,100.0,0.0,876,1.75,100.0,0.5942819746926242,0.6657917745640765,0.5944474246290671,0.6657917745640765,0.13735938852221796,0.035123039629617554,56.10000000000001,7.979090635880593,7.80928352363066,0.4175933383779296,0.3377466698048395,11.790284377009536,0.3705050030032258,-0.362404917718031,0.6366980755232267,100.0,0.5,1.0,100.0,0.28018749166659385,0.3839539713255503,1.0,0.0,0.0,5.763119372379714,4.563119372379715,0.05,100.0,51.5,0.0,12.172517522323774,12.060844220385004
2.0,6.0,executed,traces/dynamic__yaw0__combined__s2__f6n.npz,0.0,combined,modest_combined,11,online,post,8.0,12.0,0.002,2000,2000,0,3.0,3.2549953184760527,0.00399069077431928,4.191908178616083,4.207898199992956,0.555,55.50000000000001,3.0,3.2549953184760527,3.198685332877682,0.6028322026353695,-3.032915609122406,0.25,125,1876,45.84221748400853,0.0,860,1.718,100.0,0.4940864348832054,0.5091108835308411,0.4940864348832054,0.5091108835308411,0.17166667512463762,0.0037561121619089227,3.3000000000000003,5.984317976910444,5.9793923608766635,0.3131950037834472,0.24109448658675095,11.803593748796484,0.7805004421622224,-0.6945348889498247,0.908344662866104,100.0,0.5,1.0,100.0,0.1629731058354814,0.3267617254069524,1.0,0.0,0.0,5.669332928335114,4.469332928335115,0.05,100.0,96.7,0.0,12.178983335430189,12.000417643704491
2.0,6.0,executed,traces/dynamic__yaw0__combined__s2__f6n.npz,0.0,combined,modest_combined,11,online,early_post,8.0,8.5,0.002,250,250,0,3.0,2.4922472725611082,0.0044703761699565565,3.1576458782630628,3.2473687360843875,0.132,13.200000000000001,3.0,2.4922472725611082,2.269423828695615,1.0300543448463366,-2.2470922087410163,0.25,125,126,100.0,0.0,126,0.25,100.0,0.4940864348832054,0.507180571997683,0.4940864348832054,0.507180571997683,0.17166667512463762,0.02618827422895509,21.6,5.984286635324408,5.981147233134846,0.3128383104121796,0.29726776734246146,11.14760356928897,1.0900636488811988,-1.0867048909768169,1.2648722195439037,100.0,0.5,1.0,100.0,0.26330698576847805,0.3267617254069524,1.0,0.0,0.0,6.931330146636407,5.731330146636408,0.05,100.0,78.4,0.0,12.178983335430189,11.9647751983553
2.0,6.0,executed,traces/dynamic__yaw0__combined__s2__f6n.npz,0.0,combined,modest_combined,11,online,late_post,10.0,12.0,0.002,1000,1000,0,3.0,4.017331001174991,0.004244656996377897,4.197522617711401,4.207898199992956,1.0,100.0,3.0,4.017331001174991,3.9798987830104786,0.5471325707663335,-3.9760247654014487,0.25,125,876,0.0,,0,0.0,100.0,0.5091108835308411,0.5091108835308411,0.5091108835308411,0.5091108835308411,0.0,0.0,0.0,5.984317976910444,5.980276415436066,0.3131950037834472,0.2574466402349281,11.803593748796484,0.37381959635493783,-0.3646724875758322,0.6370971514072493,100.0,0.5,1.0,100.0,0.13630666104041475,0.2044003664613286,1.0,0.0,0.0,5.737024152911095,4.537024152911096,0.05,100.0,100.0,0.0,12.165863741640955,12.05903253361963
2.0,8.0,executed,traces/dynamic__yaw0__combined__s2__f8n.npz,0.0,combined,modest_combined,11,online,post,8.0,12.0,0.002,2000,2000,0,3.0,1.2276475008007437,0.0026554152309446457,1.7852808984365964,2.8720015279508773,0.0,0.0,3.0,1.2276475008007437,0.8720601737913636,0.8640772184876122,-0.6558391280482327,0.25,125,1876,100.0,0.0,1876,3.75,100.0,0.5259712954824576,0.6653840426221607,0.526153905304175,0.6653840426221607,0.15406500213477337,0.03459037880538443,77.8,7.979090635880593,7.201505971381153,0.4175933383779296,0.29155050229266277,11.78949621886083,0.7782227763982007,-0.6910125937790303,0.9061591715980596,100.0,0.5,1.0,100.0,0.17262260714589056,0.3468619537203574,1.0,0.0,0.0,5.678475420782677,4.478475420782678,0.05,100.0,25.5,0.0,12.196623484562991,12.001754447607242
2.0,8.0,executed,traces/dynamic__yaw0__combined__s2__f8n.npz,0.0,combined,modest_combined,11,online,early_post,8.0,8.5,0.002,250,250,0,3.0,1.6667141381506236,0.005080326345343208,2.70242985023096,2.8720015279508773,0.0,0.0,3.0,1.6667141381506236,1.4197840645441988,0.8730115854772664,-1.3165360996762994,0.25,125,126,100.0,0.0,126,0.25,100.0,0.5259712954824576,0.5498109794230666,0.526153905304175,0.5498449606812165,0.15406500213477337,0.04774733039751777,100.0,6.545133069479663,6.467183898375988,0.3417866133232973,0.3214826355080072,11.167813760135637,1.0936509668432814,-1.0893131433624859,1.2664048584262706,100.0,0.5,1.0,100.0,0.27303384414014514,0.3468619537203574,1.0,0.0,0.0,6.918639818108438,5.718639818108438,0.05,100.0,0.0,0.0,12.196623484562991,11.963699584851998
2.0,8.0,executed,traces/dynamic__yaw0__combined__s2__f8n.npz,0.0,combined,modest_combined,11,online,late_post,10.0,12.0,0.002,1000,1000,0,3.0,1.0625020090488937,0.002029122925567579,1.7113654202787933,1.7754202141479754,0.0,0.0,3.0,1.0625020090488937,0.6879708898621386,0.8096953587215584,-0.40155879900283487,0.25,125,876,100.0,0.0,876,1.75,100.0,0.5940020554894276,0.6653840426221607,0.5941659748220475,0.6653840426221607,0.1368584112455551,0.03516537760728383,55.60000000000001,7.979090635880593,7.8074825648605986,0.4175933383779296,0.33767323114675196,11.78949621886083,0.36831051185256974,-0.3598314053849501,0.6366488413687288,100.0,0.5,1.0,100.0,0.14821075345940357,0.22748711767851215,1.0,0.0,0.0,5.7633279087002816,4.563327908700282,0.05,100.0,51.0,0.0,12.169136615688362,12.063425305771991
1.0,6.0,pinned_reference,results/franka_compensation_budget/traces/yaw_0__modest_combined__no_bias__seed_11__online__s1__f6n__diagnostic.npz,0.0,no_bias,modest_combined,11,online,post,8.0,12.0,0.002,2000,2000,0,3.0,4.132423983430001,0.00501075145121574,5.190825952132589,5.203258694377017,0.7165,71.65,3.0,4.132423983430001,4.040161348611115,0.8683457007530438,-3.8968738163362207,0.25,125,1876,30.06396588486141,0.2900000000000009,564,1.1260000000000001,100.0,0.5006093503727341,0.5091198732339843,0.5006093503727341,0.5091198732339843,0.20255255985146547,0.0021276307153125502,1.35,5.984317976910444,5.979554920177257,0.3131950037834472,0.2411023611547919,12.581262736958287,0.38123437489181355,0.047506094939069474,0.15849073693516919,100.0,0.5,1.0,100.0,0.3032125852482415,0.5299094036671125,1.0,0.0,0.0,5.404218644288477,4.204218644288478,0.05,100.0,98.65,0.0,12.169648494274558,11.992547894454049
1.0,6.0,pinned_reference,results/franka_compensation_budget/traces/yaw_0__modest_combined__no_bias__seed_11__online__s1__f6n__diagnostic.npz,0.0,no_bias,modest_combined,11,online,early_post,8.0,8.5,0.002,250,250,0,3.0,3.361133096593413,0.004871912521643816,3.8589480279501376,3.917053579581607,0.824,82.39999999999999,3.0,3.361133096593413,3.0876002683019106,1.3281341333606318,-3.078474603320643,0.25,125,126,0.0,,0,0.0,100.0,0.5006093503727341,0.506947252578264,0.5006093503727341,0.506947252578264,0.20255255985146547,0.012675804411059755,7.6,5.984286635324408,5.982340511494875,0.3128383104121796,0.2973251574057259,11.872348639655135,0.3511467878475761,-0.34118834937811743,0.5343095700167987,100.0,0.5,1.0,100.0,0.49520224711290856,0.5299094036671125,1.0,0.0,0.0,6.771323672180906,5.571323672180907,0.05,100.0,92.4,0.0,12.162159013497883,11.97967228321849
1.0,6.0,pinned_reference,results/franka_compensation_budget/traces/yaw_0__modest_combined__no_bias__seed_11__online__s1__f6n__diagnostic.npz,0.0,no_bias,modest_combined,11,online,late_post,10.0,12.0,0.002,1000,1000,0,3.0,4.99659976255133,0.00539920202646938,5.196512958183944,5.203258694377017,1.0,100.0,3.0,4.99659976255133,4.897709738096482,0.9891655617149742,-4.893309043782775,0.25,125,876,0.0,,0,0.0,100.0,0.5091198732339843,0.5091198732339843,0.5091198732339843,0.5091198732339843,0.0,0.0,0.0,5.984317976910444,5.980276415436066,0.3131950037834472,0.2574466402349281,12.581262736958287,0.409337173886128,0.4000112801045505,-0.13116889852938052,100.0,0.5,1.0,100.0,0.24839420079409463,0.334225525982388,1.0,0.0,0.0,5.463344896651407,4.263344896651407,0.05,100.0,100.0,0.0,12.169648494274558,12.05539344415498
1.0,8.0,pinned_reference,results/franka_compensation_budget/traces/yaw_0__modest_combined__no_bias__seed_11__online__s1__f8n__diagnostic.npz,0.0,no_bias,modest_combined,11,online,post,8.0,12.0,0.002,2000,2000,0,3.0,1.411035730745816,0.0026609995776323133,2.0319732231870833,3.277905269151007,0.01,1.0,3.0,1.411035730745816,1.16669169681544,0.7936323569659246,-1.09340601300395,0.25,125,1876,100.0,0.0,1876,3.75,98.75,0.5438586360523892,0.6682856911912917,0.5440862382784173,0.6682856911912917,0.17650736738528128,0.03110676378472563,58.95,7.979090635880593,7.440433141837242,0.4175933383779296,0.30016406887685765,12.563678946107986,0.3842924168547476,0.05398235603822138,0.15371198213215445,100.0,0.5,1.0,100.0,0.32152938606905507,0.5743668694039736,1.0,0.0,0.0,5.415192406781843,4.215192406781844,0.05,100.0,39.800000000000004,0.05,12.185708706087398,11.994245400750184
1.0,8.0,pinned_reference,results/franka_compensation_budget/traces/yaw_0__modest_combined__no_bias__seed_11__online__s1__f8n__diagnostic.npz,0.0,no_bias,modest_combined,11,online,early_post,8.0,8.5,0.002,250,250,0,3.0,2.0286392740412675,0.0053178823391025224,3.102577272181639,3.277905269151007,0.08,8.0,3.0,2.0286392740412675,1.7315959588114895,1.05685984861305,-1.639649371808611,0.25,125,126,100.0,0.0,126,0.25,100.0,0.5438586360523892,0.577991401874324,0.5440862382784173,0.5780740463568311,0.17650736738528128,0.06843082060888395,100.0,6.878413834962249,6.757515335722533,0.3595262435611892,0.33599395234964435,11.898533332119095,0.3536197411300975,-0.33966249980729757,0.5368581186208894,100.0,0.5,1.0,100.0,0.5210227204760378,0.5743668694039736,1.0,0.0,0.0,6.74825056505801,5.5482505650580105,0.05,100.0,0.0,0.0,12.185708706087398,11.9837466813934
1.0,8.0,pinned_reference,results/franka_compensation_budget/traces/yaw_0__modest_combined__no_bias__seed_11__online__s1__f8n__diagnostic.npz,0.0,no_bias,modest_combined,11,online,late_post,10.0,12.0,0.002,1000,1000,0,3.0,1.3024558684775236,0.0016593136586622464,1.792642201833504,1.8542609213733894,0.0,0.0,3.0,1.3024558684775236,1.153201073633675,0.6054077742329375,-1.1360967487986577,0.25,125,876,100.0,0.0,876,1.75,97.5,0.630010992749255,0.6682856911912917,0.6301878279266401,0.6682856911912917,0.1482353112121082,0.01913734922101834,17.9,7.979090635880593,7.9329910198166615,0.4175933383779296,0.34218312607324497,12.563678946107986,0.41543081602348525,0.40729571244565443,-0.1341194496685839,100.0,0.5,1.0,100.0,0.26747336066326327,0.3676228528802244,1.0,0.0,0.0,5.5029990419564205,4.302999041956421,0.05,100.0,79.60000000000001,0.1,12.170885011748846,12.05972732535688
2.0,6.0,executed,traces/dynamic__yaw0__no_bias__s2__f6n.npz,0.0,no_bias,modest_combined,11,online,post,8.0,12.0,0.002,2000,2000,0,3.0,4.12251391678036,0.005023047004581016,5.1835448440171925,5.1948178243365986,0.701,70.1,3.0,4.12251391678036,4.031888922653052,0.8596468515822975,-3.8858932891836444,0.25,125,1876,31.449893390191896,0.22799999999999976,590,1.178,100.0,0.49725158191851676,0.51021774126767,0.49725158191851676,0.51021774126767,0.22205378033754442,0.0032415398372883236,1.95,5.984317976910444,5.979514953811821,0.3131950037834472,0.24110048278468177,12.579944627326514,0.38605683999086166,0.04559448664150477,0.15821570749453515,100.0,0.5,1.0,100.0,0.1579272640878377,0.3188906299285578,1.0,0.0,0.0,5.40303460525463,4.203034605254631,0.05,100.0,98.05,0.0,12.165184769671578,11.99041806392425
2.0,6.0,executed,traces/dynamic__yaw0__no_bias__s2__f6n.npz,0.0,no_bias,modest_combined,11,online,early_post,8.0,8.5,0.002,250,250,0,3.0,3.310512750545274,0.005087274551689997,3.9639002847142333,4.047043897314793,0.68,68.0,3.0,3.310512750545274,3.0279142246541477,1.338368454372676,-3.012157277589095,0.25,125,126,9.523809523809524,0.22799999999999976,12,0.022,100.0,0.49725158191851676,0.5086238694648834,0.49725158191851676,0.5086238694648834,0.22205378033754442,0.0227445750927332,13.200000000000001,5.984286635324408,5.981960136440424,0.3128383104121796,0.29730695763059656,11.839596216924354,0.39724695276464783,-0.3885588741511086,0.5332964277878686,100.0,0.5,1.0,100.0,0.2587234606063688,0.3188906299285578,1.0,0.0,0.0,6.777061188750305,5.577061188750306,0.05,100.0,86.8,0.0,12.135933162655865,11.931345423424974
2.0,6.0,executed,traces/dynamic__yaw0__no_bias__s2__f6n.npz,0.0,no_bias,modest_combined,11,online,late_post,10.0,12.0,0.002,1000,1000,0,3.0,4.990432902332673,0.005402067040104512,5.1885884971628515,5.1948178243365986,1.0,100.0,3.0,4.990432902332673,4.894331909039998,0.9746464573564024,-4.889828617075484,0.25,125,876,0.0,,0,0.0,100.0,0.51021774126767,0.51021774126767,0.51021774126767,0.51021774126767,0.0,0.0,0.0,5.984317976910444,5.980276415436066,0.3131950037834472,0.2574466402349281,12.579944627326514,0.4111889248198661,0.4011235016424389,-0.13122690797932773,100.0,0.5,1.0,100.0,0.13217663710005664,0.19648931597520178,1.0,0.0,0.0,5.464507069780058,4.264507069780059,0.05,100.0,100.0,0.0,12.165184769671578,12.056504463451324
2.0,8.0,executed,traces/dynamic__yaw0__no_bias__s2__f8n.npz,0.0,no_bias,modest_combined,11,online,post,8.0,12.0,0.002,2000,2000,0,3.0,1.4120820988210625,0.002761499430459468,1.9757060049778803,3.3934618255745925,0.0125,1.25,3.0,1.4120820988210625,1.1596286555907682,0.8057525891634756,-1.0875103457748687,0.25,125,1876,100.0,0.0,1876,3.75,98.75,0.5452439481045126,0.6682791935871879,0.5454793008771813,0.6682791935871879,0.17930263768478616,0.030758811370668823,59.099999999999994,7.979090635880593,7.437235417812748,0.4175933383779296,0.2999708370628251,12.565871476810425,0.39001847445984517,0.051749879335452165,0.15343746940481823,100.0,0.5,1.0,100.0,0.16798775258308118,0.3496069353186009,1.0,0.0,0.0,5.415384479082861,4.215384479082862,0.05,100.0,39.65,0.05,12.167804423736936,11.991795218528482
2.0,8.0,executed,traces/dynamic__yaw0__no_bias__s2__f8n.npz,0.0,no_bias,modest_combined,11,online,early_post,8.0,8.5,0.002,250,250,0,3.0,2.009411673368223,0.005746911694911269,3.196272950729101,3.3934618255745925,0.1,10.0,3.0,2.009411673368223,1.699937905051918,1.071422601981207,-1.586124370002646,0.25,125,126,100.0,0.0,126,0.25,100.0,0.5452439481045126,0.5772615672642869,0.5454793008771813,0.5773398856710382,0.17930263768478616,0.06419187513305125,100.0,6.847735052033096,6.732623523608447,0.3579764798001127,0.3347298888809748,11.869013790581414,0.4064857995811874,-0.39442818203119123,0.5359628367478971,100.0,0.5,1.0,100.0,0.2721170637602016,0.3496069353186009,1.0,0.0,0.0,6.755569799931014,5.555569799931015,0.05,100.0,0.0,0.0,12.164743789951237,11.92814252450492
2.0,8.0,executed,traces/dynamic__yaw0__no_bias__s2__f8n.npz,0.0,no_bias,modest_combined,11,online,late_post,10.0,12.0,0.002,1000,1000,0,3.0,1.3068621556306663,0.0016642699214731724,1.7887656376092147,1.8479859987534426,0.0,0.0,3.0,1.3068621556306663,1.1508704911037262,0.6191815618429699,-1.1349246956969115,0.25,125,876,100.0,0.0,876,1.75,97.5,0.6296142817163362,0.6682791935871879,0.6297896116627825,0.6682791935871879,0.14800148340154973,0.019332455935425874,18.2,7.979090635880593,7.931892181374147,0.4175933383779296,0.34214704589470224,12.565871476810425,0.4177127661844206,0.4093135807892492,-0.1341664670841382,100.0,0.5,1.0,100.0,0.14157235704950935,0.21639546739801338,1.0,0.0,0.0,5.502927226286607,4.302927226286608,0.05,100.0,79.3,0.1,12.167804423736936,12.061754983493323
1.0,6.0,pinned_reference,results/franka_compensation_budget/traces/yaw_15__modest_combined__combined__seed_11__online__s1__f6n__diagnostic.npz,15.0,combined,modest_combined,11,online,post,8.0,12.0,0.002,2000,2000,0,3.0,3.3183299809868836,0.003994381526470877,4.319374158292466,4.338757270406675,0.588,58.8,3.0,3.3183299809868836,3.2511124237663362,0.6645162682347137,-3.087794325709025,0.25,125,1876,43.81663113006397,0.11800000000000033,822,1.6420000000000001,100.0,0.4914994396839499,0.5107687596170797,0.4914994396839499,0.5107687596170797,0.19028403066939648,0.00481732998328245,4.3999999999999995,5.984317976910445,5.979346328894835,0.3131950037834474,0.241092001934539,11.828149804524852,0.8020661430764406,-0.7176613639772822,0.8990547451036495,100.0,0.5,1.0,100.0,0.4311951404836097,0.7750636624852568,1.0,0.0,0.0,5.622490524736863,4.4224905247368635,0.05,100.0,95.6,0.0,12.339245694729273,11.981920896594067
1.0,6.0,pinned_reference,results/franka_compensation_budget/traces/yaw_15__modest_combined__combined__seed_11__online__s1__f6n__diagnostic.npz,15.0,combined,modest_combined,11,online,early_post,8.0,8.5,0.002,250,250,0,3.0,2.984862937093692,0.004375150015862132,3.4304212786960724,3.4632780795791525,0.48,48.0,3.0,2.984862937093692,2.803002221701461,1.0259557974748517,-2.790725865259952,0.25,125,126,53.17460317460318,0.11800000000000033,67,0.132,100.0,0.4914994396839499,0.5022394220258487,0.4914994396839499,0.5022394220258487,0.19028403066939648,0.021479964683797648,14.799999999999999,5.984286635324408,5.9818402762070715,0.3128383104121798,0.29729987353209936,11.295461936601718,0.9447308929178593,-0.9392269857049514,1.2610879048817858,100.0,0.5,1.0,100.0,0.7375614279642855,0.7750636624852568,1.0,0.0,0.0,7.470763841986825,6.270763841986826,0.05,100.0,85.2,0.0,12.339245694729273,12.122388434644535
1.0,6.0,pinned_reference,results/franka_compensation_budget/traces/yaw_15__modest_combined__combined__seed_11__online__s1__f6n__diagnostic.npz,15.0,combined,modest_combined,11,online,late_post,10.0,12.0,0.002,1000,1000,0,3.0,4.059466499671371,0.004132924378978288,4.330244350789402,4.338757270406675,1.0,100.0,3.0,4.059466499671371,4.00889432770859,0.6387758066959255,-4.001623688816045,0.25,125,876,0.0,,0,0.0,100.0,0.5107687596170797,0.5107687596170797,0.5107687596170797,0.5107687596170797,0.0,0.0,0.0,5.984317976910445,5.980276415436067,0.3131950037834474,0.2574466402349282,11.828149804524852,0.4065242701178752,-0.38783413099667824,0.6253773061343684,100.0,0.5,1.0,100.0,0.3685381411716389,0.48957824860259364,1.0,0.0,0.0,5.622490524736863,4.4224905247368635,0.05,100.0,100.0,0.0,12.227319051468502,12.03807069060539
1.0,8.0,pinned_reference,results/franka_compensation_budget/traces/yaw_15__modest_combined__combined__seed_11__online__s1__f8n__diagnostic.npz,15.0,combined,modest_combined,11,online,post,8.0,12.0,0.002,2000,2000,0,3.0,1.2640303047829278,0.002633473414366785,1.93898688830568,2.956581735028438,0.0,0.0,3.0,1.2640303047829278,0.9489390672916692,0.8350372793937035,-0.6705907838668563,0.25,125,1876,100.0,0.0,1876,3.75,100.0,0.5273625078266438,0.6671152918259303,0.5275728725550789,0.6671152918259303,0.16751751890958788,0.03430723260328428,76.14999999999999,7.979090635880593,7.2178230437419195,0.41759333837792967,0.29301078425084454,11.811942734896029,0.8005969789974078,-0.7145099384093553,0.8971671962605969,100.0,0.5,1.0,100.0,0.45065028550050656,0.8196554582217601,1.0,0.0,0.0,5.641899403411826,4.441899403411827,0.05,100.0,29.299999999999997,0.0,12.371300280586544,11.983184773318943
1.0,8.0,pinned_reference,results/franka_compensation_budget/traces/yaw_15__modest_combined__combined__seed_11__online__s1__f8n__diagnostic.npz,15.0,combined,modest_combined,11,online,early_post,8.0,8.5,0.002,250,250,0,3.0,1.8796537334031664,0.004873552285858665,2.8266991859116626,2.956581735028438,0.0,0.0,3.0,1.8796537334031664,1.6965391148208326,0.8092299978247269,-1.6046922221212854,0.25,125,126,100.0,0.0,126,0.25,100.0,0.5273625078266438,0.5598175858639486,0.5275728725550789,0.5598827205028967,0.16751751890958788,0.06504042535250565,100.0,6.729335611431227,6.632378704116384,0.35026956692819355,0.32974515907817104,11.32452765568002,0.945440446718937,-0.9378040120454126,1.2641644030391208,100.0,0.5,1.0,100.0,0.7684822339843628,0.8196554582217601,1.0,0.0,0.0,7.452780411017595,6.2527804110175955,0.05,100.0,0.0,0.0,12.371300280586544,12.126887906461409
1.0,8.0,pinned_reference,results/franka_compensation_budget/traces/yaw_15__modest_combined__combined__seed_11__online__s1__f8n__diagnostic.npz,15.0,combined,modest_combined,11,online,late_post,10.0,12.0,0.002,1000,1000,0,3.0,1.0706723366572368,0.00205953006654924,1.888301245634166,1.9377652025053071,0.0,0.0,3.0,1.0706723366572368,0.7844795187238549,0.7286502159375622,-0.4442370131442649,0.25,125,876,100.0,0.0,876,1.75,100.0,0.5930525796756365,0.6671152918259303,0.5932341816091493,0.6671152918259303,0.14753615014434507,0.035769429282072225,52.300000000000004,7.979090635880593,7.8035465210886885,0.41759333837792967,0.33768908896366534,11.811942734896029,0.40151464569888373,-0.38239520941790456,0.625017962645808,100.0,0.5,1.0,100.0,0.3941547799905581,0.5476487425216118,1.0,0.0,0.0,5.641899403411826,4.441899403411827,0.05,100.0,58.599999999999994,0.0,12.233474642638287,12.043150268695605
2.0,6.0,executed,traces/dynamic__yaw15__combined__s2__f6n.npz,15.0,combined,modest_combined,11,online,post,8.0,12.0,0.002,2000,2000,0,3.0,3.308639070527286,0.00402270694634556,4.310694838381821,4.334728323443749,0.5835,58.35,3.0,3.308639070527286,3.242159307764572,0.6599208453255722,-3.0747840142297957,0.25,125,1876,44.24307036247335,0.09600000000000009,830,1.6580000000000001,100.0,0.48927919454960467,0.5101763063835753,0.48927919454960467,0.5101763063835753,0.20469561406100123,0.005224277958492645,4.3,5.984317976910445,5.9793516269020035,0.3131950037834474,0.24109225387950112,11.83050539832796,0.8070796010845682,-0.7200667962093064,0.8987148583414328,100.0,0.5,1.0,100.0,0.2220417901636022,0.454979122215188,1.0,0.0,0.0,5.627361165023302,4.427361165023303,0.05,100.0,95.7,0.0,12.327005216680668,11.979218328407821
2.0,6.0,executed,traces/dynamic__yaw15__combined__s2__f6n.npz,15.0,combined,modest_combined,11,online,early_post,8.0,8.5,0.002,250,250,0,3.0,2.9424920388412703,0.004701466952264966,3.5993494837587012,3.6602781552467203,0.432,43.2,3.0,2.9424920388412703,2.7478406185165953,1.0524406557495722,-2.7216201260292423,0.25,125,126,61.904761904761905,0.09600000000000009,78,0.154,100.0,0.48927919454960467,0.5045527074535582,0.48927919454960467,0.5045527074535582,0.20469561406100123,0.03054702580790702,20.8,5.984286635324408,5.981409662223786,0.3128383104121798,0.29727930431830457,11.271326719463456,0.9994687192356293,-0.9933389258726256,1.2613679140186562,100.0,0.5,1.0,100.0,0.39424773168629423,0.454979122215188,1.0,0.0,0.0,7.471972100070428,6.271972100070428,0.05,100.0,79.2,0.0,12.327005216680668,12.068599254421725
2.0,6.0,executed,traces/dynamic__yaw15__combined__s2__f6n.npz,15.0,combined,modest_combined,11,online,late_post,10.0,12.0,0.002,1000,1000,0,3.0,4.055042414713551,0.004161073930793604,4.325288456882349,4.334728323443749,1.0,100.0,3.0,4.055042414713551,4.007731280679665,0.6176236451008318,-4.000926507171062,0.25,125,876,0.0,,0,0.0,100.0,0.5101763063835753,0.5101763063835753,0.5101763063835753,0.5101763063835753,0.0,0.0,0.0,5.984317976910445,5.980276415436067,0.3131950037834474,0.2574466402349282,11.83050539832796,0.40330316847508996,-0.3833929648282953,0.6252339297282872,100.0,0.5,1.0,100.0,0.1876542341127617,0.2496753891196054,1.0,0.0,0.0,5.627361165023302,4.427361165023303,0.05,100.0,100.0,0.0,12.226213701036901,12.042411231175688
2.0,8.0,executed,traces/dynamic__yaw15__combined__s2__f8n.npz,15.0,combined,modest_combined,11,online,post,8.0,12.0,0.002,2000,2000,0,3.0,1.2666459091890465,0.0027522781802828324,1.9290594948046922,3.1227479526943833,0.005,0.5,3.0,1.2666459091890465,0.9366763428311508,0.8526601245782562,-0.6625361100378464,0.25,125,1876,100.0,0.0,1876,3.75,100.0,0.5299464171105647,0.6663626267718096,0.5301691783202302,0.6663626267718096,0.1722609015958887,0.03357688478337825,75.4,7.979090635880593,7.214443852876331,0.41759333837792967,0.2927562428832297,11.813807832113381,0.8063364435884268,-0.7172342802055478,0.8968328732332849,100.0,0.5,1.0,100.0,0.23296853413952717,0.4895461413694625,1.0,0.0,0.0,5.647185642193477,4.447185642193478,0.05,100.0,29.5,0.0,12.367648951852601,11.980168859303435
2.0,8.0,executed,traces/dynamic__yaw15__combined__s2__f8n.npz,15.0,combined,modest_combined,11,online,early_post,8.0,8.5,0.002,250,250,0,3.0,1.8508295767975658,0.005469416129911715,2.964684893591689,3.1227479526943833,0.04,4.0,3.0,1.8508295767975658,1.652217449489778,0.8341148733538739,-1.5177599703508562,0.25,125,126,100.0,0.0,126,0.25,100.0,0.5299464171105647,0.5587871548045004,0.5301691783202302,0.5588023013621772,0.1722609015958887,0.05771176850322513,100.0,6.683600473808341,6.614977382134195,0.34787841025580335,0.328825539246271,11.307682583927456,1.009805211307438,-1.0011153937693467,1.2648639673793836,100.0,0.5,1.0,100.0,0.41072004843136883,0.4895461413694625,1.0,0.0,0.0,7.456457359688203,6.256457359688204,0.05,100.0,0.0,0.0,12.367648951852601,12.06431883988573
2.0,8.0,executed,traces/dynamic__yaw15__combined__s2__f8n.npz,15.0,combined,modest_combined,11,online,late_post,10.0,12.0,0.002,1000,1000,0,3.0,1.0764891926595335,0.0020583184217834046,1.8774723282397376,1.9280247010736316,0.0,0.0,3.0,1.0764891926595335,0.7749921838016129,0.7471386062566846,-0.4413594946040523,0.25,125,876,100.0,0.0,876,1.75,100.0,0.5933545368026715,0.6663626267718096,0.5935351038017425,0.6663626267718096,0.14696786960194386,0.035449709720703104,50.8,7.979090635880593,7.804829202604916,0.41759333837792967,0.33773556081154804,11.813807832113381,0.39636219300625286,-0.37657659041417524,0.6247882305435237,100.0,0.5,1.0,100.0,0.20114003348844262,0.27949276328690886,1.0,0.0,0.0,5.647185642193477,4.447185642193478,0.05,100.0,59.0,0.0,12.233500442678645,12.048781906405045
1.0,6.0,pinned_reference,results/franka_compensation_budget/traces/yaw_15__modest_combined__no_bias__seed_11__online__s1__f6n__diagnostic.npz,15.0,no_bias,modest_combined,11,online,post,8.0,12.0,0.002,2000,2000,0,3.0,4.183927734058911,0.005016281865020572,5.310717348387993,5.321250784160612,0.7395,73.95,3.0,4.183927734058911,4.084091918576485,0.90853975391591,-3.941216888426643,0.25,125,1876,27.452025586353944,0.484,515,1.028,100.0,0.49668316916959865,0.511493616006343,0.49668316916959865,0.511493616006343,0.21657429963381492,0.0037026117091860937,2.35,5.984317976910445,5.979506318920494,0.3131950037834474,0.2410999218326225,12.603163812446335,0.3834991933778107,0.02287983417828542,0.14890658061885395,100.0,0.5,1.0,100.0,0.42158420447864947,0.7624391113937977,1.0,0.0,0.0,5.352592768625452,4.1525927686254525,0.05,100.0,97.65,0.0,12.291256675735859,11.972313930264837
1.0,6.0,pinned_reference,results/franka_compensation_budget/traces/yaw_15__modest_combined__no_bias__seed_11__online__s1__f6n__diagnostic.npz,15.0,no_bias,modest_combined,11,online,early_post,8.0,8.5,0.002,250,250,0,3.0,3.796649973053417,0.005046000604674512,4.229687512802173,4.257023852644708,1.0,100.0,3.0,3.796649973053417,3.551185213202947,1.3429946386398017,-3.542222193758435,0.25,125,126,0.0,,0,0.0,100.0,0.49668316916959865,0.5035411454356,0.49668316916959865,0.5035411454356,0.21657429963381492,0.01371595253200275,7.199999999999999,5.984286635324408,5.982330156073245,0.3128383104121798,0.2973241973432021,11.984593136184522,0.2608223109633534,-0.241993399547474,0.529101512489352,100.0,0.5,1.0,100.0,0.7265821870033482,0.7624391113937977,1.0,0.0,0.0,7.350513330052086,6.150513330052087,0.05,100.0,92.80000000000001,0.0,12.291256675735859,12.087635628409577
1.0,6.0,pinned_reference,results/franka_compensation_budget/traces/yaw_15__modest_combined__no_bias__seed_11__online__s1__f6n__diagnostic.npz,15.0,no_bias,modest_combined,11,online,late_post,10.0,12.0,0.002,1000,1000,0,3.0,5.031296997836905,0.005288829559632005,5.3160060069096655,5.321250784160612,1.0,100.0,3.0,5.031296997836905,4.922853381195666,1.0389726019934584,-4.915573847048614,0.25,125,876,0.0,,0,0.0,100.0,0.511493616006343,0.511493616006343,0.511493616006343,0.511493616006343,0.0,0.0,0.0,5.984317976910445,5.980276415436067,0.3131950037834474,0.2574466402349282,12.603163812446335,0.39894857680079115,0.3773846118241945,-0.14286235862791005,100.0,0.5,1.0,100.0,0.35907391039560105,0.4697611785901673,1.0,0.0,0.0,5.352592768625452,4.1525927686254525,0.05,100.0,100.0,0.0,12.226143252896891,12.035049768663983
1.0,8.0,pinned_reference,results/franka_compensation_budget/traces/yaw_15__modest_combined__no_bias__seed_11__online__s1__f8n__diagnostic.npz,15.0,no_bias,modest_combined,11,online,post,8.0,12.0,0.002,2000,2000,0,3.0,1.466833908186656,0.0027127655996522456,2.2690286103204333,3.4605731814499876,0.0185,1.8499999999999999,3.0,1.466833908186656,1.2310605237750885,0.797553572500772,-1.110113465116755,0.25,125,1876,100.0,0.0,1876,3.75,98.75,0.5465285266740122,0.6716853564729908,0.5467897535359203,0.6716853564729908,0.1920714798711587,0.031289207449744644,59.099999999999994,7.979090635880593,7.450273142951005,0.41759333837792967,0.3012747827574166,12.584828269955192,0.38816535055150886,0.02840444434686529,0.1444541526443769,100.0,0.5,1.0,100.0,0.4419171573674762,0.8197939331862931,1.0,0.0,0.0,5.3751710418699155,4.175171041869916,0.05,100.0,39.65,0.05,12.336971021044077,11.973386112458941
1.0,8.0,pinned_reference,results/franka_compensation_budget/traces/yaw_15__modest_combined__no_bias__seed_11__online__s1__f8n__diagnostic.npz,15.0,no_bias,modest_combined,11,online,early_post,8.0,8.5,0.002,250,250,0,3.0,2.219611635411225,0.0054776266324693505,3.3061773939691284,3.4605731814499876,0.148,14.799999999999999,3.0,2.219611635411225,1.9758401062726942,1.0113019759187665,-1.873933358035232,0.25,125,126,100.0,0.0,126,0.25,100.0,0.5465285266740122,0.5871428945507318,0.5467897535359203,0.587229545151379,0.1920714798711587,0.08140203695473369,100.0,7.031645279050672,6.900331024641243,0.3664732895578242,0.34311846346230584,12.024146277915547,0.27006020202170206,-0.24206817360501331,0.533568327961259,100.0,0.5,1.0,100.0,0.7671261576550793,0.8197939331862931,1.0,0.0,0.0,7.322966770625936,6.122966770625936,0.05,100.0,0.0,0.0,12.336971021044077,12.092027669823946
1.0,8.0,pinned_reference,results/franka_compensation_budget/traces/yaw_15__modest_combined__no_bias__seed_11__online__s1__f8n__diagnostic.npz,15.0,no_bias,modest_combined,11,online,late_post,10.0,12.0,0.002,1000,1000,0,3.0,1.3516618229754005,0.0016733625786691287,1.962898382183713,2.0082393743588933,0.0,0.0,3.0,1.3516618229754005,1.2235591712355465,0.5743628105775699,-1.189772634541698,0.25,125,876,100.0,0.0,876,1.75,97.5,0.629022041959425,0.6716853564729908,0.6292152314351425,0.6716853564729908,0.16082276207524115,0.021331657256782873,18.2,7.979090635880593,7.922171627694912,0.41759333837792967,0.3418764016430732,12.584828269955192,0.4064710742356814,0.38681613344334803,-0.14573549643495204,100.0,0.5,1.0,100.0,0.379288737929121,0.5243382353610954,1.0,0.0,0.0,5.3751710418699155,4.175171041869916,0.05,100.0,79.3,0.1,12.23129937674962,12.041608152476096
2.0,6.0,executed,traces/dynamic__yaw15__no_bias__s2__f6n.npz,15.0,no_bias,modest_combined,11,online,post,8.0,12.0,0.002,2000,2000,0,3.0,4.172618096479189,0.0050361997720045895,5.30283687841079,5.3178297102037995,0.7225,72.25,3.0,4.172618096479189,4.074410535234677,0.8999558708260529,-3.9281039510626545,0.25,125,1876,29.26439232409382,0.40000000000000036,549,1.096,100.0,0.4934419504781119,0.5108114845163836,0.4934419504781119,0.5108114845163836,0.23986128489139613,0.004342383509567921,2.5,5.984317976910445,5.979485791989528,0.3131950037834474,0.24109898037113758,12.605500554695887,0.39015831129512013,0.020300689758703812,0.1485948370612958,100.0,0.5,1.0,100.0,0.21740342563970935,0.4488948795530587,1.0,0.0,0.0,5.35753726353977,4.157537263539771,0.05,100.0,97.5,0.0,12.28431664488004,11.969465793095695
2.0,6.0,executed,traces/dynamic__yaw15__no_bias__s2__f6n.npz,15.0,no_bias,modest_combined,11,online,early_post,8.0,8.5,0.002,250,250,0,3.0,3.758701233567114,0.005309736591741998,4.410848434865643,4.466763648043843,1.0,100.0,3.0,3.758701233567114,3.500358914729208,1.3694241239640517,-3.4805784518828298,0.25,125,126,0.0,,0,0.0,100.0,0.4934419504781119,0.5061951545497725,0.4934419504781119,0.5061951545497725,0.23986128489139613,0.025506408143321172,13.200000000000001,5.984286635324408,5.981930166946093,0.3128383104121798,0.2973047343534342,11.965157347405281,0.3135673031958314,-0.2945901164926728,0.5296986621079466,100.0,0.5,1.0,100.0,0.3908547703831515,0.4488948795530587,1.0,0.0,0.0,7.351036232615887,6.151036232615888,0.05,100.0,86.8,0.0,12.28431664488004,12.035678811890968
2.0,6.0,executed,traces/dynamic__yaw15__no_bias__s2__f6n.npz,15.0,no_bias,modest_combined,11,online,late_post,10.0,12.0,0.002,1000,1000,0,3.0,5.02602851314976,0.005313892970836732,5.3084075315159,5.3178297102037995,1.0,100.0,3.0,5.02602851314976,4.920930721618647,1.0224497288493775,-4.913956156299019,0.25,125,876,0.0,,0,0.0,100.0,0.5108114845163836,0.5108114845163836,0.5108114845163836,0.5108114845163836,0.0,0.0,0.0,5.984317976910445,5.980276415436067,0.3131950037834474,0.2574466402349282,12.605500554695887,0.40402756307791204,0.3812911557148425,-0.14303449400817003,100.0,0.5,1.0,100.0,0.18355421573370762,0.2412092123463653,1.0,0.0,0.0,5.35753726353977,4.157537263539771,0.05,100.0,100.0,0.0,12.224747458401952,12.038826927982369
2.0,8.0,executed,traces/dynamic__yaw15__no_bias__s2__f8n.npz,15.0,no_bias,modest_combined,11,online,post,8.0,12.0,0.002,2000,2000,0,3.0,1.4656739601128856,0.00285690061638722,2.2075538031170296,3.6481565368867934,0.022,2.1999999999999997,3.0,1.4656739601128856,1.2218298331909134,0.8095257970427218,-1.102664864359025,0.25,125,1876,100.0,0.0,1876,3.75,98.75,0.5489245344661517,0.6715378467878945,0.5492007224820329,0.6715378467878945,0.19799746092696857,0.030653328080435693,59.050000000000004,7.979090635880593,7.446036586099852,0.41759333837792967,0.30098430665677267,12.58843280964967,0.3958529075558215,0.025334413423259237,0.14414389256202573,100.0,0.5,1.0,100.0,0.22860878431346782,0.49481233665122804,1.0,0.0,0.0,5.380273587439583,4.180273587439584,0.05,100.0,39.7,0.05,12.337995122001155,11.97004857226098
2.0,8.0,executed,traces/dynamic__yaw15__no_bias__s2__f8n.npz,15.0,no_bias,modest_combined,11,online,early_post,8.0,8.5,0.002,250,250,0,3.0,2.1987334546421087,0.0061227648881744265,3.4648241117159193,3.6481565368867934,0.176,17.599999999999998,3.0,2.1987334546421087,1.9385530823957549,1.037516626997534,-1.7932569993129774,0.25,125,126,100.0,0.0,126,0.25,100.0,0.5489245344661517,0.5860514923605118,0.5492007224820329,0.5861216552300414,0.19799746092696857,0.0743942415277794,100.0,6.982456415373278,6.880023769757497,0.36386468359125695,0.342051964042973,12.010925674397285,0.33442404166809864,-0.3066505221004755,0.5345037481448649,100.0,0.5,1.0,100.0,0.41219594044056757,0.49481233665122804,1.0,0.0,0.0,7.326517355400394,6.126517355400395,0.05,100.0,0.0,0.0,12.337995122001155,12.028423492320083
2.0,8.0,executed,traces/dynamic__yaw15__no_bias__s2__f8n.npz,15.0,no_bias,modest_combined,11,online,late_post,10.0,12.0,0.002,1000,1000,0,3.0,1.3502660394568606,0.0016789230934941496,1.9527165902615329,1.9982766291128753,0.0,0.0,3.0,1.3502660394568606,1.2183035188218883,0.5821983453572513,-1.1872699921994467,0.25,125,876,100.0,0.0,876,1.75,97.5,0.629211254765659,0.6715378467878945,0.6294034014589521,0.6715378467878945,0.1601424190213474,0.02116329601111777,18.099999999999998,7.979090635880593,7.922548199929512,0.41759333837792967,0.3418851312306524,12.58843280964967,0.41204233415196845,0.39216468834215384,-0.14597790657811396,100.0,0.5,1.0,100.0,0.19333844244306295,0.26693842926640976,1.0,0.0,0.0,5.380273587439583,4.180273587439584,0.05,100.0,79.4,0.1,12.2316046026204,12.046757048039735
