rotation_gain_scale,max_force_n,row_origin,trace_path,case_index,wall_yaw_deg,wall_time_constant_s,tool_mass_kg,simulation_seed,has_raw_contact,force_rmse_n,peak_force_n,tangent_rmse_mm,contact_ratio_pct,saturation_pct,orientation_rmse_deg,measurement_rmse_n,seconds_over_35_n,first_raw_contact_time_s,max_penetration_mm,evaluation_median_penetration_mm,projection_pct,max_compensation_force_n,tangent_velocity_error_rms_m_s,minimum_torque_headroom_nm,minimum_reserved_torque_headroom_nm
1.0,6.0,pinned_reference,results/franka_rotation_gain_public24/traces/s1__online__case_00__compact.npz,0,-15.0,0.005,0.1,11,True,0.21552701712620154,12.624059704727921,1.3691854242781614,100.0,0.0,0.5696777495200572,0.20055008155671922,0.0,0.544,0.789672065473871,0.6587495687574563,0.0,5.984360762996737,0.00422270379825673,6.151504988241717,4.951504988241718
1.0,8.0,executed,traces/public24__case00__s1__f8n.npz,0,-15.0,0.005,0.1,11,True,0.21704102274089293,12.624059704727921,1.3292393835751348,100.0,0.0,0.5731803384107642,0.20094956234988776,0.0,0.544,0.789672065473871,0.6570432893346877,0.0,6.339731029467231,0.0043827326954995775,6.151504988241717,4.951504988241718
2.0,6.0,pinned_reference,results/franka_rotation_gain_public24/traces/s2__online__case_00__compact.npz,0,-15.0,0.005,0.1,11,True,0.21951198285110957,12.541452551798194,1.4116475912808335,100.0,0.0,0.3046858788926256,0.20025615260563331,0.0,0.548,0.7888898870519502,0.6585504346298364,0.0,5.984360716642944,0.004661938251513319,6.157239414981818,4.957239414981819
2.0,8.0,executed,traces/public24__case00__s2__f8n.npz,0,-15.0,0.005,0.1,11,True,0.22090611961350648,12.541452551798194,1.3823105778498601,100.0,0.0,0.3065917489496567,0.20057879390654265,0.0,0.548,0.7888898870519502,0.6571603812224724,0.0,6.330117626265561,0.004884000820378105,6.157239414981818,4.957239414981819
1.0,6.0,pinned_reference,results/franka_rotation_gain_public24/traces/s1__online__case_01__compact.npz,1,-15.0,0.005,0.1,29,True,0.20613814975690367,12.607584848336476,1.3642185375712388,100.0,0.0,0.5699133432062367,0.20538429380017112,0.0,0.546,0.7894230923833692,0.6584434263635468,0.0,5.984360716642944,0.004256555773217722,6.176726641250342,4.976726641250343
1.0,8.0,executed,traces/public24__case01__s1__f8n.npz,1,-15.0,0.005,0.1,29,True,0.20773298259584685,12.607584848336476,1.323232852236424,100.0,0.0,0.5733488583113484,0.20561553467589277,0.0,0.546,0.7894230923833692,0.6573095989392332,0.0,6.335357914141804,0.004446773267970561,6.176726641250342,4.976726641250343
2.0,6.0,pinned_reference,results/franka_rotation_gain_public24/traces/s2__online__case_01__compact.npz,1,-15.0,0.005,0.1,29,True,0.21078489423043778,12.520181598889204,1.4069541621182902,100.0,0.0,0.3048502794170289,0.20511833735824736,0.0,0.548,0.788623812101187,0.6589126628029699,0.0,5.984360716642944,0.004695265445956715,6.184151937601893,4.984151937601894
2.0,8.0,executed,traces/public24__case01__s2__f8n.npz,1,-15.0,0.005,0.1,29,True,0.21223816059682782,12.520181598889204,1.377905409687872,100.0,0.0,0.3067298681897857,0.20529127501195793,0.0,0.548,0.788623812101187,0.6575942715216221,0.0,6.329521706170286,0.004952436366149001,6.184151937601893,4.984151937601894
1.0,6.0,pinned_reference,results/franka_rotation_gain_public24/traces/s1__online__case_02__compact.npz,2,-15.0,0.005,0.13,11,True,0.21672189875622813,12.625197196463274,1.3757627825720158,100.0,0.0,0.5697584309917754,0.2005325576051905,0.0,0.544,0.788108583967162,0.6565081346666182,0.0,5.984360762996737,0.004247951753624402,6.107281345945916,4.907281345945917
1.0,8.0,executed,traces/public24__case02__s1__f8n.npz,2,-15.0,0.005,0.13,11,True,0.2182354064412528,12.625197196463274,1.3360889161851353,100.0,0.0,0.5732857769269002,0.20092532080704348,0.0,0.544,0.788108583967162,0.6548044571848699,0.0,6.341361248185429,0.004411987608941221,6.107281345945916,4.907281345945917
2.0,6.0,pinned_reference,results/franka_rotation_gain_public24/traces/s2__online__case_02__compact.npz,2,-15.0,0.005,0.13,11,True,0.22063340306240184,12.542536229309793,1.4183608695536396,100.0,0.0,0.3047474779892139,0.2002416668379825,0.0,0.548,0.7873282861745114,0.6563435357822105,0.0,5.984360716642944,0.0046883719032997494,6.1129179713928705,4.912917971392871
2.0,8.0,executed,traces/public24__case02__s2__f8n.npz,2,-15.0,0.005,0.13,11,True,0.22203587415319065,12.542536229309793,1.3894138679752328,100.0,0.0,0.3066696532395574,0.20055956854327953,0.0,0.548,0.7873282861745114,0.6549519200104506,0.0,6.331749090325141,0.004915248098302194,6.1129179713928705,4.912917971392871
1.0,6.0,pinned_reference,results/franka_rotation_gain_public24/traces/s1__online__case_03__compact.npz,3,-15.0,0.005,0.13,29,True,0.20717152458952517,12.608693510981468,1.3707673258979867,100.0,0.0,0.5699959573102147,0.2053694106481507,0.0,0.546,0.7878612005228978,0.6562829525298286,0.0,5.984360716642944,0.004282285411078288,6.132419344297228,4.932419344297228
1.0,8.0,executed,traces/public24__case03__s1__f8n.npz,3,-15.0,0.005,0.13,29,True,0.20876639451974238,12.608693510981468,1.3301029609140842,100.0,0.0,0.5734551318763192,0.2055923686447358,0.0,0.546,0.7878612005228978,0.6551394449631036,0.0,6.336900788113495,0.004476304841382358,6.132419344297228,4.932419344297228
2.0,6.0,pinned_reference,results/franka_rotation_gain_public24/traces/s2__online__case_03__compact.npz,3,-15.0,0.005,0.13,29,True,0.21174323377731397,12.521219319480025,1.4136368397517225,100.0,0.0,0.3049125686837566,0.20510488203648053,0.0,0.548,0.7870637520220846,0.6567270017262868,0.0,5.984360716642944,0.004721756484236906,6.1397270347593835,4.939727034759384
2.0,8.0,executed,traces/public24__case03__s2__f8n.npz,3,-15.0,0.005,0.13,29,True,0.21320776134000083,12.521219319480025,1.3850415337095834,100.0,0.0,0.3068086116445855,0.2052720063469864,0.0,0.548,0.7870637520220846,0.6553484116067019,0.0,6.331074287416348,0.004983997671852291,6.1397270347593835,4.939727034759384
1.0,6.0,pinned_reference,results/franka_rotation_gain_public24/traces/s1__online__case_04__compact.npz,4,-15.0,0.012,0.1,11,True,0.21710084321990517,12.632031461236583,1.3839688402313546,100.0,0.0,0.570230220052204,0.20075457179543105,0.0,0.544,0.8509739222300126,0.7098783040716365,0.0,5.984360762996737,0.0042412828168510745,6.1470986803040635,4.947098680304064
1.0,8.0,executed,traces/public24__case04__s1__f8n.npz,4,-15.0,0.012,0.1,11,True,0.21862615345966374,12.632031461236583,1.3461086034972258,100.0,0.0,0.5737513398301799,0.20115883310100255,0.0,0.544,0.8509739222300126,0.7083500502297821,0.0,6.340693076497994,0.004406466783755473,6.1470986803040635,4.947098680304064
2.0,6.0,pinned_reference,results/franka_rotation_gain_public24/traces/s2__online__case_04__compact.npz,4,-15.0,0.012,0.1,11,True,0.22122386552497741,12.547590191893178,1.4270571518322615,100.0,0.0,0.3050544417916565,0.20049187127713752,0.0,0.548,0.8500978318572577,0.7097076744783,0.0,5.984360762996737,0.004682858495437429,6.152265094625847,4.952265094625847
2.0,8.0,executed,traces/public24__case04__s2__f8n.npz,4,-15.0,0.012,0.1,11,True,0.22263016238635383,12.547590191893178,1.3997179356758294,100.0,0.0,0.30697416200104033,0.20081734606865698,0.0,0.548,0.8500978318572577,0.7082794599909629,0.0,6.331071279755059,0.004910527585642679,6.152265094625847,4.952265094625847
1.0,6.0,pinned_reference,results/franka_rotation_gain_public24/traces/s1__online__case_05__compact.npz,5,-15.0,0.012,0.1,29,True,0.20815879772652443,12.609429748505596,1.3790949734616986,100.0,0.0,0.5704587220251132,0.20560616380886404,0.0,0.546,0.8507582365731882,0.7097641982148124,0.0,5.984360716642944,0.004274327985282121,6.170935447353079,4.97093544735308
1.0,8.0,executed,traces/public24__case05__s1__f8n.npz,5,-15.0,0.012,0.1,29,True,0.20974879700580276,12.609429748505596,1.3401822922940598,100.0,0.0,0.5739136293800001,0.20581854560106877,0.0,0.546,0.8507582365731882,0.7085256252604422,0.0,6.3372495482465565,0.004470627386911313,6.170935447353079,4.97093544735308
2.0,6.0,pinned_reference,results/franka_rotation_gain_public24/traces/s2__online__case_05__compact.npz,5,-15.0,0.012,0.1,29,True,0.2129286190554605,12.526299748194475,1.4239022834591544,100.0,0.0,0.3052096429015605,0.20537310359132827,0.0,0.548,0.8498904632013478,0.710358170433443,0.0,5.984360716642944,0.0047196623380907025,6.1774572782586175,4.977457278258618
2.0,8.0,executed,traces/public24__case05__s2__f8n.npz,5,-15.0,0.012,0.1,29,True,0.21436591791671042,12.526299748194475,1.396324068545595,100.0,0.0,0.3070953950175138,0.20553134309422177,0.0,0.548,0.8498904632013478,0.7088577812826447,0.0,6.331123934976548,0.004977641671771524,6.1774572782586175,4.977457278258618
1.0,6.0,pinned_reference,results/franka_rotation_gain_public24/traces/s1__online__case_06__compact.npz,6,-15.0,0.012,0.13,11,True,0.21829399152345022,12.633143773804454,1.3905309504106815,100.0,0.0,0.5703122362294859,0.20073319740867285,0.0,0.544,0.8492537704864294,0.7077082774868838,0.0,5.984360762996737,0.0042665940974670235,6.102902759023825,4.902902759023826
1.0,8.0,executed,traces/public24__case06__s1__f8n.npz,6,-15.0,0.012,0.13,11,True,0.2198178520646085,12.633143773804454,1.3529514712872306,100.0,0.0,0.5738564093335028,0.20113035964872136,0.0,0.544,0.8492537704864294,0.7061528894176713,0.0,6.342324040231236,0.0044356457968961725,6.102902759023825,4.902902759023826
2.0,6.0,pinned_reference,results/franka_rotation_gain_public24/traces/s2__online__case_06__compact.npz,6,-15.0,0.012,0.13,11,True,0.2223399895855853,12.548648146281925,1.4337579034446424,100.0,0.0,0.30511577354137914,0.2004722807052706,0.0,0.548,0.848379393403157,0.7075042753887755,0.0,5.984360762996737,0.00470925394864945,6.107964328163643,4.907964328163644
2.0,8.0,executed,traces/public24__case06__s2__f8n.npz,6,-15.0,0.012,0.13,11,True,0.22375484230902348,12.548648146281925,1.4068154806972493,100.0,0.0,0.307051539750603,0.20079334885134711,0.0,0.548,0.848379393403157,0.7060748757474998,0.0,6.332703856567055,0.004941725328482287,6.107964328163643,4.907964328163644
1.0,6.0,pinned_reference,results/franka_rotation_gain_public24/traces/s1__online__case_07__compact.npz,7,-15.0,0.012,0.13,29,True,0.20919250710513176,12.610598257013178,1.3856502478447041,100.0,0.0,0.570540565691371,0.2055852322325357,0.0,0.546,0.8490392960182682,0.7075843498366464,0.0,5.984360716642944,0.004300016768223126,6.126649951274542,4.926649951274543
1.0,8.0,executed,traces/public24__case07__s1__f8n.npz,7,-15.0,0.012,0.13,29,True,0.21078378247274904,12.610598257013178,1.34705211748812,100.0,0.0,0.5740196936998543,0.2057915387053382,0.0,0.546,0.8490392960182682,0.7062954145627132,0.0,6.33875539281329,0.004500118125322177,6.126649951274542,4.926649951274543
2.0,6.0,pinned_reference,results/franka_rotation_gain_public24/traces/s2__online__case_07__compact.npz,7,-15.0,0.012,0.13,29,True,0.21388695683992942,12.527375258898903,1.4306041144989754,100.0,0.0,0.3052719800193867,0.20535431008891297,0.0,0.548,0.8481726479865233,0.7081566716580119,0.0,5.984360716642944,0.004746227117939845,6.133054301827334,4.933054301827335
2.0,8.0,executed,traces/public24__case07__s2__f8n.npz,7,-15.0,0.012,0.13,29,True,0.21533430083891628,12.527375258898903,1.403451015253505,100.0,0.0,0.30717351659658076,0.20550764080109138,0.0,0.548,0.8481726479865233,0.7066616192559703,0.0,6.332642361082511,0.005009141530662538,6.133054301827334,4.933054301827335
1.0,6.0,pinned_reference,results/franka_rotation_gain_public24/traces/s1__online__case_08__compact.npz,8,0.0,0.005,0.1,11,True,0.16183147168143094,12.636585788580819,1.2828497634943612,100.0,0.0,0.4638554376914606,0.20870376591755527,0.0,0.5740000000000001,0.7897611603013623,0.6574623106455415,0.0,5.984360762996737,0.004047786920887701,6.087754601031241,4.887754601031242
1.0,8.0,executed,traces/public24__case08__s1__f8n.npz,8,0.0,0.005,0.1,11,True,0.16245630936919503,12.636585788580819,1.267382198279002,100.0,0.0,0.46618544150061136,0.20906374773111525,0.0,0.5740000000000001,0.7897611603013623,0.6572247241715747,0.0,6.235073043773004,0.0041770760178482325,6.083820193013489,4.88382019301349
2.0,6.0,pinned_reference,results/franka_rotation_gain_public24/traces/s2__online__case_08__compact.npz,8,0.0,0.005,0.1,11,True,0.1592797646179324,12.579745879986286,1.3241418381504455,100.0,0.0,0.24805116097218713,0.20845825057648998,0.0,0.5760000000000001,0.788852548495679,0.6573293780838609,0.0,5.984360762996737,0.004500353554568147,6.08913129305576,4.889131293055761
2.0,8.0,executed,traces/public24__case08__s2__f8n.npz,8,0.0,0.005,0.1,11,True,0.1597105490994469,12.579745879986286,1.3134239267858592,100.0,0.0,0.24929513381803864,0.20869274059182097,0.0,0.5760000000000001,0.788852548495679,0.6571373934067328,0.0,6.22834424233124,0.004658081142065683,6.085417316682893,4.885417316682894
1.0,6.0,pinned_reference,results/franka_rotation_gain_public24/traces/s1__online__case_09__compact.npz,9,0.0,0.005,0.1,29,True,0.151419095422139,12.622467681460728,1.2755523468363215,100.0,0.0,0.46419863012209667,0.21414523196722368,0.0,0.5740000000000001,0.7896273381316279,0.6578182499144061,0.0,5.984360716642944,0.004095947391413219,6.098936776464177,4.898936776464177
1.0,8.0,executed,traces/public24__case09__s1__f8n.npz,9,0.0,0.005,0.1,29,True,0.15199312292213782,12.622467681460728,1.2597474763212027,100.0,0.0,0.46645595704671927,0.214348614494952,0.0,0.5740000000000001,0.7896273381316279,0.6573436544403191,0.0,6.245917645061621,0.004246275284799449,6.095602572626012,4.895602572626013
2.0,6.0,pinned_reference,results/franka_rotation_gain_public24/traces/s2__online__case_09__compact.npz,9,0.0,0.005,0.1,29,True,0.1497757897303412,12.52172077591962,1.317944022871218,100.0,0.0,0.24827191639576005,0.2139115359809523,0.0,0.578,0.7887089098337698,0.6575259257410107,0.0,5.984360716642944,0.004555049570237803,6.100091120075861,4.900091120075862
2.0,8.0,executed,traces/public24__case09__s2__f8n.npz,9,0.0,0.005,0.1,29,True,0.1501972011334332,12.52172077591962,1.3073550506287872,100.0,0.0,0.2494966473138791,0.21407510471783578,0.0,0.578,0.7887089098337698,0.6570939337274053,0.0,6.24067433131848,0.004733440432809658,6.0970885107359365,4.897088510735937
1.0,6.0,pinned_reference,results/franka_rotation_gain_public24/traces/s1__online__case_10__compact.npz,10,0.0,0.005,0.13,11,True,0.1628456185507367,12.6377605415699,1.289439743328815,100.0,0.0,0.46392060560370507,0.20867570854310616,0.0,0.5740000000000001,0.7881989087508492,0.6552865068376392,0.0,5.984360762996737,0.00407315049592198,6.043142024098932,4.843142024098933
1.0,8.0,executed,traces/public24__case10__s1__f8n.npz,10,0.0,0.005,0.13,11,True,0.16346481594641687,12.6377605415699,1.2741307702528044,100.0,0.0,0.4662740080195723,0.20903177565221426,0.0,0.5740000000000001,0.7881989087508492,0.6549676787163463,0.0,6.236495217491941,0.004206380173393133,6.03916076008902,4.839160760089021
2.0,6.0,pinned_reference,results/franka_rotation_gain_public24/traces/s2__online__case_10__compact.npz,10,0.0,0.005,0.13,11,True,0.16020404317889275,12.581185906246969,1.3308323539652076,100.0,0.0,0.24810468437255787,0.20843174082543664,0.0,0.5760000000000001,0.7872922298711518,0.6550977769200563,0.0,5.984360762996737,0.004527011426375212,6.044612344411643,4.844612344411644
2.0,8.0,executed,traces/public24__case10__s2__f8n.npz,10,0.0,0.005,0.13,11,True,0.16063200952581297,12.581185906246969,1.3203858081525393,100.0,0.0,0.24936430488084801,0.2086627880398429,0.0,0.5760000000000001,0.7872922298711518,0.6549186072495119,0.0,6.229716767204561,0.0046893403117054125,6.040854807893188,4.840854807893189
1.0,6.0,pinned_reference,results/franka_rotation_gain_public24/traces/s1__online__case_11__compact.npz,11,0.0,0.005,0.13,29,True,0.1521725050800278,12.623602954725857,1.2821599612213879,100.0,0.0,0.46426490793390734,0.21412046079203864,0.0,0.5740000000000001,0.7880648169046114,0.6556185632117586,0.0,5.984360716642944,0.004121578642625918,6.0543485509361705,4.854348550936171
1.0,8.0,executed,traces/public24__case11__s1__f8n.npz,11,0.0,0.005,0.13,29,True,0.1527447660743133,12.623602954725857,1.2665140341976273,100.0,0.0,0.46654518314750776,0.21432196204154766,0.0,0.5740000000000001,0.7880648169046114,0.6551418470780237,0.0,6.247381826032563,0.0042758873569872435,6.050972695235393,4.850972695235393
2.0,6.0,pinned_reference,results/franka_rotation_gain_public24/traces/s2__online__case_11__compact.npz,11,0.0,0.005,0.13,29,True,0.15196711115149886,12.531108471138362,1.3248685765313248,100.0,0.0,0.24831545846423042,0.21393237096170173,0.0,0.578,0.7872259156862862,0.6553379977963305,0.0,5.984360716642944,0.004580562348156599,6.055550315086367,4.855550315086368
2.0,8.0,executed,traces/public24__case11__s2__f8n.npz,11,0.0,0.005,0.13,29,True,0.15237738879130058,12.531108471138362,1.3145691564467377,100.0,0.0,0.24956075810346948,0.214090970160075,0.0,0.578,0.7872259156862862,0.6548993293083518,0.0,6.242342370154561,0.0047662780195063805,6.052504920336721,4.852504920336722
1.0,6.0,pinned_reference,results/franka_rotation_gain_public24/traces/s1__online__case_12__compact.npz,12,0.0,0.012,0.1,11,True,0.16457743945692097,12.65162317449773,1.2988553898976065,100.0,0.0,0.46425177698209164,0.20901861841880603,0.0,0.5740000000000001,0.8511013179661533,0.7086380017067087,0.0,5.984360762996737,0.004069369586342313,6.086321879658524,4.886321879658524
1.0,8.0,executed,traces/public24__case12__s1__f8n.npz,12,0.0,0.012,0.1,11,True,0.1652229962871956,12.65162317449773,1.284854160298271,100.0,0.0,0.4666042143164632,0.2093994069203986,0.0,0.5740000000000001,0.8511013179661533,0.7084946493727053,0.0,6.236196000372831,0.004204650130152589,6.082383573686123,4.882383573686123
2.0,6.0,pinned_reference,results/franka_rotation_gain_public24/traces/s2__online__case_12__compact.npz,12,0.0,0.012,0.1,11,True,0.16114470954480709,12.617920173318755,1.3404538411325244,100.0,0.0,0.24831266102850957,0.2087867906040516,0.0,0.5760000000000001,0.8500591219433375,0.7085418566668347,0.0,5.984360762996737,0.004524753715103488,6.0877183006312325,4.887718300631233
2.0,8.0,executed,traces/public24__case12__s2__f8n.npz,12,0.0,0.012,0.1,11,True,0.16158700726634628,12.617920173318755,1.3311001635483406,100.0,0.0,0.24956993040931055,0.2090310579833865,0.0,0.5760000000000001,0.8500591219433375,0.7084283648710401,0.0,6.230219631119334,0.004687437566969249,6.083999841023635,4.883999841023636
1.0,6.0,pinned_reference,results/franka_rotation_gain_public24/traces/s1__online__case_13__compact.npz,13,0.0,0.012,0.1,29,True,0.15319385471003566,12.628783970392217,1.2926917196649217,100.0,0.0,0.46460668407890426,0.21442846358916798,0.0,0.5740000000000001,0.8509045513209537,0.709109703694262,0.0,5.984360716642944,0.004121146853495672,6.097635921463866,4.897635921463866
1.0,8.0,executed,traces/public24__case13__s1__f8n.npz,13,0.0,0.012,0.1,29,True,0.15376362142186084,12.628783970392217,1.2780671893758189,100.0,0.0,0.46687157490531095,0.21462706537542994,0.0,0.5740000000000001,0.8509045513209537,0.7085468210974513,0.0,6.248188781917733,0.004271206537335426,6.094300846560472,4.894300846560473
2.0,6.0,pinned_reference,results/franka_rotation_gain_public24/traces/s2__online__case_13__compact.npz,13,0.0,0.012,0.1,29,True,0.15151573073628272,12.54117537682389,1.3355596153122145,100.0,0.0,0.24853029398687643,0.21422400846735612,0.0,0.578,0.8498744790783399,0.7088248322423065,0.0,5.984360716642944,0.00458250708082078,6.098832737962983,4.898832737962984
2.0,8.0,executed,traces/public24__case13__s2__f8n.npz,13,0.0,0.012,0.1,29,True,0.15193657166655666,12.54117537682389,1.3259486757020291,100.0,0.0,0.24975794465909645,0.214384445701247,0.0,0.578,0.8498744790783399,0.7084036065687707,0.0,6.24284011184452,0.004760139132623895,6.095830641547123,4.895830641547124
1.0,6.0,pinned_reference,results/franka_rotation_gain_public24/traces/s1__online__case_14__compact.npz,14,0.0,0.012,0.13,11,True,0.16560086860950843,12.652757751384899,1.3053967706168306,100.0,0.0,0.46431638664891395,0.20899054973089246,0.0,0.5740000000000001,0.8493817337996492,0.7064340404326144,0.0,5.984360762996737,0.004094814372986078,6.041712029323477,4.841712029323478
1.0,8.0,executed,traces/public24__case14__s1__f8n.npz,14,0.0,0.012,0.13,11,True,0.16623424243460513,12.652757751384899,1.2915966601549151,100.0,0.0,0.46669219046643756,0.20936209908504994,0.0,0.5740000000000001,0.8493817337996492,0.706236991505911,0.0,6.237703568798929,0.004233843218544638,6.0377300745114875,4.837730074511488
2.0,6.0,pinned_reference,results/franka_rotation_gain_public24/traces/s2__online__case_14__compact.npz,14,0.0,0.012,0.13,11,True,0.16207255133078471,12.619415640267738,1.3471556689248392,100.0,0.0,0.24836636026519868,0.2087573498721243,0.0,0.5760000000000001,0.8483414278248405,0.706331529072908,0.0,5.984360762996737,0.004551388110446988,6.043201411306654,4.843201411306655
2.0,8.0,executed,traces/public24__case14__s2__f8n.npz,14,0.0,0.012,0.13,11,True,0.16250929605030054,12.619415640267738,1.3380571647024868,100.0,0.0,0.24963854595230595,0.20899609713936446,0.0,0.5760000000000001,0.8483414278248405,0.7062022554591498,0.0,6.231598925201964,0.0047186061217075045,6.039444103899179,4.839444103899179
1.0,6.0,pinned_reference,results/franka_rotation_gain_public24/traces/s1__online__case_15__compact.npz,15,0.0,0.012,0.13,29,True,0.15395519098776347,12.629880561091165,1.2992950336290494,100.0,0.0,0.46467288983664484,0.21440166414178008,0.0,0.5740000000000001,0.8491850282756688,0.7069107421448853,0.0,5.984360716642944,0.004146770952736657,6.05304487425264,4.853044874252641
1.0,8.0,executed,traces/public24__case15__s1__f8n.npz,15,0.0,0.012,0.13,29,True,0.15452035000188272,12.629880561091165,1.2848300669108186,100.0,0.0,0.4669602352078259,0.2145967527808562,0.0,0.5740000000000001,0.8491850282756688,0.706379502627398,0.0,6.2496451429662265,0.0043007018193957774,6.049669329235064,4.8496693292350646
2.0,6.0,pinned_reference,results/franka_rotation_gain_public24/traces/s2__online__case_15__compact.npz,15,0.0,0.012,0.13,29,True,0.15217824197362767,12.542949916896141,1.3422572294517723,100.0,0.0,0.24858320757297583,0.2141975520386896,0.0,0.578,0.8481570759479098,0.7066409390972042,0.0,5.984360716642944,0.004609375936190253,6.0543301112857915,4.854330111285792
2.0,8.0,executed,traces/public24__case15__s2__f8n.npz,15,0.0,0.012,0.13,29,True,0.1525966201016037,12.542949916896141,1.3329295072205514,100.0,0.0,0.2498271888308524,0.2143553210277774,0.0,0.578,0.8481570759479098,0.7062011716155516,0.0,6.244273024788413,0.0047916082409123935,6.051285521275636,4.851285521275637
1.0,6.0,pinned_reference,results/franka_rotation_gain_public24/traces/s1__online__case_16__compact.npz,16,15.0,0.005,0.1,11,True,0.17440956421267975,12.65924137253659,1.3515598212032085,100.0,0.0,0.4392309140031574,0.2032637607035252,0.0,0.544,0.7896328860047055,0.6566503525117072,0.0,5.984360762996737,0.004069872893288871,5.912788519307575,4.712788519307575
1.0,8.0,executed,traces/public24__case16__s1__f8n.npz,16,15.0,0.005,0.1,11,True,0.1749063360921682,12.65924137253659,1.3463961753928695,100.0,0.0,0.4419746222082107,0.20352469517005617,0.0,0.544,0.7896328860047055,0.6563380066534168,0.0,6.205263904967953,0.004354119255237605,5.911045814304684,4.7110458143046845
2.0,6.0,pinned_reference,results/franka_rotation_gain_public24/traces/s2__online__case_16__compact.npz,16,15.0,0.005,0.1,11,True,0.18300240246481567,12.652065967202299,1.4053053618682563,100.0,0.0,0.23884480324160165,0.2032533402641488,0.0,0.546,0.7888893134163216,0.6563091818171212,0.0,5.984360762996737,0.0045719071027280804,5.91346594117744,4.713465941177441
2.0,8.0,executed,traces/public24__case16__s2__f8n.npz,16,15.0,0.005,0.1,11,True,0.18397383914579182,12.652065967202299,1.4041405652217842,100.0,0.0,0.24067793957745118,0.2034729852551407,0.0,0.546,0.7888893134163216,0.6562480801644843,0.0,6.194460502434888,0.004913236306915481,5.911621574739567,4.711621574739568
1.0,6.0,pinned_reference,results/franka_rotation_gain_public24/traces/s1__online__case_17__compact.npz,17,15.0,0.005,0.1,29,True,0.167575996849988,12.63410237735084,1.3423406440601688,100.0,0.0,0.4396310513657516,0.2089598094450693,0.0,0.544,0.7894180896112282,0.6564828831123124,0.0,5.984360762996737,0.004133434358639255,5.910902351731913,4.710902351731914
1.0,8.0,executed,traces/public24__case17__s1__f8n.npz,17,15.0,0.005,0.1,29,True,0.16799805106179072,12.63410237735084,1.3373401053903131,100.0,0.0,0.4421748483598995,0.2091076829141408,0.0,0.544,0.7894180896112282,0.6562144853978561,0.0,6.213673121742444,0.00442397122810753,5.907004442506523,4.707004442506523
2.0,6.0,pinned_reference,results/franka_rotation_gain_public24/traces/s2__online__case_17__compact.npz,17,15.0,0.005,0.1,29,True,0.17792393548749935,12.629022589436339,1.3981566719711305,100.0,0.0,0.23913107423530697,0.20907983052498272,0.0,0.546,0.7886747720973996,0.6563508549766138,0.0,5.984360762996737,0.004645523586741214,5.911672679923679,4.71167267992368
2.0,8.0,executed,traces/public24__case17__s2__f8n.npz,17,15.0,0.005,0.1,29,True,0.1788077781307816,12.629022589436339,1.3977601017735626,100.0,0.0,0.24087662362506837,0.20920693612550637,0.0,0.546,0.7886747720973996,0.6561700159803431,0.0,6.203256117109474,0.004990634575485888,5.907684668415055,4.707684668415055
1.0,6.0,pinned_reference,results/franka_rotation_gain_public24/traces/s1__online__case_18__compact.npz,18,15.0,0.005,0.13,11,True,0.17480653183699538,12.660215432445323,1.3581684708127841,100.0,0.0,0.4393075147377201,0.2032283107794383,0.0,0.544,0.7880697485673077,0.6544354938654782,0.0,5.984360762996737,0.004093338674548032,5.868130334754174,4.668130334754174
1.0,8.0,executed,traces/public24__case18__s1__f8n.npz,18,15.0,0.005,0.13,11,True,0.17530251933413218,12.660215432445323,1.3530277633179386,100.0,0.0,0.44207913873167876,0.20348446589535762,0.0,0.544,0.7880697485673077,0.6541366014451329,0.0,6.20672667481888,0.004382525651780032,5.8663684330993355,4.666368433099336
2.0,6.0,pinned_reference,results/franka_rotation_gain_public24/traces/s2__online__case_18__compact.npz,18,15.0,0.005,0.13,11,True,0.1833381121228167,12.653036221356228,1.4119704363000305,100.0,0.0,0.23890759025844407,0.20321851951668093,0.0,0.546,0.7873275498931909,0.6541154701767902,0.0,5.984360762996737,0.004595932436371975,5.869008382561461,4.6690083825614614
2.0,8.0,executed,traces/public24__case18__s2__f8n.npz,18,15.0,0.005,0.13,11,True,0.18431848484399074,12.653036221356228,1.4110234243463824,100.0,0.0,0.24076650375988964,0.20343528396790111,0.0,0.546,0.7873275498931909,0.654029232164179,0.0,6.195985288832217,0.004943475566971975,5.867150915368734,4.667150915368735
1.0,6.0,pinned_reference,results/franka_rotation_gain_public24/traces/s1__online__case_19__compact.npz,19,15.0,0.005,0.13,29,True,0.16769737668579304,12.634967972231678,1.3488483765406731,100.0,0.0,0.43970566152733837,0.20893307836475647,0.0,0.544,0.7878566307167254,0.6542856129499869,0.0,5.984360762996737,0.00415674210629668,5.866219072134442,4.666219072134442
1.0,8.0,executed,traces/public24__case19__s1__f8n.npz,19,15.0,0.005,0.13,29,True,0.16811651682508402,12.634967972231678,1.343986384907294,100.0,0.0,0.4422794876197931,0.20907598105389583,0.0,0.544,0.7878566307167254,0.6540106545221275,0.0,6.2152406180964626,0.004452633756338818,5.862312931179973,4.662312931179974
2.0,6.0,pinned_reference,results/franka_rotation_gain_public24/traces/s2__online__case_19__compact.npz,19,15.0,0.005,0.13,29,True,0.17799546251411272,12.630155190257486,1.4048537121613338,100.0,0.0,0.23919532101818838,0.2090523876624738,0.0,0.548,0.7871150026200514,0.6541132869517762,0.0,5.984360762996737,0.004670275354981494,5.867184871851671,4.6671848718516715
2.0,8.0,executed,traces/public24__case19__s2__f8n.npz,19,15.0,0.005,0.13,29,True,0.17888941103935932,12.630155190257486,1.404655011799008,100.0,0.0,0.24096535068758787,0.20917653570697897,0.0,0.548,0.7871150026200514,0.6539752290040945,0.0,6.2048159928283715,0.005021057177542525,5.8631898296983955,4.663189829698396
1.0,6.0,pinned_reference,results/franka_rotation_gain_public24/traces/s1__online__case_20__compact.npz,20,15.0,0.012,0.1,11,True,0.1761589667229461,12.698348888756854,1.3691711943416653,100.0,0.0,0.43945753153606104,0.20366847813916125,0.0,0.544,0.8509454786976532,0.7080417708385609,0.0,5.984360762996737,0.0040955249633213365,5.911715112789507,4.711715112789507
1.0,8.0,executed,traces/public24__case20__s1__f8n.npz,20,15.0,0.012,0.1,11,True,0.17666555297053518,12.698348888756854,1.3652225481638243,100.0,0.0,0.44220525393208815,0.20394143884027383,0.0,0.544,0.8509454786976532,0.7076875945274865,0.0,6.2056693805029015,0.004378678821759022,5.909941778411695,4.709941778411696
2.0,6.0,pinned_reference,results/franka_rotation_gain_public24/traces/s2__online__case_20__compact.npz,20,15.0,0.012,0.1,11,True,0.18459657044180247,12.690609430821338,1.4231823886868546,100.0,0.0,0.23899983656300494,0.20367405174550499,0.0,0.546,0.8500984585980871,0.7075217540592118,0.0,5.984360762996737,0.004599265051003498,5.912403849865496,4.712403849865496
2.0,8.0,executed,traces/public24__case20__s2__f8n.npz,20,15.0,0.012,0.1,11,True,0.18556173551105604,12.690609430821338,1.4231667453873116,100.0,0.0,0.24083258817867628,0.20389833778470293,0.0,0.546,0.8500984585980871,0.7074799763773909,0.0,6.195010753951544,0.004939821541511026,5.910516819796614,4.710516819796615
1.0,6.0,pinned_reference,results/franka_rotation_gain_public24/traces/s1__online__case_21__compact.npz,21,15.0,0.012,0.1,29,True,0.16917469026110402,12.673071011543689,1.3598450096270125,100.0,0.0,0.4398527300818449,0.20933800031643396,0.0,0.544,0.8507462602938658,0.7078022363540617,0.0,5.984360762996737,0.004158255375153963,5.909873351033441,4.709873351033441
1.0,8.0,executed,traces/public24__case21__s1__f8n.npz,21,15.0,0.012,0.1,29,True,0.16958391443841914,12.673071011543689,1.356049197963568,100.0,0.0,0.4424025863224833,0.2094784795614664,0.0,0.544,0.8507462602938658,0.7074911435026865,0.0,6.214567936608503,0.0044479788500385595,5.905969670383735,4.705969670383736
2.0,6.0,pinned_reference,results/franka_rotation_gain_public24/traces/s2__online__case_21__compact.npz,21,15.0,0.012,0.1,29,True,0.1793766373097001,12.66601169751582,1.4148378338585854,100.0,0.0,0.23927621933898272,0.20947412921943584,0.0,0.546,0.8499289422661365,0.7076444574142492,0.0,5.984360762996737,0.0046666014559175765,5.910694668563112,4.710694668563113
2.0,8.0,executed,traces/public24__case21__s2__f8n.npz,21,15.0,0.012,0.1,29,True,0.1802630506360889,12.66601169751582,1.4155146847745557,100.0,0.0,0.24104525065220217,0.20959538769064484,0.0,0.546,0.8499289422661365,0.7074324848614262,0.0,6.204222551095094,0.005017705310789529,5.9066909885841286,4.706690988584129
1.0,6.0,pinned_reference,results/franka_rotation_gain_public24/traces/s1__online__case_22__compact.npz,22,15.0,0.012,0.13,11,True,0.17656593199468198,12.699226132762577,1.3756514479751922,100.0,0.0,0.4395322338332971,0.2036315523874168,0.0,0.544,0.8492252600052451,0.70586672669448,0.0,5.984360762996737,0.004119218065818905,5.867061409770287,4.667061409770287
1.0,8.0,executed,traces/public24__case22__s1__f8n.npz,22,15.0,0.012,0.13,11,True,0.17706827993954272,12.699226132762577,1.3718464929907153,100.0,0.0,0.4423084757404073,0.20389624889158411,0.0,0.544,0.8492252600052451,0.7054535688656299,0.0,6.207156714642283,0.004406974431775672,5.865273152611724,4.665273152611725
2.0,6.0,pinned_reference,results/franka_rotation_gain_public24/traces/s2__online__case_22__compact.npz,22,15.0,0.012,0.13,11,True,0.1849378937392853,12.691501445988491,1.4299464318588906,100.0,0.0,0.23906462742864332,0.20363528431939418,0.0,0.546,0.8483799247857928,0.7053176754278043,0.0,5.984360762996737,0.004624571638051463,5.867951359131183,4.667951359131184
2.0,8.0,executed,traces/public24__case22__s2__f8n.npz,22,15.0,0.012,0.13,11,True,0.18591261785741012,12.691501445988491,1.4300361454991277,100.0,0.0,0.2409199088656935,0.20385645998719532,0.0,0.546,0.8483799247857928,0.705271413520777,0.0,6.196542484956895,0.00496994131345036,5.866055476268208,4.666055476268209
1.0,6.0,pinned_reference,results/franka_rotation_gain_public24/traces/s1__online__case_23__compact.npz,23,15.0,0.012,0.13,29,True,0.16930520613961525,12.674039191187745,1.3664138393386482,100.0,0.0,0.4399293026503292,0.20930751287706215,0.0,0.544,0.8490273225311915,0.7055795026686476,0.0,5.984360762996737,0.0041824288240901565,5.865189787320448,4.665189787320449
1.0,8.0,executed,traces/public24__case23__s1__f8n.npz,23,15.0,0.012,0.13,29,True,0.16971334212654207,12.674039191187745,1.3626841871345674,100.0,0.0,0.4425058128625003,0.20944419946054907,0.0,0.544,0.8490273225311915,0.7052977835207106,0.0,6.216134715968221,0.004476518167267335,5.861280055797076,4.661280055797077
2.0,6.0,pinned_reference,results/franka_rotation_gain_public24/traces/s2__online__case_23__compact.npz,23,15.0,0.012,0.13,29,True,0.17945694384220617,12.666953384961898,1.4215684298752862,100.0,0.0,0.23933837686179704,0.2094442500424513,0.0,0.548,0.8482113310161674,0.7054102410334433,0.0,5.984360762996737,0.004691149632688309,5.866206127224305,4.666206127224306
2.0,8.0,executed,traces/public24__case23__s2__f8n.npz,23,15.0,0.012,0.13,29,True,0.1803545418686352,12.666953384961898,1.4223958968873918,100.0,0.0,0.24113276266773026,0.20956250641603819,0.0,0.548,0.8482113310161674,0.7052191643345772,0.0,6.205781526366652,0.0050480220005276666,5.8621976993168,4.662197699316801
