method,case,simulation_seed,wall_time_constant_s,wall_sliding_friction,wall_yaw_deg,position_noise_std_m,force_noise_std_n,force_bias_n,measurement_delay_ms,bias_compensation_scale,controller,scenario,force_rmse_n,peak_force_n,tangent_rmse_mm,orientation_rmse_deg,contact_ratio_pct,torque_rms_nm,saturation_pct,controller_p95_us,gate_pass,failed_checks
fixed_hybrid,holdout_00,29,0.004384210268967733,0.5544256090000146,0.23080835555653856,0.00021216257114976882,0.19045515139628388,-1.4378069022694022,12,0.9640685805629738,hybrid,holdout_00,1.7436723040770925,38.759050689502345,10.429962938873079,1.4071996991101734,100.0,24.334698387821422,0.0,84.59209999999999,no,peak_force
adaptive_hybrid,holdout_00,29,0.004384210268967733,0.5544256090000146,0.23080835555653856,0.00021216257114976882,0.19045515139628388,-1.4378069022694022,12,0.9640685805629738,adaptive_hybrid,holdout_00,1.1753094893071887,39.828595020662426,8.103307171505758,1.3805587823732444,100.0,24.31667292990653,0.0,124.50385,no,peak_force
bounded_residual_rl,holdout_00,29,0.004384210268967733,0.5544256090000146,0.23080835555653856,0.00021216257114976882,0.19045515139628388,-1.4378069022694022,12,0.9640685805629738,residual_rl,holdout_00,1.2941288430427689,40.91825722919451,7.589757084057658,1.367413510972307,100.0,24.37338806928056,0.0,165.43865,no,peak_force
fixed_hybrid,holdout_01,30,0.004175658106164271,0.3667482170516758,3.4572767255817425,0.0004940763054637344,0.7879553285129877,1.0833356374343532,12,1.039428758899684,hybrid,holdout_01,1.4143621103592214,33.45806216416691,10.760630664916555,1.6625019186861585,100.0,24.77631325963734,0.0,84.0492,yes,
adaptive_hybrid,holdout_01,30,0.004175658106164271,0.3667482170516758,3.4572767255817425,0.0004940763054637344,0.7879553285129877,1.0833356374343532,12,1.039428758899684,adaptive_hybrid,holdout_01,1.0980344529855492,33.83232196641947,9.669951895189962,1.6443889375101384,100.0,24.949390476196047,0.0,130.94205,yes,
bounded_residual_rl,holdout_01,30,0.004175658106164271,0.3667482170516758,3.4572767255817425,0.0004940763054637344,0.7879553285129877,1.0833356374343532,12,1.039428758899684,residual_rl,holdout_01,1.139824251333971,34.67356598422051,7.274917552570593,1.6567078229436962,100.0,25.034301200775058,0.0,169.4907,yes,
fixed_hybrid,holdout_02,31,0.005629700936581438,0.7893259829284238,-0.9449620039220097,2.2725211920496414e-05,0.7665682861112485,1.3315010169518535,12,0.9980300114075141,hybrid,holdout_02,1.7778338392908324,41.86618595612101,13.85471791699178,0.3528430449512276,100.0,23.11710720221153,0.0,84.4429,no,peak_force
adaptive_hybrid,holdout_02,31,0.005629700936581438,0.7893259829284238,-0.9449620039220097,2.2725211920496414e-05,0.7665682861112485,1.3315010169518535,12,0.9980300114075141,adaptive_hybrid,holdout_02,1.3712078838007125,44.69579003298914,12.615868229475023,0.3803982255551856,100.0,23.1771330686714,0.0,125.68695,no,peak_force
bounded_residual_rl,holdout_02,31,0.005629700936581438,0.7893259829284238,-0.9449620039220097,2.2725211920496414e-05,0.7665682861112485,1.3315010169518535,12,0.9980300114075141,residual_rl,holdout_02,1.4633570820063555,45.25118467291959,10.468901890066503,0.37027160864757214,100.0,23.12503959392175,0.0,163.83155,no,peak_force
fixed_hybrid,holdout_03,32,0.006594092808792615,0.7325389708035386,5.659562360660599,0.00048696273197799305,0.529585954711425,-0.8056804424702618,10,0.9304281866531063,hybrid,holdout_03,1.3944630063960894,43.97369469610165,11.922628618881381,2.9451193186848523,100.0,23.299334831892068,0.0,84.33954999999999,no,peak_force
adaptive_hybrid,holdout_03,32,0.006594092808792615,0.7325389708035386,5.659562360660599,0.00048696273197799305,0.529585954711425,-0.8056804424702618,10,0.9304281866531063,adaptive_hybrid,holdout_03,1.3774992914318067,42.62553487417867,9.544292431463356,2.9156489960838408,100.0,23.412879498630012,0.0,129.30545,no,peak_force
bounded_residual_rl,holdout_03,32,0.006594092808792615,0.7325389708035386,5.659562360660599,0.00048696273197799305,0.529585954711425,-0.8056804424702618,10,0.9304281866531063,residual_rl,holdout_03,1.388232673131969,45.251266332524715,9.151284422240682,2.9068980650731007,100.0,23.416164931575803,0.0,167.13889999999998,no,peak_force
fixed_hybrid,holdout_04,33,0.008046446664011917,0.5982009688861685,2.790200251094321,3.769110246814185e-05,0.49302439394945785,1.3983560144640585,20,0.9752710459786782,hybrid,holdout_04,1.7529824008330004,34.352575633783644,9.132352974000641,0.9407335206977852,100.0,24.017570373742156,0.0,82.50675,yes,
adaptive_hybrid,holdout_04,33,0.008046446664011917,0.5982009688861685,2.790200251094321,3.769110246814185e-05,0.49302439394945785,1.3983560144640585,20,0.9752710459786782,adaptive_hybrid,holdout_04,1.2695961206768744,37.96628184327261,8.76244350399898,0.9746586334263176,100.0,24.11718257651252,0.0,123.39620000000001,no,peak_force
bounded_residual_rl,holdout_04,33,0.008046446664011917,0.5982009688861685,2.790200251094321,3.769110246814185e-05,0.49302439394945785,1.3983560144640585,20,0.9752710459786782,residual_rl,holdout_04,1.2482201075743464,35.659440231366304,7.6748135681765985,0.9606542790346785,100.0,24.174229178004026,0.0,161.42935,no,peak_force
fixed_hybrid,holdout_05,34,0.004329841151866968,0.7550288810808472,-4.069487536027664,0.0005267442567294029,0.26547273761889845,1.3354843480886984,6,1.1120314608901594,hybrid,holdout_05,1.3668618305771352,44.12019039805016,22.17361816977016,3.774395133557713,100.0,23.259670089036565,0.0,88.1672,no,peak_force;tangent_rmse
adaptive_hybrid,holdout_05,34,0.004329841151866968,0.7550288810808472,-4.069487536027664,0.0005267442567294029,0.26547273761889845,1.3354843480886984,6,1.1120314608901594,adaptive_hybrid,holdout_05,1.520136935012785,45.668049645800636,18.67261013413397,3.7579915083795634,100.0,23.378601545592854,0.0,129.5281,no,peak_force;tangent_rmse
bounded_residual_rl,holdout_05,34,0.004329841151866968,0.7550288810808472,-4.069487536027664,0.0005267442567294029,0.26547273761889845,1.3354843480886984,6,1.1120314608901594,residual_rl,holdout_05,1.5444072826963036,41.9321747021062,15.008562444015784,3.763623804529504,100.0,23.380534340081443,0.0,165.51255,no,peak_force;tangent_rmse
fixed_hybrid,holdout_06,35,0.010850876669958499,0.6500560053398408,4.01469302828564,0.00014513630092451084,0.22771369297305627,-1.3674547650228992,22,0.9885558700716888,hybrid,holdout_06,1.7092656459208933,38.52458926377475,13.085710119197742,0.5625581441841867,100.0,23.83047280711213,0.0,83.14984999999997,no,peak_force
adaptive_hybrid,holdout_06,35,0.010850876669958499,0.6500560053398408,4.01469302828564,0.00014513630092451084,0.22771369297305627,-1.3674547650228992,22,0.9885558700716888,adaptive_hybrid,holdout_06,1.1654638312296555,35.36966636028449,9.928920541668194,0.543720978535864,100.0,23.89211185468658,0.0,134.61325,no,peak_force
bounded_residual_rl,holdout_06,35,0.010850876669958499,0.6500560053398408,4.01469302828564,0.00014513630092451084,0.22771369297305627,-1.3674547650228992,22,0.9885558700716888,residual_rl,holdout_06,1.3194090011377617,38.073306310472425,8.321847445510883,0.5327226881247608,100.0,23.906433801429372,0.0,162.41049999999998,no,peak_force
fixed_hybrid,holdout_07,36,0.005775239441145751,0.8347406968132027,5.554133726077115,0.0007948949575496861,0.7104807389146679,-0.13878949538921614,16,0.9409667013606293,hybrid,holdout_07,1.3758159913742072,44.64614144290521,13.211047373666698,2.5343377936791662,100.0,22.823305170956687,0.0,83.23049999999999,no,peak_force
adaptive_hybrid,holdout_07,36,0.005775239441145751,0.8347406968132027,5.554133726077115,0.0007948949575496861,0.7104807389146679,-0.13878949538921614,16,0.9409667013606293,adaptive_hybrid,holdout_07,1.451202427348028,47.899711718769915,10.955754193415538,2.5295812589176765,100.0,22.945024963105666,0.0,132.135,no,peak_force
bounded_residual_rl,holdout_07,36,0.005775239441145751,0.8347406968132027,5.554133726077115,0.0007948949575496861,0.7104807389146679,-0.13878949538921614,16,0.9409667013606293,residual_rl,holdout_07,1.4920026108367277,46.45056557689824,9.77657477675507,2.524463829875815,100.0,22.884593479096814,0.0,164.7419,no,peak_force
fixed_hybrid,holdout_08,37,0.00982911386153934,0.2807837770066979,-5.107672956475939,0.00025173379540567494,0.462554542753679,-1.0730099198598082,28,0.8709497582448247,hybrid,holdout_08,1.673250955854095,66.30026778394513,8.676837896336123,5.623524744188839,100.0,26.27206784259214,4.133333333333333,87.0377,no,peak_force;saturation
adaptive_hybrid,holdout_08,37,0.00982911386153934,0.2807837770066979,-5.107672956475939,0.00025173379540567494,0.462554542753679,-1.0730099198598082,28,0.8709497582448247,adaptive_hybrid,holdout_08,2.5775903448832924,68.74155927816373,7.36619981907524,5.610126381278666,100.0,26.516961970176737,5.2,139.0249,no,force_rmse;peak_force;saturation
bounded_residual_rl,holdout_08,37,0.00982911386153934,0.2807837770066979,-5.107672956475939,0.00025173379540567494,0.462554542753679,-1.0730099198598082,28,0.8709497582448247,residual_rl,holdout_08,1.7785876032297827,68.74155927816373,10.288971558921656,5.613156562281745,100.0,26.991456616836874,6.622222222222223,169.66619999999995,no,peak_force;saturation
fixed_hybrid,holdout_09,38,0.0067492503516062815,0.732476200287592,-3.9905177581079503,0.0001308930464124832,0.27176932951753907,-1.1929227630961168,30,1.0182472782418066,hybrid,holdout_09,1.8436342990650694,43.109800479227175,16.10517684703102,0.731019927379011,100.0,23.428269719419895,0.0,84.39975,no,peak_force;tangent_rmse
adaptive_hybrid,holdout_09,38,0.0067492503516062815,0.732476200287592,-3.9905177581079503,0.0001308930464124832,0.27176932951753907,-1.1929227630961168,30,1.0182472782418066,adaptive_hybrid,holdout_09,1.3932551953005146,41.03157258099494,12.027991232010192,0.787289017171394,100.0,23.584363154738746,0.0,128.9472,no,peak_force
bounded_residual_rl,holdout_09,38,0.0067492503516062815,0.732476200287592,-3.9905177581079503,0.0001308930464124832,0.27176932951753907,-1.1929227630961168,30,1.0182472782418066,residual_rl,holdout_09,1.7591482676311432,49.48845969071747,9.49332624573653,1.1747961876766198,100.0,24.388193986649636,0.9777777777777777,162.816,no,peak_force
fixed_hybrid,holdout_10,39,0.00982630884126916,0.666616345924397,5.3310214712878405,0.00048781626668859847,0.5042652900297321,0.7041997035490137,24,0.9536146153905953,hybrid,holdout_10,1.3697054547226084,43.62415754065403,9.81340360061096,1.859993601833125,100.0,23.680197229170332,0.0,81.99340000000001,no,peak_force
adaptive_hybrid,holdout_10,39,0.00982630884126916,0.666616345924397,5.3310214712878405,0.00048781626668859847,0.5042652900297321,0.7041997035490137,24,0.9536146153905953,adaptive_hybrid,holdout_10,1.2886325843947157,42.75551757949488,8.788418567059997,1.880248365180716,100.0,23.772018361259143,0.0,128.56419999999997,no,peak_force
bounded_residual_rl,holdout_10,39,0.00982630884126916,0.666616345924397,5.3310214712878405,0.00048781626668859847,0.5042652900297321,0.7041997035490137,24,0.9536146153905953,residual_rl,holdout_10,1.2887493679859754,42.75551757949488,8.043305528211341,1.870548466479886,100.0,23.792587718682256,0.0,159.9312,no,peak_force
fixed_hybrid,holdout_11,40,0.014969684083365263,0.4538734100734594,-1.3630959346174638,0.0002974728909451579,0.47077517516026834,-0.53719147386343,8,1.1331166766158614,hybrid,holdout_11,1.189851107208416,26.648017478281872,18.9888133638516,4.549395192215337,100.0,24.942074134905273,0.0,86.25524999999999,no,tangent_rmse
adaptive_hybrid,holdout_11,40,0.014969684083365263,0.4538734100734594,-1.3630959346174638,0.0002974728909451579,0.47077517516026834,-0.53719147386343,8,1.1331166766158614,adaptive_hybrid,holdout_11,1.4376408503205413,28.205088749075614,15.300030498993218,4.559878858933786,100.0,25.15477138848224,0.0,133.47764999999998,no,tangent_rmse
bounded_residual_rl,holdout_11,40,0.014969684083365263,0.4538734100734594,-1.3630959346174638,0.0002974728909451579,0.47077517516026834,-0.53719147386343,8,1.1331166766158614,residual_rl,holdout_11,1.592713138592627,28.024206599266964,11.774910390139652,4.576836642339823,100.0,25.26813658546705,0.0,166.8414,yes,
fixed_hybrid,holdout_12,41,0.010640782781492502,0.5387029748135748,-4.348669535769859,0.0004918482456392485,0.4335114805682425,0.9630516868761365,4,0.8952376783847449,hybrid,holdout_12,1.6829964289342607,32.789938759177566,8.418435479848599,4.388664585617025,100.0,24.236350977247213,0.0,86.88985,yes,
adaptive_hybrid,holdout_12,41,0.010640782781492502,0.5387029748135748,-4.348669535769859,0.0004918482456392485,0.4335114805682425,0.9630516868761365,4,0.8952376783847449,adaptive_hybrid,holdout_12,1.5083215451543657,33.76204584339309,7.3909158013306735,4.4003454466089424,100.0,24.25156587713493,0.0,128.07064999999997,yes,
bounded_residual_rl,holdout_12,41,0.010640782781492502,0.5387029748135748,-4.348669535769859,0.0004918482456392485,0.4335114805682425,0.9630516868761365,4,0.8952376783847449,residual_rl,holdout_12,1.2718511267326844,34.334412190711916,9.376622811432098,4.395017897724434,100.0,24.362362127051394,0.0,181.1577,yes,
fixed_hybrid,holdout_13,42,0.004157095490031035,0.8957446222385741,4.047690016362196,0.0007000918838106252,0.25450082054136514,-1.288538244614735,6,1.13963904666548,hybrid,holdout_13,1.9268643985689178,44.719833798191786,29.162480995373542,4.411443228254938,100.0,22.46415160999633,0.0,83.27205,no,peak_force;tangent_rmse
adaptive_hybrid,holdout_13,42,0.004157095490031035,0.8957446222385741,4.047690016362196,0.0007000918838106252,0.25450082054136514,-1.288538244614735,6,1.13963904666548,adaptive_hybrid,holdout_13,1.6506248638763352,47.58006012481914,22.81488638801699,4.455982008483452,100.0,22.630834530896664,0.0,125.9039,no,peak_force;tangent_rmse
bounded_residual_rl,holdout_13,42,0.004157095490031035,0.8957446222385741,4.047690016362196,0.0007000918838106252,0.25450082054136514,-1.288538244614735,6,1.13963904666548,residual_rl,holdout_13,1.744973832317316,47.59845272430794,18.863602349757265,4.460964982187657,100.0,22.57345583716973,0.0,171.2011,no,peak_force;tangent_rmse
fixed_hybrid,holdout_14,43,0.01854056894410609,0.7193499246436468,0.5628921425678559,0.0005233768268621513,0.6359676426208379,0.1195877433433643,30,0.9082546288739861,hybrid,holdout_14,1.9097168557685964,59.95894250243375,9.182170771182646,4.2649002859626615,100.0,27.273762969738396,12.533333333333333,80.25245,no,peak_force;saturation
adaptive_hybrid,holdout_14,43,0.01854056894410609,0.7193499246436468,0.5628921425678559,0.0005233768268621513,0.6359676426208379,0.1195877433433643,30,0.9082546288739861,adaptive_hybrid,holdout_14,1.8711283829283087,58.371982740763976,7.6107585292479785,4.252115151824673,100.0,27.45336386832231,12.88888888888889,122.7826,no,peak_force;saturation
bounded_residual_rl,holdout_14,43,0.01854056894410609,0.7193499246436468,0.5628921425678559,0.0005233768268621513,0.6359676426208379,0.1195877433433643,30,0.9082546288739861,residual_rl,holdout_14,2.1316241875163073,58.371982740763976,7.922423971062867,4.319298674964105,100.0,28.24937049510429,15.911111111111111,160.31550000000001,no,force_rmse;peak_force;saturation
fixed_hybrid,holdout_15,44,0.011166048262322805,0.6945140930554135,-4.046547879116723,0.0002313423061539127,0.12481244607448694,0.9919835450505747,22,0.9206349173180775,hybrid,holdout_15,1.697820170130629,41.89671068516991,9.232634929304648,3.301878171657,100.0,23.539076449150592,0.0,88.40905,no,peak_force
adaptive_hybrid,holdout_15,44,0.011166048262322805,0.6945140930554135,-4.046547879116723,0.0002313423061539127,0.12481244607448694,0.9919835450505747,22,0.9206349173180775,adaptive_hybrid,holdout_15,1.360978352753633,40.076109860814896,8.2475520135326,3.3216127463535012,100.0,23.592282940878615,0.0,139.4706,no,peak_force
bounded_residual_rl,holdout_15,44,0.011166048262322805,0.6945140930554135,-4.046547879116723,0.0002313423061539127,0.12481244607448694,0.9919835450505747,22,0.9206349173180775,residual_rl,holdout_15,1.3420301623066335,40.076109860814896,8.628059329009044,3.3198661311882893,100.0,23.626716575978264,0.0,162.3357,no,peak_force
fixed_hybrid,holdout_16,45,0.009310201960475613,0.7114338282401711,-5.222862059022385,6.506375126759876e-05,0.5732979036975542,0.6743544537804169,10,0.8589360306107799,hybrid,holdout_16,2.3865735824913106,38.86187007770122,10.097025649857997,6.302036092862577,100.0,23.406568037379934,0.0,87.41434999999998,no,force_rmse;peak_force
adaptive_hybrid,holdout_16,45,0.009310201960475613,0.7114338282401711,-5.222862059022385,6.506375126759876e-05,0.5732979036975542,0.6743544537804169,10,0.8589360306107799,adaptive_hybrid,holdout_16,3.0914811226950056,40.03299889374034,8.228081527797626,6.269338114065756,100.0,23.438271265624046,0.0,134.6088,no,force_rmse;peak_force
bounded_residual_rl,holdout_16,45,0.009310201960475613,0.7114338282401711,-5.222862059022385,6.506375126759876e-05,0.5732979036975542,0.6743544537804169,10,0.8589360306107799,residual_rl,holdout_16,2.3327537885375222,39.94127113686048,10.408567356146087,6.280211543318339,100.0,23.457573917662543,0.0,162.98845,no,force_rmse;peak_force
fixed_hybrid,holdout_17,46,0.009743640986772654,0.8866075082684333,0.6371099749438853,7.43792101667438e-05,0.45680935956982627,0.09021106106156429,18,1.0589438236561173,hybrid,holdout_17,1.2014212733321463,37.96687308609362,20.861090676451564,2.016145745853439,100.0,22.613470663109283,0.0,91.24974999999999,no,peak_force;tangent_rmse
adaptive_hybrid,holdout_17,46,0.009743640986772654,0.8866075082684333,0.6371099749438853,7.43792101667438e-05,0.45680935956982627,0.09021106106156429,18,1.0589438236561173,adaptive_hybrid,holdout_17,1.3824803019025365,39.08813488124205,16.96892567731066,2.0192926882330147,100.0,22.73824769130491,0.0,144.73989999999998,no,peak_force;tangent_rmse
bounded_residual_rl,holdout_17,46,0.009743640986772654,0.8866075082684333,0.6371099749438853,7.43792101667438e-05,0.45680935956982627,0.09021106106156429,18,1.0589438236561173,residual_rl,holdout_17,1.358140830263799,39.354772480399156,13.613968168837363,2.0146457278574115,100.0,22.668687234974566,0.0,165.31004999999996,no,peak_force
fixed_hybrid,holdout_18,47,0.01230453192756822,0.6203887126328989,1.405364074235118,0.00021522995307741706,0.34153579252982763,-0.5376611354357526,18,1.0240419372673168,hybrid,holdout_18,1.282771666224661,32.870725272929384,14.005886314928986,0.9904971629379611,100.0,23.994251886982305,0.0,88.56360000000001,yes,
adaptive_hybrid,holdout_18,47,0.01230453192756822,0.6203887126328989,1.405364074235118,0.00021522995307741706,0.34153579252982763,-0.5376611354357526,18,1.0240419372673168,adaptive_hybrid,holdout_18,1.2275923615256776,33.23853175850817,11.179079906208718,1.0093738406387955,100.0,24.072158048914822,0.0,143.7214,yes,
bounded_residual_rl,holdout_18,47,0.01230453192756822,0.6203887126328989,1.405364074235118,0.00021522995307741706,0.34153579252982763,-0.5376611354357526,18,1.0240419372673168,residual_rl,holdout_18,1.2836198036592825,33.98938093955317,8.902740236634214,1.0144867414564813,100.0,24.09052207514492,0.0,171.9701,yes,
fixed_hybrid,holdout_19,48,0.021983869226903076,0.5821221610552461,-2.7175129710933152,0.0005243852311466383,0.4935118762538059,-1.4851830576751444,8,0.9135165642046498,hybrid,holdout_19,1.1047257698211905,27.36605641840125,9.465128563230753,3.5934038538259445,100.0,24.133514080260884,0.0,85.34049999999999,yes,
adaptive_hybrid,holdout_19,48,0.021983869226903076,0.5821221610552461,-2.7175129710933152,0.0005243852311466383,0.4935118762538059,-1.4851830576751444,8,0.9135165642046498,adaptive_hybrid,holdout_19,1.1088933631260494,29.137196667648247,7.789813310001693,3.5753519582039224,100.0,24.158515170474004,0.0,134.24835000000002,yes,
bounded_residual_rl,holdout_19,48,0.021983869226903076,0.5821221610552461,-2.7175129710933152,0.0005243852311466383,0.4935118762538059,-1.4851830576751444,8,0.9135165642046498,residual_rl,holdout_19,1.1586510003592383,29.190769757082503,8.854695483951192,3.563322842534919,100.0,24.226573197706344,0.0,163.13574999999997,yes,
fixed_hybrid,holdout_20,49,0.004909562808591864,0.7632742201993428,-2.0324300455932667,0.0007303451782944099,0.277732943141191,-0.0004159948782582745,0,1.0502093979226927,hybrid,holdout_20,1.349675345426153,45.46739596175176,18.65069740711981,1.7951204697127316,100.0,23.15396950987545,0.0,82.5576,no,peak_force;tangent_rmse
adaptive_hybrid,holdout_20,49,0.004909562808591864,0.7632742201993428,-2.0324300455932667,0.0007303451782944099,0.277732943141191,-0.0004159948782582745,0,1.0502093979226927,adaptive_hybrid,holdout_20,1.4192750346139793,46.79023501359521,15.176524533446575,1.8026616391990495,100.0,23.277605909400773,0.0,153.86025,no,peak_force;tangent_rmse
bounded_residual_rl,holdout_20,49,0.004909562808591864,0.7632742201993428,-2.0324300455932667,0.0007303451782944099,0.277732943141191,-0.0004159948782582745,0,1.0502093979226927,residual_rl,holdout_20,1.4778368862603943,46.068031805484104,12.281141440320239,1.7994688204995373,100.0,23.225022287405483,0.0,177.5491,no,peak_force
fixed_hybrid,holdout_21,50,0.006441248317079409,0.37685387652720825,3.517172654150336,0.00016010092796364247,0.6231489189280806,-0.7220004822538543,14,0.8501925874865197,hybrid,holdout_21,5.871798297171845,37.04592113678452,10.898546071681203,6.534934631772523,100.0,24.570125980222823,0.0,89.88785,no,force_rmse;peak_force
adaptive_hybrid,holdout_21,50,0.006441248317079409,0.37685387652720825,3.517172654150336,0.00016010092796364247,0.6231489189280806,-0.7220004822538543,14,0.8501925874865197,adaptive_hybrid,holdout_21,3.9892456388843107,33.568224831324954,8.762497908118187,6.573731776936865,100.0,24.427736002933475,0.0,155.2435,no,force_rmse
bounded_residual_rl,holdout_21,50,0.006441248317079409,0.37685387652720825,3.517172654150336,0.00016010092796364247,0.6231489189280806,-0.7220004822538543,14,0.8501925874865197,residual_rl,holdout_21,3.370889178690727,42.67966355134553,11.305331363578773,6.5609342152269114,100.0,24.578538453663317,0.0,180.20495,no,force_rmse;peak_force
fixed_hybrid,holdout_22,51,0.007892086507245046,0.3716637618129529,-0.6698538797246574,0.0001741276063026109,0.5043410026873096,0.12075999642219437,8,1.0607856348719908,hybrid,holdout_22,0.981043105818603,30.642160232343638,12.989844863442775,2.3579828701846206,100.0,24.875674080688594,0.0,90.37085,yes,
adaptive_hybrid,holdout_22,51,0.007892086507245046,0.3716637618129529,-0.6698538797246574,0.0001741276063026109,0.5043410026873096,0.12075999642219437,8,1.0607856348719908,adaptive_hybrid,holdout_22,1.1205043417895268,31.950736776632063,10.886060758660204,2.358997588824226,100.0,24.983569371280787,0.0,153.44555,yes,
bounded_residual_rl,holdout_22,51,0.007892086507245046,0.3716637618129529,-0.6698538797246574,0.0001741276063026109,0.5043410026873096,0.12075999642219437,8,1.0607856348719908,residual_rl,holdout_22,1.2222005928982977,31.77259617864797,8.207874457698418,2.370708223534887,100.0,25.09646806497743,0.0,167.92069999999998,yes,
fixed_hybrid,holdout_23,52,0.013821545077775667,0.6400287583615818,-3.642401841790155,0.0007418073500606216,0.49273643116892996,-0.6329953633978916,24,1.087488104226747,hybrid,holdout_23,1.3615362114151675,32.39391365389708,18.722751135920948,3.069974946453532,100.0,23.90781192846557,0.0,103.09255,no,tangent_rmse
adaptive_hybrid,holdout_23,52,0.013821545077775667,0.6400287583615818,-3.642401841790155,0.0007418073500606216,0.49273643116892996,-0.6329953633978916,24,1.087488104226747,adaptive_hybrid,holdout_23,1.1984460884242703,30.89045697220842,14.492451896762597,3.0973628514663134,100.0,24.060779472379807,0.0,135.15725,yes,
bounded_residual_rl,holdout_23,52,0.013821545077775667,0.6400287583615818,-3.642401841790155,0.0007418073500606216,0.49273643116892996,-0.6329953633978916,24,1.087488104226747,residual_rl,holdout_23,1.2587964784523267,33.253529642519034,11.261359698223254,3.1020720475980332,100.0,24.076887183958362,0.0,168.29135,yes,
