surface_yaw_deg,variant,case,arm,simulation_seed,rotation_gain_scale,max_force_n,window,window_start_s,window_end_s,dt_s,sample_count,moving_sample_count,undefined_direction_sample_count,controller_yaw_error_deg,tangent_rmse_mm,tangent_velocity_error_rms_m_s,tangent_p95_error_mm,window_peak_tangent_error_mm,tangent_error_above_threshold_fraction,tangent_error_above_threshold_pct,tangent_threshold_mm,moving_tangent_rmse_mm,along_track_rmse_mm,cross_track_rmse_mm,along_track_mean_mm,rolling_window_s,rolling_window_samples,rolling_window_count,rolling_window_pass_pct,first_qualifying_window_start_s,longest_qualifying_run_window_count,longest_qualifying_run_start_span_s,update_ready_after_compute_pct,coefficient_before_compute_min,coefficient_before_compute_max,coefficient_after_compute_min,coefficient_after_compute_max,coefficient_rate_max_abs_per_s,coefficient_rate_mean_per_s,coefficient_rate_nonzero_pct,window_peak_requested_tangential_force_n,requested_tangential_force_mean_n,window_peak_requested_force_true_normal_component_n,requested_force_true_normal_component_mean_abs_n,window_peak_true_normal_force_n,normal_force_error_rms_n,normal_force_error_mean_n,measured_minus_true_normal_force_mean_n,contact_ratio_pct,contact_force_floor_n,contact_blend_min,contact_blend_full_pct,orientation_error_rms_deg,window_peak_orientation_error_deg,torque_projection_scale_min,torque_projection_pct,actuator_clipped_pct,minimum_torque_headroom_nm,minimum_reserved_torque_headroom_nm,torque_reserve_fraction_each_side,compensation_active_pct,amplitude_capped_pct,slew_limited_pct,window_peak_corrected_force_n,corrected_force_mean_n
-15.0,combined,modest_combined,online,11,1.0,6.0,post,8.0,12.0,0.002,2000,2000,0,3.0,3.3325586657033037,0.0040810759282191526,4.260284927268399,4.272779828936591,0.554,55.400000000000006,3.0,3.3325586657033037,3.2863814347433578,0.5528510882040224,-3.1289104088385207,0.25,125,1876,44.18976545842217,0.0,829,1.6560000000000001,100.0,0.500499715606112,0.5092328306930824,0.500499715606112,0.5092328306930824,0.14681163533225572,0.002183278771742625,2.0,5.984317976910445,5.9794747696505866,0.313195003783447,0.241098488743563,11.79598567413369,0.7519492993052123,-0.6641754390583069,0.9046185797133133,100.0,0.5,1.0,100.0,0.28362245763336885,0.38280430363211354,1.0,0.0,0.0,5.721009991027678,4.521009991027679,0.05,100.0,98.0,0.0,12.205032888318776,12.027891674055848
-15.0,combined,modest_combined,online,11,1.0,6.0,early_post,8.0,8.5,0.002,250,250,0,3.0,2.337786181161644,0.004209903922325594,2.8411249941557797,2.9357572589115715,0.0,0.0,3.0,2.337786181161644,2.1385519561448,0.9443726805131503,-2.1303622959078234,0.25,125,126,100.0,0.0,126,0.25,100.0,0.500499715606112,0.5081487412483627,0.500499715606112,0.5081487412483627,0.14681163533225572,0.015298051284501568,13.600000000000001,5.984286635324408,5.981690795599938,0.3128383104121796,0.2972937320228134,11.045116387715614,1.133694206761023,-1.131952037066838,1.2549934750635783,100.0,0.5,1.0,100.0,0.3118227072580181,0.3379581826614199,1.0,0.0,0.0,6.568054357844398,5.368054357844398,0.05,100.0,86.4,0.0,12.067225549934857,11.910489971397583
-15.0,combined,modest_combined,online,11,1.0,6.0,late_post,10.0,12.0,0.002,1000,1000,0,3.0,4.103317100611353,0.00441908223531095,4.266841017156042,4.272779828936591,1.0,100.0,3.0,4.103317100611353,4.071259551766141,0.5119149248874527,-4.067689297838475,0.25,125,876,0.0,,0,0.0,100.0,0.5092328306930824,0.5092328306930824,0.5092328306930824,0.5092328306930824,0.0,0.0,0.0,5.984317976910445,5.980276415436067,0.313195003783447,0.2574466402349278,11.79598567413369,0.3514815377281283,-0.3451895571560511,0.6351472914429264,100.0,0.5,1.0,100.0,0.24970240937982838,0.38280430363211354,1.0,0.0,0.0,6.013618070610195,4.813618070610196,0.05,100.0,100.0,0.0,12.205032888318776,12.077406267687715
-15.0,combined,modest_combined,online,11,1.0,8.0,post,8.0,12.0,0.002,2000,2000,0,3.0,1.2456755961955523,0.0026141634312033444,1.7391158951920096,2.7137591443785873,0.0,0.0,3.0,1.2456755961955523,0.8615561603749107,0.8996825403869889,-0.6890474853441921,0.25,125,1876,100.0,0.0,1876,3.75,100.0,0.5251601725319549,0.6669858417577798,0.5253313350285088,0.6669858417577798,0.14745097863200218,0.03535966843636282,77.35,7.979090635880592,7.238847543609492,0.41759333837792934,0.2926153090555105,11.787442095423348,0.7483631642584149,-0.6600430661347259,0.901796315462763,100.0,0.5,1.0,100.0,0.2988541523192875,0.41049673547318993,1.0,0.0,0.0,5.729836781044096,4.5298367810440965,0.05,100.0,24.3,0.0,12.215246965369165,12.029201782728878
-15.0,combined,modest_combined,online,11,1.0,8.0,early_post,8.0,8.5,0.002,250,250,0,3.0,1.6238612506359136,0.004755485982307422,2.549895179269115,2.7137591443785873,0.0,0.0,3.0,1.6238612506359136,1.3999209356685332,0.8228892605896446,-1.3305809264076767,0.25,125,126,100.0,0.0,126,0.25,100.0,0.5251601725319549,0.5503157143555018,0.5253313350285088,0.5503814315727662,0.14745097863200218,0.050442518081622596,100.0,6.549704993468689,6.428401614232578,0.3423964740859849,0.3196171716063034,11.036178333448047,1.1321160853757994,-1.1302398424728934,1.254496732745885,100.0,0.5,1.0,100.0,0.3254430574146017,0.35790087403711396,1.0,0.0,0.0,6.554240442741463,5.354240442741464,0.05,100.0,0.0,0.0,12.055957203677844,11.911705423673833
-15.0,combined,modest_combined,online,11,1.0,8.0,late_post,10.0,12.0,0.002,1000,1000,0,3.0,1.1095537607422983,0.0020699123889698547,1.6640591842126906,1.7234128597997815,0.0,0.0,3.0,1.1095537607422983,0.6575581972818697,0.8937151476643971,-0.4389665929089569,0.25,125,876,100.0,0.0,876,1.75,100.0,0.5969784540124154,0.6669858417577798,0.597131023225758,0.6669858417577798,0.1315908543350064,0.034810196132495363,54.7,7.979090635880592,7.833318310514098,0.41759333837792934,0.33861433306828054,11.787442095423348,0.35029778348607227,-0.34333294755376503,0.634507675240532,100.0,0.5,1.0,100.0,0.2681043423383259,0.41049673547318993,1.0,0.0,0.0,6.061088734626537,4.861088734626538,0.05,100.0,48.6,0.0,12.215246965369165,12.078623261087607
-15.0,no_bias,modest_combined,online,11,1.0,6.0,post,8.0,12.0,0.002,2000,2000,0,3.0,4.201931790380261,0.0051245186503396664,5.2482831306565645,5.261601759492987,0.7185,71.85000000000001,3.0,4.201931790380261,4.119868009140357,0.8263887452465284,-3.9792743735479794,0.25,125,1876,29.58422174840085,0.19400000000000084,555,1.108,100.0,0.506399572162442,0.510447121857562,0.506399572162442,0.510447121857562,0.188995735199593,0.0010118874237800002,0.65,5.984317976910445,5.979603894271883,0.313195003783447,0.24110487817151174,12.572894942346338,0.38878682417722216,0.07578124542597249,0.15448245074206074,100.0,0.5,1.0,100.0,0.27886349773342484,0.3738926162863709,1.0,0.0,0.0,5.462076927142343,4.262076927142344,0.05,100.0,99.35000000000001,0.0,12.200201085252973,12.017712229568874
-15.0,no_bias,modest_combined,online,11,1.0,6.0,early_post,8.0,8.5,0.002,250,250,0,3.0,3.1526233798929426,0.004866718374734449,3.625093188558808,3.710263867461733,0.62,62.0,3.0,3.1526233798929426,2.895760751380982,1.246436458953705,-2.890613400953381,0.25,125,126,23.015873015873016,0.19400000000000084,29,0.056,100.0,0.506399572162442,0.5098686714866463,0.506399572162442,0.5098686714866463,0.188995735199593,0.0069381986484085,4.3999999999999995,5.984286635324408,5.982606308651533,0.3128383104121796,0.2973387019368497,11.73324344152631,0.44056232555125674,-0.43654293289613866,0.5233446787439743,100.0,0.5,1.0,100.0,0.3015657916333637,0.3233778584991177,1.0,0.0,0.0,6.3922831785191825,5.192283178519183,0.05,100.0,95.6,0.0,12.020040085588915,11.874250279248677
-15.0,no_bias,modest_combined,online,11,1.0,6.0,late_post,10.0,12.0,0.002,1000,1000,0,3.0,5.074882190203659,0.005579051077957789,5.255824575023457,5.261601759492987,1.0,100.0,3.0,5.074882190203659,4.985086763669929,0.9504415832281116,-4.980827428887617,0.25,125,876,0.0,,0,0.0,100.0,0.510447121857562,0.510447121857562,0.510447121857562,0.510447121857562,0.0,0.0,0.0,5.984317976910445,5.980276415436067,0.313195003783447,0.2574466402349278,12.572894942346338,0.4280944052378351,0.4221725434590409,-0.13320257255576334,100.0,0.5,1.0,100.0,0.24838573219127158,0.3738926162863709,1.0,0.0,0.0,5.748786619827376,4.548786619827377,0.05,100.0,100.0,0.0,12.200201085252973,12.076418504304119
-15.0,no_bias,modest_combined,online,11,1.0,8.0,post,8.0,12.0,0.002,2000,2000,0,3.0,1.4463590278541294,0.002708795055028982,1.9266765247454356,3.2359284534344908,0.008,0.8,3.0,1.4463590278541294,1.187090176608737,0.8262997942963436,-1.1315207732045156,0.25,125,1876,100.0,0.0,1876,3.75,98.75,0.5447574137372232,0.6686267690517468,0.5449815074840038,0.6686267690517468,0.17263409414791653,0.0309673388286309,58.9,7.979090635880592,7.469960476012217,0.41759333837792934,0.30081280474203254,12.572345512548049,0.39102121673906054,0.08328034016540616,0.14899247795066878,100.0,0.5,1.0,100.0,0.29533937659430065,0.3960507931820286,1.0,0.0,0.0,5.472998224505031,4.272998224505032,0.05,100.0,39.85,0.05,12.213248664498362,12.019721351516916
-15.0,no_bias,modest_combined,online,11,1.0,8.0,early_post,8.0,8.5,0.002,250,250,0,3.0,1.9601065588580935,0.0054392234951169734,3.0414464824182317,3.2359284534344908,0.064,6.4,3.0,1.9601065588580935,1.6759530905370377,1.0164639493842704,-1.5947484250029424,0.25,125,126,100.0,0.0,126,0.25,100.0,0.5447574137372232,0.5779589458388579,0.5449815074840038,0.5780463269930312,0.17263409414791653,0.06657782651161592,100.0,6.86224833225293,6.696203969982619,0.3587351851127409,0.3329859823448079,11.728833518880814,0.43865977630471664,-0.43388572471575754,0.5235969968690176,100.0,0.5,1.0,100.0,0.32053035287677634,0.3548562371045641,1.0,0.0,0.0,6.3694179871135095,5.16941798711351,0.05,100.0,0.0,0.0,12.01817662576569,11.877159805554102
-15.0,no_bias,modest_combined,online,11,1.0,8.0,late_post,10.0,12.0,0.002,1000,1000,0,3.0,1.3882639559864014,0.0016915283970761498,1.7402780496642019,1.7951854061974175,0.0,0.0,3.0,1.3882639559864014,1.2054104578934812,0.6886671470979583,-1.197405098076054,0.25,125,876,100.0,0.0,876,1.75,97.5,0.6324491654755274,0.6686267690517468,0.6326129580620841,0.6686267690517468,0.14036469085176861,0.018088801788109676,17.8,7.979090635880592,7.946336871646392,0.41759333837792934,0.34255911666482264,12.572345512548049,0.4330566347658261,0.42679438346584714,-0.13637392661812386,100.0,0.5,1.0,100.0,0.26502128060425684,0.3960507931820286,1.0,0.0,0.0,5.8201243814128105,4.620124381412811,0.05,100.0,79.7,0.1,12.213248664498362,12.077868990248565
0.0,combined,modest_combined,online,11,1.0,6.0,post,8.0,12.0,0.002,2000,2000,0,3.0,3.2627450602066217,0.003970305738081095,4.1985206147442575,4.216520407448317,0.5505,55.05,3.0,3.2627450602066217,3.2057240120841217,0.6073210734446798,-3.043318564783634,0.25,125,1876,45.84221748400853,0.0,860,1.718,100.0,0.4944159591229926,0.5081804198166346,0.4944159591229926,0.5081804198166346,0.16986752261999305,0.0034411151734105166,3.1,5.984317976910444,5.979374112351023,0.3131950037834472,0.24109322921316495,11.804754020550963,0.7766313298039496,-0.6927846448873356,0.9086417742585009,100.0,0.5,1.0,100.0,0.3132481134901148,0.5449505390295637,1.0,0.0,0.0,5.669874138200312,4.469874138200312,0.05,100.0,96.89999999999999,0.0,12.210002301193347,12.002408191950975
0.0,combined,modest_combined,online,11,1.0,6.0,early_post,8.0,8.5,0.002,250,250,0,3.0,2.5452396439981047,0.004210903397866696,3.0632755161219434,3.1292344429295933,0.096,9.6,3.0,2.5452396439981047,2.3318615397798164,1.0201306801950938,-2.318559425920119,0.25,125,126,100.0,0.0,126,0.25,100.0,0.4944159591229926,0.5051976782162306,0.4944159591229926,0.5051976782162306,0.16986752261999305,0.021563438186476103,17.599999999999998,5.984286635324408,5.981456810328519,0.3128383104121796,0.29728153618356795,11.184091950090787,1.041533107542928,-1.0378572424111772,1.2661477559547156,100.0,0.5,1.0,100.0,0.5069713413247049,0.5449505390295637,1.0,0.0,0.0,6.925230944293054,5.725230944293055,0.05,100.0,82.39999999999999,0.0,12.210002301193347,12.014841576123349
0.0,combined,modest_combined,online,11,1.0,6.0,late_post,10.0,12.0,0.002,1000,1000,0,3.0,4.021692112096542,0.00423856173859657,4.206377385215966,4.216520407448317,1.0,100.0,3.0,4.021692112096542,3.9820743980466324,0.5631082781500273,-3.978222366629088,0.25,125,876,0.0,,0,0.0,100.0,0.5081804198166346,0.5081804198166346,0.5081804198166346,0.5081804198166346,0.0,0.0,0.0,5.984317976910444,5.980276415436066,0.3131950037834472,0.2574466402349281,11.804754020550963,0.3748189525717711,-0.3663405465430793,0.6371386715400958,100.0,0.5,1.0,100.0,0.25735479705763387,0.3441173341867765,1.0,0.0,0.0,5.7357605491760975,4.535760549176098,0.05,100.0,100.0,0.0,12.169997000292058,12.057349187576827
0.0,combined,modest_combined,online,11,1.0,8.0,post,8.0,12.0,0.002,2000,2000,0,3.0,1.2232721525844001,0.00257222266217392,1.7919482954203918,2.7702047055677324,0.0,0.0,3.0,1.2232721525844001,0.8808063372182395,0.8488668656536552,-0.6600540365236223,0.25,125,1876,100.0,0.0,1876,3.75,100.0,0.524452245498607,0.6657917745640765,0.5246288182453694,0.6657917745640765,0.15204048147321458,0.03501895211331308,78.05,7.979090635880593,7.204688988337369,0.4175933383779296,0.2917485193526418,11.790284377009536,0.7738456094839845,-0.6891244072535833,0.9064561029032948,100.0,0.5,1.0,100.0,0.3304369960238611,0.5765802340696243,1.0,0.0,0.0,5.677792677799835,4.477792677799836,0.05,100.0,25.75,0.0,12.222127350745668,12.00388275822952
0.0,combined,modest_combined,online,11,1.0,8.0,early_post,8.0,8.5,0.002,250,250,0,3.0,1.6905398699494458,0.004683829581038988,2.621904727585876,2.7702047055677324,0.0,0.0,3.0,1.6905398699494458,1.4556070601047206,0.8597285260255014,-1.3737573385967934,0.25,125,126,100.0,0.0,126,0.25,100.0,0.524452245498607,0.5505085314002909,0.5246288182453694,0.5505574776108669,0.15204048147321458,0.052210464224519804,100.0,6.575966580000808,6.489572765124593,0.34325707300034164,0.32262099794499266,11.200551202355685,1.0402619158864108,-1.0356001851801055,1.2674768985511113,100.0,0.5,1.0,100.0,0.5255041418405332,0.5765802340696243,1.0,0.0,0.0,6.911286990207701,5.711286990207702,0.05,100.0,0.0,0.0,12.222127350745668,12.018427775950816
0.0,combined,modest_combined,online,11,1.0,8.0,late_post,10.0,12.0,0.002,1000,1000,0,3.0,1.051898963544877,0.0020287162444871843,1.7156673379350094,1.7814981365183309,0.0,0.0,3.0,1.051898963544877,0.6920232182552372,0.7922091232133416,-0.39918435263803437,0.25,125,876,100.0,0.0,876,1.75,100.0,0.5942819746926242,0.6657917745640765,0.5944474246290671,0.6657917745640765,0.13735938852221796,0.035123039629617554,56.10000000000001,7.979090635880593,7.80928352363066,0.4175933383779296,0.3377466698048395,11.790284377009536,0.3705050030032258,-0.362404917718031,0.6366980755232267,100.0,0.5,1.0,100.0,0.28018749166659385,0.3839539713255503,1.0,0.0,0.0,5.763119372379714,4.563119372379715,0.05,100.0,51.5,0.0,12.172517522323774,12.060844220385004
0.0,no_bias,modest_combined,online,11,1.0,6.0,post,8.0,12.0,0.002,2000,2000,0,3.0,4.132423983430001,0.00501075145121574,5.190825952132589,5.203258694377017,0.7165,71.65,3.0,4.132423983430001,4.040161348611115,0.8683457007530438,-3.8968738163362207,0.25,125,1876,30.06396588486141,0.2900000000000009,564,1.1260000000000001,100.0,0.5006093503727341,0.5091198732339843,0.5006093503727341,0.5091198732339843,0.20255255985146547,0.0021276307153125502,1.35,5.984317976910444,5.979554920177257,0.3131950037834472,0.2411023611547919,12.581262736958287,0.38123437489181355,0.047506094939069474,0.15849073693516919,100.0,0.5,1.0,100.0,0.3032125852482415,0.5299094036671125,1.0,0.0,0.0,5.404218644288477,4.204218644288478,0.05,100.0,98.65,0.0,12.169648494274558,11.992547894454049
0.0,no_bias,modest_combined,online,11,1.0,6.0,early_post,8.0,8.5,0.002,250,250,0,3.0,3.361133096593413,0.004871912521643816,3.8589480279501376,3.917053579581607,0.824,82.39999999999999,3.0,3.361133096593413,3.0876002683019106,1.3281341333606318,-3.078474603320643,0.25,125,126,0.0,,0,0.0,100.0,0.5006093503727341,0.506947252578264,0.5006093503727341,0.506947252578264,0.20255255985146547,0.012675804411059755,7.6,5.984286635324408,5.982340511494875,0.3128383104121796,0.2973251574057259,11.872348639655135,0.3511467878475761,-0.34118834937811743,0.5343095700167987,100.0,0.5,1.0,100.0,0.49520224711290856,0.5299094036671125,1.0,0.0,0.0,6.771323672180906,5.571323672180907,0.05,100.0,92.4,0.0,12.162159013497883,11.97967228321849
0.0,no_bias,modest_combined,online,11,1.0,6.0,late_post,10.0,12.0,0.002,1000,1000,0,3.0,4.99659976255133,0.00539920202646938,5.196512958183944,5.203258694377017,1.0,100.0,3.0,4.99659976255133,4.897709738096482,0.9891655617149742,-4.893309043782775,0.25,125,876,0.0,,0,0.0,100.0,0.5091198732339843,0.5091198732339843,0.5091198732339843,0.5091198732339843,0.0,0.0,0.0,5.984317976910444,5.980276415436066,0.3131950037834472,0.2574466402349281,12.581262736958287,0.409337173886128,0.4000112801045505,-0.13116889852938052,100.0,0.5,1.0,100.0,0.24839420079409463,0.334225525982388,1.0,0.0,0.0,5.463344896651407,4.263344896651407,0.05,100.0,100.0,0.0,12.169648494274558,12.05539344415498
0.0,no_bias,modest_combined,online,11,1.0,8.0,post,8.0,12.0,0.002,2000,2000,0,3.0,1.411035730745816,0.0026609995776323133,2.0319732231870833,3.277905269151007,0.01,1.0,3.0,1.411035730745816,1.16669169681544,0.7936323569659246,-1.09340601300395,0.25,125,1876,100.0,0.0,1876,3.75,98.75,0.5438586360523892,0.6682856911912917,0.5440862382784173,0.6682856911912917,0.17650736738528128,0.03110676378472563,58.95,7.979090635880593,7.440433141837242,0.4175933383779296,0.30016406887685765,12.563678946107986,0.3842924168547476,0.05398235603822138,0.15371198213215445,100.0,0.5,1.0,100.0,0.32152938606905507,0.5743668694039736,1.0,0.0,0.0,5.415192406781843,4.215192406781844,0.05,100.0,39.800000000000004,0.05,12.185708706087398,11.994245400750184
0.0,no_bias,modest_combined,online,11,1.0,8.0,early_post,8.0,8.5,0.002,250,250,0,3.0,2.0286392740412675,0.0053178823391025224,3.102577272181639,3.277905269151007,0.08,8.0,3.0,2.0286392740412675,1.7315959588114895,1.05685984861305,-1.639649371808611,0.25,125,126,100.0,0.0,126,0.25,100.0,0.5438586360523892,0.577991401874324,0.5440862382784173,0.5780740463568311,0.17650736738528128,0.06843082060888395,100.0,6.878413834962249,6.757515335722533,0.3595262435611892,0.33599395234964435,11.898533332119095,0.3536197411300975,-0.33966249980729757,0.5368581186208894,100.0,0.5,1.0,100.0,0.5210227204760378,0.5743668694039736,1.0,0.0,0.0,6.74825056505801,5.5482505650580105,0.05,100.0,0.0,0.0,12.185708706087398,11.9837466813934
0.0,no_bias,modest_combined,online,11,1.0,8.0,late_post,10.0,12.0,0.002,1000,1000,0,3.0,1.3024558684775236,0.0016593136586622464,1.792642201833504,1.8542609213733894,0.0,0.0,3.0,1.3024558684775236,1.153201073633675,0.6054077742329375,-1.1360967487986577,0.25,125,876,100.0,0.0,876,1.75,97.5,0.630010992749255,0.6682856911912917,0.6301878279266401,0.6682856911912917,0.1482353112121082,0.01913734922101834,17.9,7.979090635880593,7.9329910198166615,0.4175933383779296,0.34218312607324497,12.563678946107986,0.41543081602348525,0.40729571244565443,-0.1341194496685839,100.0,0.5,1.0,100.0,0.26747336066326327,0.3676228528802244,1.0,0.0,0.0,5.5029990419564205,4.302999041956421,0.05,100.0,79.60000000000001,0.1,12.170885011748846,12.05972732535688
15.0,combined,modest_combined,online,11,1.0,6.0,post,8.0,12.0,0.002,2000,2000,0,3.0,3.3183299809868836,0.003994381526470877,4.319374158292466,4.338757270406675,0.588,58.8,3.0,3.3183299809868836,3.2511124237663362,0.6645162682347137,-3.087794325709025,0.25,125,1876,43.81663113006397,0.11800000000000033,822,1.6420000000000001,100.0,0.4914994396839499,0.5107687596170797,0.4914994396839499,0.5107687596170797,0.19028403066939648,0.00481732998328245,4.3999999999999995,5.984317976910445,5.979346328894835,0.3131950037834474,0.241092001934539,11.828149804524852,0.8020661430764406,-0.7176613639772822,0.8990547451036495,100.0,0.5,1.0,100.0,0.4311951404836097,0.7750636624852568,1.0,0.0,0.0,5.622490524736863,4.4224905247368635,0.05,100.0,95.6,0.0,12.339245694729273,11.981920896594067
15.0,combined,modest_combined,online,11,1.0,6.0,early_post,8.0,8.5,0.002,250,250,0,3.0,2.984862937093692,0.004375150015862132,3.4304212786960724,3.4632780795791525,0.48,48.0,3.0,2.984862937093692,2.803002221701461,1.0259557974748517,-2.790725865259952,0.25,125,126,53.17460317460318,0.11800000000000033,67,0.132,100.0,0.4914994396839499,0.5022394220258487,0.4914994396839499,0.5022394220258487,0.19028403066939648,0.021479964683797648,14.799999999999999,5.984286635324408,5.9818402762070715,0.3128383104121798,0.29729987353209936,11.295461936601718,0.9447308929178593,-0.9392269857049514,1.2610879048817858,100.0,0.5,1.0,100.0,0.7375614279642855,0.7750636624852568,1.0,0.0,0.0,7.470763841986825,6.270763841986826,0.05,100.0,85.2,0.0,12.339245694729273,12.122388434644535
15.0,combined,modest_combined,online,11,1.0,6.0,late_post,10.0,12.0,0.002,1000,1000,0,3.0,4.059466499671371,0.004132924378978288,4.330244350789402,4.338757270406675,1.0,100.0,3.0,4.059466499671371,4.00889432770859,0.6387758066959255,-4.001623688816045,0.25,125,876,0.0,,0,0.0,100.0,0.5107687596170797,0.5107687596170797,0.5107687596170797,0.5107687596170797,0.0,0.0,0.0,5.984317976910445,5.980276415436067,0.3131950037834474,0.2574466402349282,11.828149804524852,0.4065242701178752,-0.38783413099667824,0.6253773061343684,100.0,0.5,1.0,100.0,0.3685381411716389,0.48957824860259364,1.0,0.0,0.0,5.622490524736863,4.4224905247368635,0.05,100.0,100.0,0.0,12.227319051468502,12.03807069060539
15.0,combined,modest_combined,online,11,1.0,8.0,post,8.0,12.0,0.002,2000,2000,0,3.0,1.2640303047829278,0.002633473414366785,1.93898688830568,2.956581735028438,0.0,0.0,3.0,1.2640303047829278,0.9489390672916692,0.8350372793937035,-0.6705907838668563,0.25,125,1876,100.0,0.0,1876,3.75,100.0,0.5273625078266438,0.6671152918259303,0.5275728725550789,0.6671152918259303,0.16751751890958788,0.03430723260328428,76.14999999999999,7.979090635880593,7.2178230437419195,0.41759333837792967,0.29301078425084454,11.811942734896029,0.8005969789974078,-0.7145099384093553,0.8971671962605969,100.0,0.5,1.0,100.0,0.45065028550050656,0.8196554582217601,1.0,0.0,0.0,5.641899403411826,4.441899403411827,0.05,100.0,29.299999999999997,0.0,12.371300280586544,11.983184773318943
15.0,combined,modest_combined,online,11,1.0,8.0,early_post,8.0,8.5,0.002,250,250,0,3.0,1.8796537334031664,0.004873552285858665,2.8266991859116626,2.956581735028438,0.0,0.0,3.0,1.8796537334031664,1.6965391148208326,0.8092299978247269,-1.6046922221212854,0.25,125,126,100.0,0.0,126,0.25,100.0,0.5273625078266438,0.5598175858639486,0.5275728725550789,0.5598827205028967,0.16751751890958788,0.06504042535250565,100.0,6.729335611431227,6.632378704116384,0.35026956692819355,0.32974515907817104,11.32452765568002,0.945440446718937,-0.9378040120454126,1.2641644030391208,100.0,0.5,1.0,100.0,0.7684822339843628,0.8196554582217601,1.0,0.0,0.0,7.452780411017595,6.2527804110175955,0.05,100.0,0.0,0.0,12.371300280586544,12.126887906461409
15.0,combined,modest_combined,online,11,1.0,8.0,late_post,10.0,12.0,0.002,1000,1000,0,3.0,1.0706723366572368,0.00205953006654924,1.888301245634166,1.9377652025053071,0.0,0.0,3.0,1.0706723366572368,0.7844795187238549,0.7286502159375622,-0.4442370131442649,0.25,125,876,100.0,0.0,876,1.75,100.0,0.5930525796756365,0.6671152918259303,0.5932341816091493,0.6671152918259303,0.14753615014434507,0.035769429282072225,52.300000000000004,7.979090635880593,7.8035465210886885,0.41759333837792967,0.33768908896366534,11.811942734896029,0.40151464569888373,-0.38239520941790456,0.625017962645808,100.0,0.5,1.0,100.0,0.3941547799905581,0.5476487425216118,1.0,0.0,0.0,5.641899403411826,4.441899403411827,0.05,100.0,58.599999999999994,0.0,12.233474642638287,12.043150268695605
15.0,no_bias,modest_combined,online,11,1.0,6.0,post,8.0,12.0,0.002,2000,2000,0,3.0,4.183927734058911,0.005016281865020572,5.310717348387993,5.321250784160612,0.7395,73.95,3.0,4.183927734058911,4.084091918576485,0.90853975391591,-3.941216888426643,0.25,125,1876,27.452025586353944,0.484,515,1.028,100.0,0.49668316916959865,0.511493616006343,0.49668316916959865,0.511493616006343,0.21657429963381492,0.0037026117091860937,2.35,5.984317976910445,5.979506318920494,0.3131950037834474,0.2410999218326225,12.603163812446335,0.3834991933778107,0.02287983417828542,0.14890658061885395,100.0,0.5,1.0,100.0,0.42158420447864947,0.7624391113937977,1.0,0.0,0.0,5.352592768625452,4.1525927686254525,0.05,100.0,97.65,0.0,12.291256675735859,11.972313930264837
15.0,no_bias,modest_combined,online,11,1.0,6.0,early_post,8.0,8.5,0.002,250,250,0,3.0,3.796649973053417,0.005046000604674512,4.229687512802173,4.257023852644708,1.0,100.0,3.0,3.796649973053417,3.551185213202947,1.3429946386398017,-3.542222193758435,0.25,125,126,0.0,,0,0.0,100.0,0.49668316916959865,0.5035411454356,0.49668316916959865,0.5035411454356,0.21657429963381492,0.01371595253200275,7.199999999999999,5.984286635324408,5.982330156073245,0.3128383104121798,0.2973241973432021,11.984593136184522,0.2608223109633534,-0.241993399547474,0.529101512489352,100.0,0.5,1.0,100.0,0.7265821870033482,0.7624391113937977,1.0,0.0,0.0,7.350513330052086,6.150513330052087,0.05,100.0,92.80000000000001,0.0,12.291256675735859,12.087635628409577
15.0,no_bias,modest_combined,online,11,1.0,6.0,late_post,10.0,12.0,0.002,1000,1000,0,3.0,5.031296997836905,0.005288829559632005,5.3160060069096655,5.321250784160612,1.0,100.0,3.0,5.031296997836905,4.922853381195666,1.0389726019934584,-4.915573847048614,0.25,125,876,0.0,,0,0.0,100.0,0.511493616006343,0.511493616006343,0.511493616006343,0.511493616006343,0.0,0.0,0.0,5.984317976910445,5.980276415436067,0.3131950037834474,0.2574466402349282,12.603163812446335,0.39894857680079115,0.3773846118241945,-0.14286235862791005,100.0,0.5,1.0,100.0,0.35907391039560105,0.4697611785901673,1.0,0.0,0.0,5.352592768625452,4.1525927686254525,0.05,100.0,100.0,0.0,12.226143252896891,12.035049768663983
15.0,no_bias,modest_combined,online,11,1.0,8.0,post,8.0,12.0,0.002,2000,2000,0,3.0,1.466833908186656,0.0027127655996522456,2.2690286103204333,3.4605731814499876,0.0185,1.8499999999999999,3.0,1.466833908186656,1.2310605237750885,0.797553572500772,-1.110113465116755,0.25,125,1876,100.0,0.0,1876,3.75,98.75,0.5465285266740122,0.6716853564729908,0.5467897535359203,0.6716853564729908,0.1920714798711587,0.031289207449744644,59.099999999999994,7.979090635880593,7.450273142951005,0.41759333837792967,0.3012747827574166,12.584828269955192,0.38816535055150886,0.02840444434686529,0.1444541526443769,100.0,0.5,1.0,100.0,0.4419171573674762,0.8197939331862931,1.0,0.0,0.0,5.3751710418699155,4.175171041869916,0.05,100.0,39.65,0.05,12.336971021044077,11.973386112458941
15.0,no_bias,modest_combined,online,11,1.0,8.0,early_post,8.0,8.5,0.002,250,250,0,3.0,2.219611635411225,0.0054776266324693505,3.3061773939691284,3.4605731814499876,0.148,14.799999999999999,3.0,2.219611635411225,1.9758401062726942,1.0113019759187665,-1.873933358035232,0.25,125,126,100.0,0.0,126,0.25,100.0,0.5465285266740122,0.5871428945507318,0.5467897535359203,0.587229545151379,0.1920714798711587,0.08140203695473369,100.0,7.031645279050672,6.900331024641243,0.3664732895578242,0.34311846346230584,12.024146277915547,0.27006020202170206,-0.24206817360501331,0.533568327961259,100.0,0.5,1.0,100.0,0.7671261576550793,0.8197939331862931,1.0,0.0,0.0,7.322966770625936,6.122966770625936,0.05,100.0,0.0,0.0,12.336971021044077,12.092027669823946
15.0,no_bias,modest_combined,online,11,1.0,8.0,late_post,10.0,12.0,0.002,1000,1000,0,3.0,1.3516618229754005,0.0016733625786691287,1.962898382183713,2.0082393743588933,0.0,0.0,3.0,1.3516618229754005,1.2235591712355465,0.5743628105775699,-1.189772634541698,0.25,125,876,100.0,0.0,876,1.75,97.5,0.629022041959425,0.6716853564729908,0.6292152314351425,0.6716853564729908,0.16082276207524115,0.021331657256782873,18.2,7.979090635880593,7.922171627694912,0.41759333837792967,0.3418764016430732,12.584828269955192,0.4064710742356814,0.38681613344334803,-0.14573549643495204,100.0,0.5,1.0,100.0,0.379288737929121,0.5243382353610954,1.0,0.0,0.0,5.3751710418699155,4.175171041869916,0.05,100.0,79.3,0.1,12.23129937674962,12.041608152476096
